=== 03:46:41
rule 17 | compiling | - attempts | The invoice's issuer_nif, normalised (uppercase, no spaces/h
rule 18 | compiling | - attempts | The invoice's iban, normalised (uppercase, no spaces), must 
rule 19 | compiling | - attempts | The invoice's purchase_order, normalised (uppercase, no spac
rule 20 | compiling | - attempts | The orders row for the invoice's purchase_order must have or
rule 21 | compiling | - attempts | The invoice's total must match the orders.total_amount of th
rule 22 | compiling | - attempts | The invoice's vat_amount must match base * vat_rate / 100 wi
rule 23 | compiling | - attempts | The invoice's total must match base + vat_amount within ±0.0
rule 24 | compiling | - attempts | The invoice's date must be a valid calendar date: it must pa
rule 25 | compiling | - attempts | The invoice's date must not be later than parameters.cut_off
rule 26 | compiling | - attempts | The erp entry for the invoice's purchase_order (erp.purchase
rule 27 | compiling | - attempts | No erp entry (in the erp source or in others) with the same 
=== 03:46:51
rule 17 | compiling | - attempts | The invoice's issuer_nif, normalised (uppercase, no spaces/h
rule 18 | compiling | - attempts | The invoice's iban, normalised (uppercase, no spaces), must 
rule 19 | compiling | - attempts | The invoice's purchase_order, normalised (uppercase, no spac
rule 20 | compiling | - attempts | The orders row for the invoice's purchase_order must have or
rule 21 | compiling | - attempts | The invoice's total must match the orders.total_amount of th
rule 22 | compiling | - attempts | The invoice's vat_amount must match base * vat_rate / 100 wi
rule 23 | compiling | - attempts | The invoice's total must match base + vat_amount within ±0.0
rule 24 | compiling | - attempts | The invoice's date must be a valid calendar date: it must pa
rule 25 | compiling | - attempts | The invoice's date must not be later than parameters.cut_off
rule 26 | compiling | - attempts | The erp entry for the invoice's purchase_order (erp.purchase
rule 27 | compiling | - attempts | No erp entry (in the erp source or in others) with the same 
=== 03:47:02
rule 17 | active | 1 attempts | The invoice's issuer_nif, normalised (uppercase, no spaces/h
rule 18 | compiling | - attempts | The invoice's iban, normalised (uppercase, no spaces), must 
rule 19 | compiling | - attempts | The invoice's purchase_order, normalised (uppercase, no spac
rule 20 | compiling | - attempts | The orders row for the invoice's purchase_order must have or
rule 21 | compiling | - attempts | The invoice's total must match the orders.total_amount of th
rule 22 | compiling | - attempts | The invoice's vat_amount must match base * vat_rate / 100 wi
rule 23 | compiling | - attempts | The invoice's total must match base + vat_amount within ±0.0
rule 24 | compiling | - attempts | The invoice's date must be a valid calendar date: it must pa
rule 25 | compiling | - attempts | The invoice's date must not be later than parameters.cut_off
rule 26 | compiling | - attempts | The erp entry for the invoice's purchase_order (erp.purchase
rule 27 | compiling | - attempts | No erp entry (in the erp source or in others) with the same 
=== 03:47:12
rule 17 | active | 1 attempts | The invoice's issuer_nif, normalised (uppercase, no spaces/h
rule 18 | compiling | - attempts | The invoice's iban, normalised (uppercase, no spaces), must 
rule 19 | active | 1 attempts | The invoice's purchase_order, normalised (uppercase, no spac
rule 20 | compiling | - attempts | The orders row for the invoice's purchase_order must have or
rule 21 | active | 1 attempts | The invoice's total must match the orders.total_amount of th
rule 22 | compiling | - attempts | The invoice's vat_amount must match base * vat_rate / 100 wi
rule 23 | compiling | - attempts | The invoice's total must match base + vat_amount within ±0.0
rule 24 | compiling | - attempts | The invoice's date must be a valid calendar date: it must pa
rule 25 | compiling | - attempts | The invoice's date must not be later than parameters.cut_off
rule 26 | compiling | - attempts | The erp entry for the invoice's purchase_order (erp.purchase
rule 27 | compiling | - attempts | No erp entry (in the erp source or in others) with the same 
=== 03:47:22
rule 17 | active | 1 attempts | The invoice's issuer_nif, normalised (uppercase, no spaces/h
rule 18 | compiling | - attempts | The invoice's iban, normalised (uppercase, no spaces), must 
rule 19 | active | 1 attempts | The invoice's purchase_order, normalised (uppercase, no spac
rule 20 | compiling | - attempts | The orders row for the invoice's purchase_order must have or
rule 21 | active | 1 attempts | The invoice's total must match the orders.total_amount of th
rule 22 | compiling | - attempts | The invoice's vat_amount must match base * vat_rate / 100 wi
rule 23 | compiling | - attempts | The invoice's total must match base + vat_amount within ±0.0
rule 24 | compiling | - attempts | The invoice's date must be a valid calendar date: it must pa
rule 25 | compiling | - attempts | The invoice's date must not be later than parameters.cut_off
rule 26 | compiling | - attempts | The erp entry for the invoice's purchase_order (erp.purchase
rule 27 | compiling | - attempts | No erp entry (in the erp source or in others) with the same 
=== 03:47:32
rule 17 | active | 1 attempts | The invoice's issuer_nif, normalised (uppercase, no spaces/h
rule 18 | compiling | - attempts | The invoice's iban, normalised (uppercase, no spaces), must 
rule 19 | active | 1 attempts | The invoice's purchase_order, normalised (uppercase, no spac
rule 20 | compiling | - attempts | The orders row for the invoice's purchase_order must have or
rule 21 | active | 1 attempts | The invoice's total must match the orders.total_amount of th
rule 22 | compiling | - attempts | The invoice's vat_amount must match base * vat_rate / 100 wi
rule 23 | compiling | - attempts | The invoice's total must match base + vat_amount within ±0.0
rule 24 | active | 1 attempts | The invoice's date must be a valid calendar date: it must pa
rule 25 | compiling | - attempts | The invoice's date must not be later than parameters.cut_off
rule 26 | compiling | - attempts | The erp entry for the invoice's purchase_order (erp.purchase
rule 27 | compiling | - attempts | No erp entry (in the erp source or in others) with the same 
=== 03:47:42
rule 17 | active | 1 attempts | The invoice's issuer_nif, normalised (uppercase, no spaces/h
rule 18 | compiling | - attempts | The invoice's iban, normalised (uppercase, no spaces), must 
rule 19 | active | 1 attempts | The invoice's purchase_order, normalised (uppercase, no spac
rule 20 | compiling | - attempts | The orders row for the invoice's purchase_order must have or
rule 21 | active | 1 attempts | The invoice's total must match the orders.total_amount of th
rule 22 | compiling | - attempts | The invoice's vat_amount must match base * vat_rate / 100 wi
rule 23 | compiling | - attempts | The invoice's total must match base + vat_amount within ±0.0
rule 24 | active | 1 attempts | The invoice's date must be a valid calendar date: it must pa
rule 25 | compiling | - attempts | The invoice's date must not be later than parameters.cut_off
rule 26 | compiling | - attempts | The erp entry for the invoice's purchase_order (erp.purchase
rule 27 | compiling | - attempts | No erp entry (in the erp source or in others) with the same 
=== 03:47:52
rule 17 | active | 1 attempts | The invoice's issuer_nif, normalised (uppercase, no spaces/h
rule 18 | compiling | - attempts | The invoice's iban, normalised (uppercase, no spaces), must 
rule 19 | active | 1 attempts | The invoice's purchase_order, normalised (uppercase, no spac
rule 20 | compiling | - attempts | The orders row for the invoice's purchase_order must have or
rule 21 | active | 1 attempts | The invoice's total must match the orders.total_amount of th
rule 22 | compiling | - attempts | The invoice's vat_amount must match base * vat_rate / 100 wi
rule 23 | compiling | - attempts | The invoice's total must match base + vat_amount within ±0.0
rule 24 | active | 1 attempts | The invoice's date must be a valid calendar date: it must pa
rule 25 | compiling | - attempts | The invoice's date must not be later than parameters.cut_off
rule 26 | compiling | - attempts | The erp entry for the invoice's purchase_order (erp.purchase
rule 27 | compiling | - attempts | No erp entry (in the erp source or in others) with the same 
=== 03:48:03
rule 17 | active | 1 attempts | The invoice's issuer_nif, normalised (uppercase, no spaces/h
rule 18 | compiling | - attempts | The invoice's iban, normalised (uppercase, no spaces), must 
rule 19 | active | 1 attempts | The invoice's purchase_order, normalised (uppercase, no spac
rule 20 | compiling | - attempts | The orders row for the invoice's purchase_order must have or
rule 21 | active | 1 attempts | The invoice's total must match the orders.total_amount of th
rule 22 | active | 1 attempts | The invoice's vat_amount must match base * vat_rate / 100 wi
rule 23 | active | 1 attempts | The invoice's total must match base + vat_amount within ±0.0
rule 24 | active | 1 attempts | The invoice's date must be a valid calendar date: it must pa
rule 25 | active | 1 attempts | The invoice's date must not be later than parameters.cut_off
rule 26 | compiling | - attempts | The erp entry for the invoice's purchase_order (erp.purchase
rule 27 | compiling | - attempts | No erp entry (in the erp source or in others) with the same 
=== 03:48:13
rule 17 | active | 1 attempts | The invoice's issuer_nif, normalised (uppercase, no spaces/h
rule 18 | compiling | - attempts | The invoice's iban, normalised (uppercase, no spaces), must 
rule 19 | active | 1 attempts | The invoice's purchase_order, normalised (uppercase, no spac
rule 20 | compiling | - attempts | The orders row for the invoice's purchase_order must have or
rule 21 | active | 1 attempts | The invoice's total must match the orders.total_amount of th
rule 22 | active | 1 attempts | The invoice's vat_amount must match base * vat_rate / 100 wi
rule 23 | active | 1 attempts | The invoice's total must match base + vat_amount within ±0.0
rule 24 | active | 1 attempts | The invoice's date must be a valid calendar date: it must pa
rule 25 | active | 1 attempts | The invoice's date must not be later than parameters.cut_off
rule 26 | compiling | - attempts | The erp entry for the invoice's purchase_order (erp.purchase
rule 27 | compiling | - attempts | No erp entry (in the erp source or in others) with the same 
=== 03:48:23
rule 17 | active | 1 attempts | The invoice's issuer_nif, normalised (uppercase, no spaces/h
rule 18 | active | 1 attempts | The invoice's iban, normalised (uppercase, no spaces), must 
rule 19 | active | 1 attempts | The invoice's purchase_order, normalised (uppercase, no spac
rule 20 | compiling | - attempts | The orders row for the invoice's purchase_order must have or
rule 21 | active | 1 attempts | The invoice's total must match the orders.total_amount of th
rule 22 | active | 1 attempts | The invoice's vat_amount must match base * vat_rate / 100 wi
rule 23 | active | 1 attempts | The invoice's total must match base + vat_amount within ±0.0
rule 24 | active | 1 attempts | The invoice's date must be a valid calendar date: it must pa
rule 25 | active | 1 attempts | The invoice's date must not be later than parameters.cut_off
rule 26 | compiling | - attempts | The erp entry for the invoice's purchase_order (erp.purchase
rule 27 | compiling | - attempts | No erp entry (in the erp source or in others) with the same 
=== 03:48:33
rule 17 | active | 1 attempts | The invoice's issuer_nif, normalised (uppercase, no spaces/h
rule 18 | active | 1 attempts | The invoice's iban, normalised (uppercase, no spaces), must 
rule 19 | active | 1 attempts | The invoice's purchase_order, normalised (uppercase, no spac
rule 20 | compiling | - attempts | The orders row for the invoice's purchase_order must have or
rule 21 | active | 1 attempts | The invoice's total must match the orders.total_amount of th
rule 22 | active | 1 attempts | The invoice's vat_amount must match base * vat_rate / 100 wi
rule 23 | active | 1 attempts | The invoice's total must match base + vat_amount within ±0.0
rule 24 | active | 1 attempts | The invoice's date must be a valid calendar date: it must pa
rule 25 | active | 1 attempts | The invoice's date must not be later than parameters.cut_off
rule 26 | compiling | - attempts | The erp entry for the invoice's purchase_order (erp.purchase
rule 27 | compiling | - attempts | No erp entry (in the erp source or in others) with the same 
=== 03:48:43
rule 17 | active | 1 attempts | The invoice's issuer_nif, normalised (uppercase, no spaces/h
rule 18 | active | 1 attempts | The invoice's iban, normalised (uppercase, no spaces), must 
rule 19 | active | 1 attempts | The invoice's purchase_order, normalised (uppercase, no spac
rule 20 | compiling | - attempts | The orders row for the invoice's purchase_order must have or
rule 21 | active | 1 attempts | The invoice's total must match the orders.total_amount of th
rule 22 | active | 1 attempts | The invoice's vat_amount must match base * vat_rate / 100 wi
rule 23 | active | 1 attempts | The invoice's total must match base + vat_amount within ±0.0
rule 24 | active | 1 attempts | The invoice's date must be a valid calendar date: it must pa
rule 25 | active | 1 attempts | The invoice's date must not be later than parameters.cut_off
rule 26 | active | 1 attempts | The erp entry for the invoice's purchase_order (erp.purchase
rule 27 | compiling | - attempts | No erp entry (in the erp source or in others) with the same 
=== 03:48:53
rule 17 | active | 1 attempts | The invoice's issuer_nif, normalised (uppercase, no spaces/h
rule 18 | active | 1 attempts | The invoice's iban, normalised (uppercase, no spaces), must 
rule 19 | active | 1 attempts | The invoice's purchase_order, normalised (uppercase, no spac
rule 20 | compiling | - attempts | The orders row for the invoice's purchase_order must have or
rule 21 | active | 1 attempts | The invoice's total must match the orders.total_amount of th
rule 22 | active | 1 attempts | The invoice's vat_amount must match base * vat_rate / 100 wi
rule 23 | active | 1 attempts | The invoice's total must match base + vat_amount within ±0.0
rule 24 | active | 1 attempts | The invoice's date must be a valid calendar date: it must pa
rule 25 | active | 1 attempts | The invoice's date must not be later than parameters.cut_off
rule 26 | active | 1 attempts | The erp entry for the invoice's purchase_order (erp.purchase
rule 27 | compiling | - attempts | No erp entry (in the erp source or in others) with the same 
=== 03:49:04
rule 17 | active | 1 attempts | The invoice's issuer_nif, normalised (uppercase, no spaces/h
rule 18 | active | 1 attempts | The invoice's iban, normalised (uppercase, no spaces), must 
rule 19 | active | 1 attempts | The invoice's purchase_order, normalised (uppercase, no spac
rule 20 | compiling | - attempts | The orders row for the invoice's purchase_order must have or
rule 21 | active | 1 attempts | The invoice's total must match the orders.total_amount of th
rule 22 | active | 1 attempts | The invoice's vat_amount must match base * vat_rate / 100 wi
rule 23 | active | 1 attempts | The invoice's total must match base + vat_amount within ±0.0
rule 24 | active | 1 attempts | The invoice's date must be a valid calendar date: it must pa
rule 25 | active | 1 attempts | The invoice's date must not be later than parameters.cut_off
rule 26 | active | 1 attempts | The erp entry for the invoice's purchase_order (erp.purchase
rule 27 | compiling | - attempts | No erp entry (in the erp source or in others) with the same 
=== 03:49:14
rule 17 | active | 1 attempts | The invoice's issuer_nif, normalised (uppercase, no spaces/h
rule 18 | active | 1 attempts | The invoice's iban, normalised (uppercase, no spaces), must 
rule 19 | active | 1 attempts | The invoice's purchase_order, normalised (uppercase, no spac
rule 20 | compiling | - attempts | The orders row for the invoice's purchase_order must have or
rule 21 | active | 1 attempts | The invoice's total must match the orders.total_amount of th
rule 22 | active | 1 attempts | The invoice's vat_amount must match base * vat_rate / 100 wi
rule 23 | active | 1 attempts | The invoice's total must match base + vat_amount within ±0.0
rule 24 | active | 1 attempts | The invoice's date must be a valid calendar date: it must pa
rule 25 | active | 1 attempts | The invoice's date must not be later than parameters.cut_off
rule 26 | active | 1 attempts | The erp entry for the invoice's purchase_order (erp.purchase
rule 27 | active | 1 attempts | No erp entry (in the erp source or in others) with the same 
=== 03:49:24
rule 17 | active | 1 attempts | The invoice's issuer_nif, normalised (uppercase, no spaces/h
rule 18 | active | 1 attempts | The invoice's iban, normalised (uppercase, no spaces), must 
rule 19 | active | 1 attempts | The invoice's purchase_order, normalised (uppercase, no spac
rule 20 | compiling | - attempts | The orders row for the invoice's purchase_order must have or
rule 21 | active | 1 attempts | The invoice's total must match the orders.total_amount of th
rule 22 | active | 1 attempts | The invoice's vat_amount must match base * vat_rate / 100 wi
rule 23 | active | 1 attempts | The invoice's total must match base + vat_amount within ±0.0
rule 24 | active | 1 attempts | The invoice's date must be a valid calendar date: it must pa
rule 25 | active | 1 attempts | The invoice's date must not be later than parameters.cut_off
rule 26 | active | 1 attempts | The erp entry for the invoice's purchase_order (erp.purchase
rule 27 | active | 1 attempts | No erp entry (in the erp source or in others) with the same 
=== 03:49:34
rule 17 | active | 1 attempts | The invoice's issuer_nif, normalised (uppercase, no spaces/h
rule 18 | active | 1 attempts | The invoice's iban, normalised (uppercase, no spaces), must 
rule 19 | active | 1 attempts | The invoice's purchase_order, normalised (uppercase, no spac
rule 20 | compiling | - attempts | The orders row for the invoice's purchase_order must have or
rule 21 | active | 1 attempts | The invoice's total must match the orders.total_amount of th
rule 22 | active | 1 attempts | The invoice's vat_amount must match base * vat_rate / 100 wi
rule 23 | active | 1 attempts | The invoice's total must match base + vat_amount within ±0.0
rule 24 | active | 1 attempts | The invoice's date must be a valid calendar date: it must pa
rule 25 | active | 1 attempts | The invoice's date must not be later than parameters.cut_off
rule 26 | active | 1 attempts | The erp entry for the invoice's purchase_order (erp.purchase
rule 27 | active | 1 attempts | No erp entry (in the erp source or in others) with the same 
=== 03:49:44
rule 17 | active | 1 attempts | The invoice's issuer_nif, normalised (uppercase, no spaces/h
rule 18 | active | 1 attempts | The invoice's iban, normalised (uppercase, no spaces), must 
rule 19 | active | 1 attempts | The invoice's purchase_order, normalised (uppercase, no spac
rule 20 | compiling | - attempts | The orders row for the invoice's purchase_order must have or
rule 21 | active | 1 attempts | The invoice's total must match the orders.total_amount of th
rule 22 | active | 1 attempts | The invoice's vat_amount must match base * vat_rate / 100 wi
rule 23 | active | 1 attempts | The invoice's total must match base + vat_amount within ±0.0
rule 24 | active | 1 attempts | The invoice's date must be a valid calendar date: it must pa
rule 25 | active | 1 attempts | The invoice's date must not be later than parameters.cut_off
rule 26 | active | 1 attempts | The erp entry for the invoice's purchase_order (erp.purchase
rule 27 | active | 1 attempts | No erp entry (in the erp source or in others) with the same 
=== 03:49:54
rule 17 | active | 1 attempts | The invoice's issuer_nif, normalised (uppercase, no spaces/h
rule 18 | active | 1 attempts | The invoice's iban, normalised (uppercase, no spaces), must 
rule 19 | active | 1 attempts | The invoice's purchase_order, normalised (uppercase, no spac
rule 20 | compiling | - attempts | The orders row for the invoice's purchase_order must have or
rule 21 | active | 1 attempts | The invoice's total must match the orders.total_amount of th
rule 22 | active | 1 attempts | The invoice's vat_amount must match base * vat_rate / 100 wi
rule 23 | active | 1 attempts | The invoice's total must match base + vat_amount within ±0.0
rule 24 | active | 1 attempts | The invoice's date must be a valid calendar date: it must pa
rule 25 | active | 1 attempts | The invoice's date must not be later than parameters.cut_off
rule 26 | active | 1 attempts | The erp entry for the invoice's purchase_order (erp.purchase
rule 27 | active | 1 attempts | No erp entry (in the erp source or in others) with the same 
=== 03:50:04
rule 17 | active | 1 attempts | The invoice's issuer_nif, normalised (uppercase, no spaces/h
rule 18 | active | 1 attempts | The invoice's iban, normalised (uppercase, no spaces), must 
rule 19 | active | 1 attempts | The invoice's purchase_order, normalised (uppercase, no spac
rule 20 | compiling | - attempts | The orders row for the invoice's purchase_order must have or
rule 21 | active | 1 attempts | The invoice's total must match the orders.total_amount of th
rule 22 | active | 1 attempts | The invoice's vat_amount must match base * vat_rate / 100 wi
rule 23 | active | 1 attempts | The invoice's total must match base + vat_amount within ±0.0
rule 24 | active | 1 attempts | The invoice's date must be a valid calendar date: it must pa
rule 25 | active | 1 attempts | The invoice's date must not be later than parameters.cut_off
rule 26 | active | 1 attempts | The erp entry for the invoice's purchase_order (erp.purchase
rule 27 | active | 1 attempts | No erp entry (in the erp source or in others) with the same 
=== 03:50:15
rule 17 | active | 1 attempts | The invoice's issuer_nif, normalised (uppercase, no spaces/h
rule 18 | active | 1 attempts | The invoice's iban, normalised (uppercase, no spaces), must 
rule 19 | active | 1 attempts | The invoice's purchase_order, normalised (uppercase, no spac
rule 20 | compiling | - attempts | The orders row for the invoice's purchase_order must have or
rule 21 | active | 1 attempts | The invoice's total must match the orders.total_amount of th
rule 22 | active | 1 attempts | The invoice's vat_amount must match base * vat_rate / 100 wi
rule 23 | active | 1 attempts | The invoice's total must match base + vat_amount within ±0.0
rule 24 | active | 1 attempts | The invoice's date must be a valid calendar date: it must pa
rule 25 | active | 1 attempts | The invoice's date must not be later than parameters.cut_off
rule 26 | active | 1 attempts | The erp entry for the invoice's purchase_order (erp.purchase
rule 27 | active | 1 attempts | No erp entry (in the erp source or in others) with the same 
=== 03:50:25
rule 17 | active | 1 attempts | The invoice's issuer_nif, normalised (uppercase, no spaces/h
rule 18 | active | 1 attempts | The invoice's iban, normalised (uppercase, no spaces), must 
rule 19 | active | 1 attempts | The invoice's purchase_order, normalised (uppercase, no spac
rule 20 | compiling | - attempts | The orders row for the invoice's purchase_order must have or
rule 21 | active | 1 attempts | The invoice's total must match the orders.total_amount of th
rule 22 | active | 1 attempts | The invoice's vat_amount must match base * vat_rate / 100 wi
rule 23 | active | 1 attempts | The invoice's total must match base + vat_amount within ±0.0
rule 24 | active | 1 attempts | The invoice's date must be a valid calendar date: it must pa
rule 25 | active | 1 attempts | The invoice's date must not be later than parameters.cut_off
rule 26 | active | 1 attempts | The erp entry for the invoice's purchase_order (erp.purchase
rule 27 | active | 1 attempts | No erp entry (in the erp source or in others) with the same 
=== 03:50:35
rule 17 | active | 1 attempts | The invoice's issuer_nif, normalised (uppercase, no spaces/h
rule 18 | active | 1 attempts | The invoice's iban, normalised (uppercase, no spaces), must 
rule 19 | active | 1 attempts | The invoice's purchase_order, normalised (uppercase, no spac
rule 20 | compiling | - attempts | The orders row for the invoice's purchase_order must have or
rule 21 | active | 1 attempts | The invoice's total must match the orders.total_amount of th
rule 22 | active | 1 attempts | The invoice's vat_amount must match base * vat_rate / 100 wi
rule 23 | active | 1 attempts | The invoice's total must match base + vat_amount within ±0.0
rule 24 | active | 1 attempts | The invoice's date must be a valid calendar date: it must pa
rule 25 | active | 1 attempts | The invoice's date must not be later than parameters.cut_off
rule 26 | active | 1 attempts | The erp entry for the invoice's purchase_order (erp.purchase
rule 27 | active | 1 attempts | No erp entry (in the erp source or in others) with the same 
=== 03:50:45
rule 17 | active | 1 attempts | The invoice's issuer_nif, normalised (uppercase, no spaces/h
rule 18 | active | 1 attempts | The invoice's iban, normalised (uppercase, no spaces), must 
rule 19 | active | 1 attempts | The invoice's purchase_order, normalised (uppercase, no spac
rule 20 | compiling | - attempts | The orders row for the invoice's purchase_order must have or
rule 21 | active | 1 attempts | The invoice's total must match the orders.total_amount of th
rule 22 | active | 1 attempts | The invoice's vat_amount must match base * vat_rate / 100 wi
rule 23 | active | 1 attempts | The invoice's total must match base + vat_amount within ±0.0
rule 24 | active | 1 attempts | The invoice's date must be a valid calendar date: it must pa
rule 25 | active | 1 attempts | The invoice's date must not be later than parameters.cut_off
rule 26 | active | 1 attempts | The erp entry for the invoice's purchase_order (erp.purchase
rule 27 | active | 1 attempts | No erp entry (in the erp source or in others) with the same 
=== 03:50:55
rule 17 | active | 1 attempts | The invoice's issuer_nif, normalised (uppercase, no spaces/h
rule 18 | active | 1 attempts | The invoice's iban, normalised (uppercase, no spaces), must 
rule 19 | active | 1 attempts | The invoice's purchase_order, normalised (uppercase, no spac
rule 20 | compiling | - attempts | The orders row for the invoice's purchase_order must have or
rule 21 | active | 1 attempts | The invoice's total must match the orders.total_amount of th
rule 22 | active | 1 attempts | The invoice's vat_amount must match base * vat_rate / 100 wi
rule 23 | active | 1 attempts | The invoice's total must match base + vat_amount within ±0.0
rule 24 | active | 1 attempts | The invoice's date must be a valid calendar date: it must pa
rule 25 | active | 1 attempts | The invoice's date must not be later than parameters.cut_off
rule 26 | active | 1 attempts | The erp entry for the invoice's purchase_order (erp.purchase
rule 27 | active | 1 attempts | No erp entry (in the erp source or in others) with the same 
=== 03:51:05
rule 17 | active | 1 attempts | The invoice's issuer_nif, normalised (uppercase, no spaces/h
rule 18 | active | 1 attempts | The invoice's iban, normalised (uppercase, no spaces), must 
rule 19 | active | 1 attempts | The invoice's purchase_order, normalised (uppercase, no spac
rule 20 | compiling | - attempts | The orders row for the invoice's purchase_order must have or
rule 21 | active | 1 attempts | The invoice's total must match the orders.total_amount of th
rule 22 | active | 1 attempts | The invoice's vat_amount must match base * vat_rate / 100 wi
rule 23 | active | 1 attempts | The invoice's total must match base + vat_amount within ±0.0
rule 24 | active | 1 attempts | The invoice's date must be a valid calendar date: it must pa
rule 25 | active | 1 attempts | The invoice's date must not be later than parameters.cut_off
rule 26 | active | 1 attempts | The erp entry for the invoice's purchase_order (erp.purchase
rule 27 | active | 1 attempts | No erp entry (in the erp source or in others) with the same 
=== 03:51:16
rule 17 | active | 1 attempts | The invoice's issuer_nif, normalised (uppercase, no spaces/h
rule 18 | active | 1 attempts | The invoice's iban, normalised (uppercase, no spaces), must 
rule 19 | active | 1 attempts | The invoice's purchase_order, normalised (uppercase, no spac
rule 20 | compiling | - attempts | The orders row for the invoice's purchase_order must have or
rule 21 | active | 1 attempts | The invoice's total must match the orders.total_amount of th
rule 22 | active | 1 attempts | The invoice's vat_amount must match base * vat_rate / 100 wi
rule 23 | active | 1 attempts | The invoice's total must match base + vat_amount within ±0.0
rule 24 | active | 1 attempts | The invoice's date must be a valid calendar date: it must pa
rule 25 | active | 1 attempts | The invoice's date must not be later than parameters.cut_off
rule 26 | active | 1 attempts | The erp entry for the invoice's purchase_order (erp.purchase
rule 27 | active | 1 attempts | No erp entry (in the erp source or in others) with the same 
=== 03:51:26
rule 17 | active | 1 attempts | The invoice's issuer_nif, normalised (uppercase, no spaces/h
rule 18 | active | 1 attempts | The invoice's iban, normalised (uppercase, no spaces), must 
rule 19 | active | 1 attempts | The invoice's purchase_order, normalised (uppercase, no spac
rule 20 | compiling | - attempts | The orders row for the invoice's purchase_order must have or
rule 21 | active | 1 attempts | The invoice's total must match the orders.total_amount of th
rule 22 | active | 1 attempts | The invoice's vat_amount must match base * vat_rate / 100 wi
rule 23 | active | 1 attempts | The invoice's total must match base + vat_amount within ±0.0
rule 24 | active | 1 attempts | The invoice's date must be a valid calendar date: it must pa
rule 25 | active | 1 attempts | The invoice's date must not be later than parameters.cut_off
rule 26 | active | 1 attempts | The erp entry for the invoice's purchase_order (erp.purchase
rule 27 | active | 1 attempts | No erp entry (in the erp source or in others) with the same 
=== 03:51:36
rule 17 | active | 1 attempts | The invoice's issuer_nif, normalised (uppercase, no spaces/h
rule 18 | active | 1 attempts | The invoice's iban, normalised (uppercase, no spaces), must 
rule 19 | active | 1 attempts | The invoice's purchase_order, normalised (uppercase, no spac
rule 20 | compiling | - attempts | The orders row for the invoice's purchase_order must have or
rule 21 | active | 1 attempts | The invoice's total must match the orders.total_amount of th
rule 22 | active | 1 attempts | The invoice's vat_amount must match base * vat_rate / 100 wi
rule 23 | active | 1 attempts | The invoice's total must match base + vat_amount within ±0.0
rule 24 | active | 1 attempts | The invoice's date must be a valid calendar date: it must pa
rule 25 | active | 1 attempts | The invoice's date must not be later than parameters.cut_off
rule 26 | active | 1 attempts | The erp entry for the invoice's purchase_order (erp.purchase
rule 27 | active | 1 attempts | No erp entry (in the erp source or in others) with the same 
=== 03:51:46
rule 17 | active | 1 attempts | The invoice's issuer_nif, normalised (uppercase, no spaces/h
rule 18 | active | 1 attempts | The invoice's iban, normalised (uppercase, no spaces), must 
rule 19 | active | 1 attempts | The invoice's purchase_order, normalised (uppercase, no spac
rule 20 | compiling | - attempts | The orders row for the invoice's purchase_order must have or
rule 21 | active | 1 attempts | The invoice's total must match the orders.total_amount of th
rule 22 | active | 1 attempts | The invoice's vat_amount must match base * vat_rate / 100 wi
rule 23 | active | 1 attempts | The invoice's total must match base + vat_amount within ±0.0
rule 24 | active | 1 attempts | The invoice's date must be a valid calendar date: it must pa
rule 25 | active | 1 attempts | The invoice's date must not be later than parameters.cut_off
rule 26 | active | 1 attempts | The erp entry for the invoice's purchase_order (erp.purchase
rule 27 | active | 1 attempts | No erp entry (in the erp source or in others) with the same 
=== 03:51:56
rule 17 | active | 1 attempts | The invoice's issuer_nif, normalised (uppercase, no spaces/h
rule 18 | active | 1 attempts | The invoice's iban, normalised (uppercase, no spaces), must 
rule 19 | active | 1 attempts | The invoice's purchase_order, normalised (uppercase, no spac
rule 20 | compiling | - attempts | The orders row for the invoice's purchase_order must have or
rule 21 | active | 1 attempts | The invoice's total must match the orders.total_amount of th
rule 22 | active | 1 attempts | The invoice's vat_amount must match base * vat_rate / 100 wi
rule 23 | active | 1 attempts | The invoice's total must match base + vat_amount within ±0.0
rule 24 | active | 1 attempts | The invoice's date must be a valid calendar date: it must pa
rule 25 | active | 1 attempts | The invoice's date must not be later than parameters.cut_off
rule 26 | active | 1 attempts | The erp entry for the invoice's purchase_order (erp.purchase
rule 27 | active | 1 attempts | No erp entry (in the erp source or in others) with the same 
=== 03:52:06
rule 17 | active | 1 attempts | The invoice's issuer_nif, normalised (uppercase, no spaces/h
rule 18 | active | 1 attempts | The invoice's iban, normalised (uppercase, no spaces), must 
rule 19 | active | 1 attempts | The invoice's purchase_order, normalised (uppercase, no spac
rule 20 | compiling | - attempts | The orders row for the invoice's purchase_order must have or
rule 21 | active | 1 attempts | The invoice's total must match the orders.total_amount of th
rule 22 | active | 1 attempts | The invoice's vat_amount must match base * vat_rate / 100 wi
rule 23 | active | 1 attempts | The invoice's total must match base + vat_amount within ±0.0
rule 24 | active | 1 attempts | The invoice's date must be a valid calendar date: it must pa
rule 25 | active | 1 attempts | The invoice's date must not be later than parameters.cut_off
rule 26 | active | 1 attempts | The erp entry for the invoice's purchase_order (erp.purchase
rule 27 | active | 1 attempts | No erp entry (in the erp source or in others) with the same 
=== 03:52:17
rule 17 | active | 1 attempts | The invoice's issuer_nif, normalised (uppercase, no spaces/h
rule 18 | active | 1 attempts | The invoice's iban, normalised (uppercase, no spaces), must 
rule 19 | active | 1 attempts | The invoice's purchase_order, normalised (uppercase, no spac
rule 20 | compiling | - attempts | The orders row for the invoice's purchase_order must have or
rule 21 | active | 1 attempts | The invoice's total must match the orders.total_amount of th
rule 22 | active | 1 attempts | The invoice's vat_amount must match base * vat_rate / 100 wi
rule 23 | active | 1 attempts | The invoice's total must match base + vat_amount within ±0.0
rule 24 | active | 1 attempts | The invoice's date must be a valid calendar date: it must pa
rule 25 | active | 1 attempts | The invoice's date must not be later than parameters.cut_off
rule 26 | active | 1 attempts | The erp entry for the invoice's purchase_order (erp.purchase
rule 27 | active | 1 attempts | No erp entry (in the erp source or in others) with the same 
=== 03:52:27
rule 17 | active | 1 attempts | The invoice's issuer_nif, normalised (uppercase, no spaces/h
rule 18 | active | 1 attempts | The invoice's iban, normalised (uppercase, no spaces), must 
rule 19 | active | 1 attempts | The invoice's purchase_order, normalised (uppercase, no spac
rule 20 | compiling | - attempts | The orders row for the invoice's purchase_order must have or
rule 21 | active | 1 attempts | The invoice's total must match the orders.total_amount of th
rule 22 | active | 1 attempts | The invoice's vat_amount must match base * vat_rate / 100 wi
rule 23 | active | 1 attempts | The invoice's total must match base + vat_amount within ±0.0
rule 24 | active | 1 attempts | The invoice's date must be a valid calendar date: it must pa
rule 25 | active | 1 attempts | The invoice's date must not be later than parameters.cut_off
rule 26 | active | 1 attempts | The erp entry for the invoice's purchase_order (erp.purchase
rule 27 | active | 1 attempts | No erp entry (in the erp source or in others) with the same 
=== 03:52:37
rule 17 | active | 1 attempts | The invoice's issuer_nif, normalised (uppercase, no spaces/h
rule 18 | active | 1 attempts | The invoice's iban, normalised (uppercase, no spaces), must 
rule 19 | active | 1 attempts | The invoice's purchase_order, normalised (uppercase, no spac
rule 20 | active | 1 attempts | The orders row for the invoice's purchase_order must have or
rule 21 | active | 1 attempts | The invoice's total must match the orders.total_amount of th
rule 22 | active | 1 attempts | The invoice's vat_amount must match base * vat_rate / 100 wi
rule 23 | active | 1 attempts | The invoice's total must match base + vat_amount within ±0.0
rule 24 | active | 1 attempts | The invoice's date must be a valid calendar date: it must pa
rule 25 | active | 1 attempts | The invoice's date must not be later than parameters.cut_off
rule 26 | active | 1 attempts | The erp entry for the invoice's purchase_order (erp.purchase
rule 27 | active | 1 attempts | No erp entry (in the erp source or in others) with the same 
=== 03:52:47
rule 17 | active | 1 attempts | The invoice's issuer_nif, normalised (uppercase, no spaces/h
rule 18 | active | 1 attempts | The invoice's iban, normalised (uppercase, no spaces), must 
rule 19 | active | 1 attempts | The invoice's purchase_order, normalised (uppercase, no spac
rule 20 | active | 1 attempts | The orders row for the invoice's purchase_order must have or
rule 21 | active | 1 attempts | The invoice's total must match the orders.total_amount of th
rule 22 | active | 1 attempts | The invoice's vat_amount must match base * vat_rate / 100 wi
rule 23 | active | 1 attempts | The invoice's total must match base + vat_amount within ±0.0
rule 24 | active | 1 attempts | The invoice's date must be a valid calendar date: it must pa
rule 25 | active | 1 attempts | The invoice's date must not be later than parameters.cut_off
rule 26 | active | 1 attempts | The erp entry for the invoice's purchase_order (erp.purchase
rule 27 | active | 1 attempts | No erp entry (in the erp source or in others) with the same 
01:52:44 | decision |  |  |  |  |  |  | 
01:52:44 | decision |  |  |  |  |  |  | 
01:52:44 | decision |  |  |  |  |  |  | 
01:52:44 | decision |  |  |  |  |  |  | 
01:52:44 | decision |  |  |  |  |  |  | 
01:52:44 | decision |  |  |  |  |  |  | 
01:52:44 | decision |  |  |  |  |  |  | 
01:52:44 | decision |  |  |  |  |  |  | 
01:52:44 | decision |  |  |  |  |  |  | 
01:52:44 | decision |  |  |  |  |  |  | 
01:52:44 | decision |  |  |  |  |  |  | 
01:52:44 | decision |  |  |  |  |  |  | 
01:52:44 | decision |  |  |  |  |  |  | 
01:52:44 | decision |  |  |  |  |  |  | 
01:52:44 | decision |  |  |  |  |  |  | 
01:52:44 | decision |  |  |  |  |  |  | 
01:52:44 | decision |  |  |  |  |  |  | 
01:52:44 | decision |  |  |  |  |  |  | 
01:52:44 | decision |  |  |  |  |  |  | 
01:52:44 | decision |  |  |  |  |  |  | 
01:52:44 | decision |  |  |  |  |  |  | 
01:52:44 | decision |  |  |  |  |  |  | 
01:52:44 | decision |  |  |  |  |  |  | 
01:52:44 | decision |  |  |  |  |  |  | 
01:52:44 | decision |  |  |  |  |  |  | 
01:52:44 | decision |  |  |  |  |  |  | 
01:52:44 | decision |  |  |  |  |  |  | 
01:52:44 | decision |  |  |  |  |  |  | 
01:52:44 | decision |  |  |  |  |  |  | 
01:52:44 | decision |  |  |  |  |  |  | 
01:52:44 | decision |  |  |  |  |  |  | 
01:52:44 | decision |  |  |  |  |  |  | 
01:52:44 | decision |  |  |  |  |  |  | 
01:52:44 | decision |  |  |  |  |  |  | 
01:52:44 | decision |  |  |  |  |  |  | 
01:52:44 | decision |  |  |  |  |  |  | 
01:52:44 | decision |  |  |  |  |  |  | 
01:52:44 | decision |  |  |  |  |  |  | 
01:52:44 | decision |  |  |  |  |  |  | 
01:52:44 | decision |  |  |  |  |  |  | 
01:52:44 | decision |  |  |  |  |  |  | 
01:52:44 | decision |  |  |  |  |  |  | 
01:52:44 | decision |  |  |  |  |  |  | 
01:52:44 | decision |  |  |  |  |  |  | 
01:52:44 | decision |  |  |  |  |  |  | 
01:52:44 | decision |  |  |  |  |  |  | 
01:52:44 | decision |  |  |  |  |  |  | 
01:52:44 | decision |  |  |  |  |  |  | 
01:52:44 | decision |  |  |  |  |  |  | 
01:52:44 | decision |  |  |  |  |  |  | 
01:52:44 | decision |  |  |  |  |  |  | 
01:52:44 | decision |  |  |  |  |  |  | 
01:52:44 | decision |  |  |  |  |  |  | 
01:52:44 | decision |  |  |  |  |  |  | 
01:52:44 | decision |  |  |  |  |  |  | 
01:52:44 | decision |  |  |  |  |  |  | 
01:52:44 | decision |  |  |  |  |  |  | 
01:52:44 | decision |  |  |  |  |  |  | 
01:52:44 | decision |  |  |  |  |  |  | 
01:52:44 | decision |  |  |  |  |  |  | 
01:52:44 | decision |  |  |  |  |  |  | 
01:52:44 | decision |  |  |  |  |  |  | 
01:52:44 | decision |  |  |  |  |  |  | 
01:52:44 | decision |  |  |  |  |  |  | 
01:52:44 | decision |  |  |  |  |  |  | 
01:52:44 | decision |  |  |  |  |  |  | 
01:52:44 | decision |  |  |  |  |  |  | 
01:52:44 | decision |  |  |  |  |  |  | 
01:52:44 | decision |  |  |  |  |  |  | 
01:52:44 | decision |  |  |  |  |  |  | 
01:52:44 | decision |  |  |  |  |  |  | 
01:52:44 | decision |  |  |  |  |  |  | 
01:52:44 | decision |  |  |  |  |  |  | 
01:52:44 | decision |  |  |  |  |  |  | 
01:52:44 | decision |  |  |  |  |  |  | 
01:52:44 | decision |  |  |  |  |  |  | 
01:52:44 | decision |  |  |  |  |  |  | 
01:52:44 | decision |  |  |  |  |  |  | 
01:52:44 | decision |  |  |  |  |  |  | 
01:52:44 | decision |  |  |  |  |  |  | 
01:52:44 | decision |  |  |  |  |  |  | 
01:52:44 | decision |  |  |  |  |  |  | 
01:52:44 | decision |  |  |  |  |  |  | 
01:52:44 | decision |  |  |  |  |  |  | 
01:52:44 | decision |  |  |  |  |  |  | 
01:52:44 | decision |  |  |  |  |  |  | 
01:52:44 | decision |  |  |  |  |  |  | 
01:52:44 | decision |  |  |  |  |  |  | 
01:52:44 | decision |  |  |  |  |  |  | 
01:52:44 | decision |  |  |  |  |  |  | 
01:52:44 | decision |  |  |  |  |  |  | 
01:52:44 | decision |  |  |  |  |  |  | 
01:52:44 | decision |  |  |  |  |  |  | 
01:52:44 | decision |  |  |  |  |  |  | 
01:52:44 | decision |  |  |  |  |  |  | 
01:52:44 | decision |  |  |  |  |  |  | 
01:52:44 | decision |  |  |  |  |  |  | 
01:52:44 | decision |  |  |  |  |  |  | 
01:52:44 | decision |  |  |  |  |  |  | 
01:52:44 | decision |  |  |  |  |  |  | 
01:52:44 | decision |  |  |  |  |  |  | 
01:52:44 | decision |  |  |  |  |  |  | 
01:52:44 | decision |  |  |  |  |  |  | 
01:52:44 | decision |  |  |  |  |  |  | 
01:52:44 | decision |  |  |  |  |  |  | 
01:52:44 | decision |  |  |  |  |  |  | 
01:52:44 | decision |  |  |  |  |  |  | 
01:52:44 | decision |  |  |  |  |  |  | 
01:52:44 | decision |  |  |  |  |  |  | 
01:52:44 | decision |  |  |  |  |  |  | 
01:52:44 | decision |  |  |  |  |  |  | 
01:52:44 | decision |  |  |  |  |  |  | 
01:52:44 | decision |  |  |  |  |  |  | 
01:52:44 | decision |  |  |  |  |  |  | 
01:52:44 | decision |  |  |  |  |  |  | 
01:52:44 | decision |  |  |  |  |  |  | 
01:52:44 | decision |  |  |  |  |  |  | 
01:52:44 | decision |  |  |  |  |  |  | 
01:52:44 | decision |  |  |  |  |  |  | 
01:52:44 | decision |  |  |  |  |  |  | 
01:52:44 | decision |  |  |  |  |  |  | 
01:52:44 | decision |  |  |  |  |  |  | 
01:52:44 | decision |  |  |  |  |  |  | 
01:52:44 | decision |  |  |  |  |  |  | 
01:52:44 | decision |  |  |  |  |  |  | 
01:52:44 | decision |  |  |  |  |  |  | 
01:52:44 | decision |  |  |  |  |  |  | 
01:52:44 | decision |  |  |  |  |  |  | 
01:52:44 | decision |  |  |  |  |  |  | 
01:52:44 | decision |  |  |  |  |  |  | 
01:52:44 | decision |  |  |  |  |  |  | 
01:52:44 | decision |  |  |  |  |  |  | 
01:52:44 | decision |  |  |  |  |  |  | 
01:52:44 | decision |  |  |  |  |  |  | 
01:52:44 | decision |  |  |  |  |  |  | 
01:52:44 | decision |  |  |  |  |  |  | 
01:52:44 | decision |  |  |  |  |  |  | 
01:52:44 | decision |  |  |  |  |  |  | 
01:52:44 | decision |  |  |  |  |  |  | 
01:52:44 | decision |  |  |  |  |  |  | 
01:52:44 | decision |  |  |  |  |  |  | 
01:52:44 | decision |  |  |  |  |  |  | 
01:52:44 | decision |  |  |  |  |  |  | 
01:52:44 | decision |  |  |  |  |  |  | 
01:52:44 | decision |  |  |  |  |  |  | 
01:52:44 | decision |  |  |  |  |  |  | 
01:52:44 | decision |  |  |  |  |  |  | 
01:52:44 | decision |  |  |  |  |  |  | 
01:52:44 | decision |  |  |  |  |  |  | 
01:52:44 | decision |  |  |  |  |  |  | 
01:52:44 | decision |  |  |  |  |  |  | 
01:52:44 | decision |  |  |  |  |  |  | 
01:52:44 | decision |  |  |  |  |  |  | 
01:52:44 | decision |  |  |  |  |  |  | 
01:52:44 | decision |  |  |  |  |  |  | 
01:52:44 | decision |  |  |  |  |  |  | 
01:52:44 | decision |  |  |  |  |  |  | 
01:52:44 | decision |  |  |  |  |  |  | 
01:52:44 | decision |  |  |  |  |  |  | 
01:52:44 | decision |  |  |  |  |  |  | 
01:52:44 | decision |  |  |  |  |  |  | 
01:52:44 | decision |  |  |  |  |  |  | 
01:52:44 | decision |  |  |  |  |  |  | 
01:52:44 | decision |  |  |  |  |  |  | 
01:52:44 | decision |  |  |  |  |  |  | 
01:52:44 | decision |  |  |  |  |  |  | 
01:52:44 | decision |  |  |  |  |  |  | 
01:52:44 | decision |  |  |  |  |  |  | 
01:52:44 | decision |  |  |  |  |  |  | 
01:52:44 | decision |  |  |  |  |  |  | 
01:52:44 | decision |  |  |  |  |  |  | 
01:52:44 | decision |  |  |  |  |  |  | 
01:52:44 | decision |  |  |  |  |  |  | 
01:52:44 | decision |  |  |  |  |  |  | 
01:52:44 | decision |  |  |  |  |  |  | 
01:52:44 | decision |  |  |  |  |  |  | 
01:52:44 | decision |  |  |  |  |  |  | 
01:52:44 | decision |  |  |  |  |  |  | 
01:52:44 | decision |  |  |  |  |  |  | 
01:52:44 | decision |  |  |  |  |  |  | 
01:52:44 | decision |  |  |  |  |  |  | 
01:52:44 | decision |  |  |  |  |  |  | 
01:52:44 | decision |  |  |  |  |  |  | 
01:52:44 | decision |  |  |  |  |  |  | 
01:52:44 | decision |  |  |  |  |  |  | 
01:52:44 | decision |  |  |  |  |  |  | 
01:52:44 | decision |  |  |  |  |  |  | 
01:52:44 | decision |  |  |  |  |  |  | 
01:52:44 | decision |  |  |  |  |  |  | 
01:52:44 | decision |  |  |  |  |  |  | 
01:52:44 | decision |  |  |  |  |  |  | 
01:52:44 | decision |  |  |  |  |  |  | 
01:52:44 | decision |  |  |  |  |  |  | 
01:52:44 | decision |  |  |  |  |  |  | 
01:52:44 | decision |  |  |  |  |  |  | 
01:52:44 | decision |  |  |  |  |  |  | 
01:52:44 | decision |  |  |  |  |  |  | 
01:52:44 | decision |  |  |  |  |  |  | 
01:52:44 | decision |  |  |  |  |  |  | 
01:52:44 | decision |  |  |  |  |  |  | 
01:52:44 | decision |  |  |  |  |  |  | 
01:52:44 | decision |  |  |  |  |  |  | 
01:52:44 | decision |  |  |  |  |  |  | 
01:52:44 | decision |  |  |  |  |  |  | 
01:52:44 | decision |  |  |  |  |  |  | 
01:52:44 | decision |  |  |  |  |  |  | 
01:52:44 | decision |  |  |  |  |  |  | 
01:52:44 | decision |  |  |  |  |  |  | 
01:52:44 | decision |  |  |  |  |  |  | 
01:52:44 | decision |  |  |  |  |  |  | 
01:52:44 | decision |  |  |  |  |  |  | 
01:52:44 | decision |  |  |  |  |  |  | 
01:52:44 | decision |  |  |  |  |  |  | 
01:52:44 | decision |  |  |  |  |  |  | 
01:52:44 | decision |  |  |  |  |  |  | 
01:52:44 | decision |  |  |  |  |  |  | 
01:52:44 | decision |  |  |  |  |  |  | 
01:52:44 | decision |  |  |  |  |  |  | 
01:52:44 | decision |  |  |  |  |  |  | 
01:52:44 | decision |  |  |  |  |  |  | 
01:52:44 | decision |  |  |  |  |  |  | 
01:52:44 | decision |  |  |  |  |  |  | 
01:52:44 | decision |  |  |  |  |  |  | 
01:52:44 | decision |  |  |  |  |  |  | 
01:52:44 | decision |  |  |  |  |  |  | 
01:52:44 | decision |  |  |  |  |  |  | 
01:52:44 | decision |  |  |  |  |  |  | 
01:52:44 | decision |  |  |  |  |  |  | 
01:52:44 | decision |  |  |  |  |  |  | 
01:52:44 | decision |  |  |  |  |  |  | 
01:52:44 | decision |  |  |  |  |  |  | 
01:52:44 | decision |  |  |  |  |  |  | 
01:52:44 | decision |  |  |  |  |  |  | 
01:52:44 | decision |  |  |  |  |  |  | 
01:52:44 | decision |  |  |  |  |  |  | 
01:52:44 | decision |  |  |  |  |  |  | 
01:52:44 | decision |  |  |  |  |  |  | 
01:52:44 | decision |  |  |  |  |  |  | 
01:52:44 | decision |  |  |  |  |  |  | 
01:52:44 | decision |  |  |  |  |  |  | 
01:52:44 | decision |  |  |  |  |  |  | 
01:52:44 | decision |  |  |  |  |  |  | 
01:52:44 | decision |  |  |  |  |  |  | 
01:52:44 | decision |  |  |  |  |  |  | 
01:52:44 | decision |  |  |  |  |  |  | 
01:52:44 | decision |  |  |  |  |  |  | 
01:52:44 | decision |  |  |  |  |  |  | 
01:52:44 | decision |  |  |  |  |  |  | 
01:52:44 | decision |  |  |  |  |  |  | 
01:52:44 | decision |  |  |  |  |  |  | 
01:52:44 | decision |  |  |  |  |  |  | 
01:52:44 | decision |  |  |  |  |  |  | 
01:52:44 | decision |  |  |  |  |  |  | 
01:52:44 | decision |  |  |  |  |  |  | 
01:52:44 | decision |  |  |  |  |  |  | 
01:52:44 | decision |  |  |  |  |  |  | 
01:52:44 | decision |  |  |  |  |  |  | 
01:52:44 | decision |  |  |  |  |  |  | 
01:52:44 | decision |  |  |  |  |  |  | 
01:52:44 | decision |  |  |  |  |  |  | 
01:52:44 | decision |  |  |  |  |  |  | 
01:52:44 | decision |  |  |  |  |  |  | 
01:52:44 | decision |  |  |  |  |  |  | 
01:52:44 | decision |  |  |  |  |  |  | 
01:52:44 | decision |  |  |  |  |  |  | 
01:52:44 | decision |  |  |  |  |  |  | 
01:52:44 | decision |  |  |  |  |  |  | 
01:52:44 | decision |  |  |  |  |  |  | 
01:52:44 | decision |  |  |  |  |  |  | 
01:52:44 | decision |  |  |  |  |  |  | 
01:52:44 | decision |  |  |  |  |  |  | 
01:52:44 | decision |  |  |  |  |  |  | 
01:52:44 | decision |  |  |  |  |  |  | 
01:52:44 | decision |  |  |  |  |  |  | 
01:52:44 | decision |  |  |  |  |  |  | 
01:52:44 | decision |  |  |  |  |  |  | 
01:52:44 | decision |  |  |  |  |  |  | 
01:52:44 | decision |  |  |  |  |  |  | 
01:52:44 | decision |  |  |  |  |  |  | 
01:52:44 | decision |  |  |  |  |  |  | 
01:52:44 | decision |  |  |  |  |  |  | 
01:52:44 | decision |  |  |  |  |  |  | 
01:52:44 | decision |  |  |  |  |  |  | 
01:52:44 | decision |  |  |  |  |  |  | 
01:52:44 | decision |  |  |  |  |  |  | 
01:52:44 | decision |  |  |  |  |  |  | 
01:52:44 | decision |  |  |  |  |  |  | 
01:52:44 | decision |  |  |  |  |  |  | 
01:52:44 | decision |  |  |  |  |  |  | 
01:52:44 | decision |  |  |  |  |  |  | 
01:52:44 | decision |  |  |  |  |  |  | 
01:52:44 | decision |  |  |  |  |  |  | 
01:52:44 | decision |  |  |  |  |  |  | 
01:52:44 | decision |  |  |  |  |  |  | 
01:52:44 | decision |  |  |  |  |  |  | 
01:52:44 | decision |  |  |  |  |  |  | 
01:52:44 | decision |  |  |  |  |  |  | 
01:52:44 | decision |  |  |  |  |  |  | 
01:52:44 | decision |  |  |  |  |  |  | 
01:52:44 | decision |  |  |  |  |  |  | 
01:52:44 | decision |  |  |  |  |  |  | 
01:52:44 | decision |  |  |  |  |  |  | 
01:52:44 | decision |  |  |  |  |  |  | 
01:52:44 | decision |  |  |  |  |  |  | 
01:52:44 | decision |  |  |  |  |  |  | 
01:52:44 | decision |  |  |  |  |  |  | 
01:52:44 | decision |  |  |  |  |  |  | 
01:52:44 | decision |  |  |  |  |  |  | 
01:52:44 | decision |  |  |  |  |  |  | 
01:52:44 | decision |  |  |  |  |  |  | 
01:52:44 | decision |  |  |  |  |  |  | 
01:52:44 | decision |  |  |  |  |  |  | 
01:52:44 | decision |  |  |  |  |  |  | 
01:52:44 | decision |  |  |  |  |  |  | 
01:52:44 | decision |  |  |  |  |  |  | 
01:52:44 | decision |  |  |  |  |  |  | 
01:52:44 | decision |  |  |  |  |  |  | 
01:52:44 | decision |  |  |  |  |  |  | 
01:52:44 | decision |  |  |  |  |  |  | 
01:52:44 | decision |  |  |  |  |  |  | 
01:52:44 | decision |  |  |  |  |  |  | 
01:52:44 | decision |  |  |  |  |  |  | 
01:52:44 | decision |  |  |  |  |  |  | 
01:52:44 | decision |  |  |  |  |  |  | 
01:52:44 | decision |  |  |  |  |  |  | 
01:52:44 | decision |  |  |  |  |  |  | 
01:52:44 | decision |  |  |  |  |  |  | 
01:52:44 | decision |  |  |  |  |  |  | 
01:52:44 | decision |  |  |  |  |  |  | 
01:52:44 | decision |  |  |  |  |  |  | 
01:52:44 | decision |  |  |  |  |  |  | 
01:52:44 | decision |  |  |  |  |  |  | 
01:52:44 | decision |  |  |  |  |  |  | 
01:52:44 | decision |  |  |  |  |  |  | 
01:52:44 | decision |  |  |  |  |  |  | 
01:52:44 | decision |  |  |  |  |  |  | 
01:52:44 | decision |  |  |  |  |  |  | 
01:52:44 | decision |  |  |  |  |  |  | 
01:52:44 | decision |  |  |  |  |  |  | 
01:52:44 | decision |  |  |  |  |  |  | 
01:52:44 | decision |  |  |  |  |  |  | 
01:52:44 | decision |  |  |  |  |  |  | 
01:52:44 | decision |  |  |  |  |  |  | 
01:52:44 | decision |  |  |  |  |  |  | 
01:52:44 | decision |  |  |  |  |  |  | 
01:52:44 | decision |  |  |  |  |  |  | 
01:52:44 | decision |  |  |  |  |  |  | 
01:52:44 | decision |  |  |  |  |  |  | 
01:52:44 | decision |  |  |  |  |  |  | 
01:52:44 | decision |  |  |  |  |  |  | 
01:52:44 | decision |  |  |  |  |  |  | 
01:52:44 | decision |  |  |  |  |  |  | 
01:52:44 | decision |  |  |  |  |  |  | 
01:52:44 | decision |  |  |  |  |  |  | 
01:52:44 | decision |  |  |  |  |  |  | 
01:52:44 | decision |  |  |  |  |  |  | 
01:52:44 | decision |  |  |  |  |  |  | 
01:52:44 | decision |  |  |  |  |  |  | 
01:52:44 | decision |  |  |  |  |  |  | 
01:52:44 | decision |  |  |  |  |  |  | 
01:52:44 | decision |  |  |  |  |  |  | 
01:52:44 | decision |  |  |  |  |  |  | 
01:52:44 | decision |  |  |  |  |  |  | 
01:52:44 | decision |  |  |  |  |  |  | 
01:52:44 | decision |  |  |  |  |  |  | 
01:52:44 | decision |  |  |  |  |  |  | 
01:52:44 | decision |  |  |  |  |  |  | 
01:52:44 | decision |  |  |  |  |  |  | 
01:52:44 | decision |  |  |  |  |  |  | 
01:52:44 | decision |  |  |  |  |  |  | 
01:52:44 | decision |  |  |  |  |  |  | 
01:52:44 | decision |  |  |  |  |  |  | 
01:52:44 | decision |  |  |  |  |  |  | 
01:52:44 | decision |  |  |  |  |  |  | 
01:52:44 | decision |  |  |  |  |  |  | 
01:52:44 | decision |  |  |  |  |  |  | 
01:52:44 | decision |  |  |  |  |  |  | 
01:52:44 | decision |  |  |  |  |  |  | 
01:52:44 | decision |  |  |  |  |  |  | 
01:52:44 | decision |  |  |  |  |  |  | 
01:52:44 | decision |  |  |  |  |  |  | 
01:52:44 | decision |  |  |  |  |  |  | 
01:52:44 | decision |  |  |  |  |  |  | 
01:52:44 | decision |  |  |  |  |  |  | 
01:52:44 | decision |  |  |  |  |  |  | 
01:52:44 | decision |  |  |  |  |  |  | 
01:52:44 | decision |  |  |  |  |  |  | 
01:52:44 | decision |  |  |  |  |  |  | 
01:52:44 | decision |  |  |  |  |  |  | 
01:52:44 | decision |  |  |  |  |  |  | 
01:52:44 | decision |  |  |  |  |  |  | 
01:52:44 | decision |  |  |  |  |  |  | 
01:52:44 | decision |  |  |  |  |  |  | 
01:52:44 | decision |  |  |  |  |  |  | 
01:52:44 | decision |  |  |  |  |  |  | 
01:52:44 | decision |  |  |  |  |  |  | 
01:52:44 | decision |  |  |  |  |  |  | 
01:52:44 | decision |  |  |  |  |  |  | 
01:52:44 | decision |  |  |  |  |  |  | 
01:52:44 | decision |  |  |  |  |  |  | 
01:52:44 | decision |  |  |  |  |  |  | 
01:52:44 | decision |  |  |  |  |  |  | 
01:52:44 | decision |  |  |  |  |  |  | 
01:52:44 | decision |  |  |  |  |  |  | 
01:52:44 | decision |  |  |  |  |  |  | 
01:52:44 | decision |  |  |  |  |  |  | 
01:52:44 | decision |  |  |  |  |  |  | 
01:52:44 | decision |  |  |  |  |  |  | 
01:52:44 | decision |  |  |  |  |  |  | 
01:52:44 | decision |  |  |  |  |  |  | 
01:52:44 | decision |  |  |  |  |  |  | 
01:52:44 | decision |  |  |  |  |  |  | 
01:52:44 | decision |  |  |  |  |  |  | 
01:52:44 | decision |  |  |  |  |  |  | 
01:52:44 | decision |  |  |  |  |  |  | 
01:52:44 | decision |  |  |  |  |  |  | 
01:52:44 | decision |  |  |  |  |  |  | 
01:52:44 | decision |  |  |  |  |  |  | 
01:52:44 | decision |  |  |  |  |  |  | 
01:52:44 | decision |  |  |  |  |  |  | 
01:52:44 | decision |  |  |  |  |  |  | 
01:52:44 | decision |  |  |  |  |  |  | 
01:52:44 | decision |  |  |  |  |  |  | 
01:52:44 | decision |  |  |  |  |  |  | 
01:52:44 | decision |  |  |  |  |  |  | 
01:52:44 | decision |  |  |  |  |  |  | 
01:52:44 | decision |  |  |  |  |  |  | 
01:52:44 | decision |  |  |  |  |  |  | 
01:52:44 | decision |  |  |  |  |  |  | 
01:52:44 | decision |  |  |  |  |  |  | 
01:52:44 | decision |  |  |  |  |  |  | 
01:52:44 | decision |  |  |  |  |  |  | 
01:52:44 | decision |  |  |  |  |  |  | 
01:52:44 | decision |  |  |  |  |  |  | 
01:52:44 | decision |  |  |  |  |  |  | 
01:52:44 | decision |  |  |  |  |  |  | 
01:52:44 | decision |  |  |  |  |  |  | 
01:52:44 | decision |  |  |  |  |  |  | 
01:52:44 | decision |  |  |  |  |  |  | 
01:52:44 | decision |  |  |  |  |  |  | 
01:52:44 | decision |  |  |  |  |  |  | 
01:52:44 | decision |  |  |  |  |  |  | 
01:52:44 | decision |  |  |  |  |  |  | 
01:52:44 | decision |  |  |  |  |  |  | 
01:52:44 | decision |  |  |  |  |  |  | 
01:52:44 | decision |  |  |  |  |  |  | 
01:52:44 | decision |  |  |  |  |  |  | 
01:52:44 | decision |  |  |  |  |  |  | 
01:52:44 | decision |  |  |  |  |  |  | 
01:52:44 | decision |  |  |  |  |  |  | 
01:52:44 | decision |  |  |  |  |  |  | 
01:52:44 | decision |  |  |  |  |  |  | 
01:52:44 | decision |  |  |  |  |  |  | 
01:52:44 | decision |  |  |  |  |  |  | 
01:52:44 | decision |  |  |  |  |  |  | 
01:52:44 | decision |  |  |  |  |  |  | 
01:52:44 | decision |  |  |  |  |  |  | 
01:52:44 | decision |  |  |  |  |  |  | 
01:52:44 | decision |  |  |  |  |  |  | 
01:52:44 | decision |  |  |  |  |  |  | 
01:52:44 | decision |  |  |  |  |  |  | 
01:52:44 | decision |  |  |  |  |  |  | 
01:52:44 | decision |  |  |  |  |  |  | 
01:52:44 | decision |  |  |  |  |  |  | 
01:52:44 | decision |  |  |  |  |  |  | 
01:52:44 | decision |  |  |  |  |  |  | 
01:52:44 | decision |  |  |  |  |  |  | 
01:52:44 | decision |  |  |  |  |  |  | 
01:52:44 | decision |  |  |  |  |  |  | 
01:52:44 | decision |  |  |  |  |  |  | 
01:52:44 | decision |  |  |  |  |  |  | 
01:52:44 | decision |  |  |  |  |  |  | 
01:52:44 | decision |  |  |  |  |  |  | 
01:52:44 | decision |  |  |  |  |  |  | 
01:52:44 | decision |  |  |  |  |  |  | 
01:52:44 | decision |  |  |  |  |  |  | 
01:52:44 | decision |  |  |  |  |  |  | 
01:52:44 | decision |  |  |  |  |  |  | 
01:52:44 | decision |  |  |  |  |  |  | 
01:52:44 | decision |  |  |  |  |  |  | 
01:52:44 | decision |  |  |  |  |  |  | 
01:52:44 | decision |  |  |  |  |  |  | 
01:52:44 | decision |  |  |  |  |  |  | 
01:52:44 | decision |  |  |  |  |  |  | 
01:52:44 | decision |  |  |  |  |  |  | 
01:52:44 | decision |  |  |  |  |  |  | 
01:52:44 | decision |  |  |  |  |  |  | 
01:52:44 | decision |  |  |  |  |  |  | 
01:52:44 | decision |  |  |  |  |  |  | 
01:52:44 | decision |  |  |  |  |  |  | 
01:52:44 | decision |  |  |  |  |  |  | 
01:52:44 | decision |  |  |  |  |  |  | 
01:52:44 | decision |  |  |  |  |  |  | 
01:52:44 | decision |  |  |  |  |  |  | 
01:52:44 | decision |  |  |  |  |  |  | 
01:52:44 | decision |  |  |  |  |  |  | 
01:52:44 | decision |  |  |  |  |  |  | 
01:52:44 | decision |  |  |  |  |  |  | 
01:52:44 | decision |  |  |  |  |  |  | 
01:52:44 | decision |  |  |  |  |  |  | 
=== 03:52:57
rule 17 | active | 1 attempts | The invoice's issuer_nif, normalised (uppercase, no spaces/h
rule 18 | active | 1 attempts | The invoice's iban, normalised (uppercase, no spaces), must 
rule 19 | active | 1 attempts | The invoice's purchase_order, normalised (uppercase, no spac
rule 20 | active | 1 attempts | The orders row for the invoice's purchase_order must have or
rule 21 | active | 1 attempts | The invoice's total must match the orders.total_amount of th
rule 22 | active | 1 attempts | The invoice's vat_amount must match base * vat_rate / 100 wi
rule 23 | active | 1 attempts | The invoice's total must match base + vat_amount within ±0.0
rule 24 | active | 1 attempts | The invoice's date must be a valid calendar date: it must pa
rule 25 | active | 1 attempts | The invoice's date must not be later than parameters.cut_off
rule 26 | active | 1 attempts | The erp entry for the invoice's purchase_order (erp.purchase
rule 27 | active | 1 attempts | No erp entry (in the erp source or in others) with the same 
01:52:44 | decision |  |  |  |  |  |  | 
01:52:44 | decision |  |  |  |  |  |  | 
01:52:44 | decision |  |  |  |  |  |  | 
01:52:44 | decision |  |  |  |  |  |  | 
01:52:44 | decision |  |  |  |  |  |  | 
01:52:44 | decision |  |  |  |  |  |  | 
01:52:44 | decision |  |  |  |  |  |  | 
01:52:44 | decision |  |  |  |  |  |  | 
01:52:44 | decision |  |  |  |  |  |  | 
01:52:44 | decision |  |  |  |  |  |  | 
01:52:44 | decision |  |  |  |  |  |  | 
01:52:44 | decision |  |  |  |  |  |  | 
01:52:44 | decision |  |  |  |  |  |  | 
01:52:44 | decision |  |  |  |  |  |  | 
01:52:44 | decision |  |  |  |  |  |  | 
01:52:44 | decision |  |  |  |  |  |  | 
01:52:44 | decision |  |  |  |  |  |  | 
01:52:44 | decision |  |  |  |  |  |  | 
01:52:44 | decision |  |  |  |  |  |  | 
01:52:44 | decision |  |  |  |  |  |  | 
01:52:44 | decision |  |  |  |  |  |  | 
01:52:44 | decision |  |  |  |  |  |  | 
01:52:44 | decision |  |  |  |  |  |  | 
01:52:44 | decision |  |  |  |  |  |  | 
01:52:44 | decision |  |  |  |  |  |  | 
01:52:44 | decision |  |  |  |  |  |  | 
01:52:44 | decision |  |  |  |  |  |  | 
01:52:44 | decision |  |  |  |  |  |  | 
01:52:44 | decision |  |  |  |  |  |  | 
01:52:44 | decision |  |  |  |  |  |  | 
01:52:44 | decision |  |  |  |  |  |  | 
01:52:44 | decision |  |  |  |  |  |  | 
01:52:44 | decision |  |  |  |  |  |  | 
01:52:44 | decision |  |  |  |  |  |  | 
01:52:44 | decision |  |  |  |  |  |  | 
01:52:44 | decision |  |  |  |  |  |  | 
01:52:44 | decision |  |  |  |  |  |  | 
01:52:44 | decision |  |  |  |  |  |  | 
01:52:44 | decision |  |  |  |  |  |  | 
01:52:44 | decision |  |  |  |  |  |  | 
01:52:44 | decision |  |  |  |  |  |  | 
01:52:44 | decision |  |  |  |  |  |  | 
01:52:44 | decision |  |  |  |  |  |  | 
01:52:44 | decision |  |  |  |  |  |  | 
01:52:44 | decision |  |  |  |  |  |  | 
01:52:44 | decision |  |  |  |  |  |  | 
01:52:44 | decision |  |  |  |  |  |  | 
01:52:44 | decision |  |  |  |  |  |  | 
01:52:44 | decision |  |  |  |  |  |  | 
01:52:44 | decision |  |  |  |  |  |  | 
01:52:44 | decision |  |  |  |  |  |  | 
01:52:44 | decision |  |  |  |  |  |  | 
01:52:44 | decision |  |  |  |  |  |  | 
01:52:44 | decision |  |  |  |  |  |  | 
01:52:44 | decision |  |  |  |  |  |  | 
01:52:44 | decision |  |  |  |  |  |  | 
01:52:44 | decision |  |  |  |  |  |  | 
01:52:44 | decision |  |  |  |  |  |  | 
01:52:44 | decision |  |  |  |  |  |  | 
01:52:44 | decision |  |  |  |  |  |  | 
01:52:44 | decision |  |  |  |  |  |  | 
01:52:44 | decision |  |  |  |  |  |  | 
01:52:44 | decision |  |  |  |  |  |  | 
01:52:44 | decision |  |  |  |  |  |  | 
01:52:44 | decision |  |  |  |  |  |  | 
01:52:44 | decision |  |  |  |  |  |  | 
01:52:44 | decision |  |  |  |  |  |  | 
01:52:44 | decision |  |  |  |  |  |  | 
01:52:44 | decision |  |  |  |  |  |  | 
01:52:44 | decision |  |  |  |  |  |  | 
01:52:44 | decision |  |  |  |  |  |  | 
01:52:44 | decision |  |  |  |  |  |  | 
01:52:44 | decision |  |  |  |  |  |  | 
01:52:44 | decision |  |  |  |  |  |  | 
01:52:44 | decision |  |  |  |  |  |  | 
01:52:44 | decision |  |  |  |  |  |  | 
01:52:44 | decision |  |  |  |  |  |  | 
01:52:44 | decision |  |  |  |  |  |  | 
01:52:44 | decision |  |  |  |  |  |  | 
01:52:44 | decision |  |  |  |  |  |  | 
01:52:44 | decision |  |  |  |  |  |  | 
01:52:44 | decision |  |  |  |  |  |  | 
01:52:44 | decision |  |  |  |  |  |  | 
01:52:44 | decision |  |  |  |  |  |  | 
01:52:44 | decision |  |  |  |  |  |  | 
01:52:44 | decision |  |  |  |  |  |  | 
01:52:44 | decision |  |  |  |  |  |  | 
01:52:44 | decision |  |  |  |  |  |  | 
01:52:44 | decision |  |  |  |  |  |  | 
01:52:44 | decision |  |  |  |  |  |  | 
01:52:44 | decision |  |  |  |  |  |  | 
01:52:44 | decision |  |  |  |  |  |  | 
01:52:44 | decision |  |  |  |  |  |  | 
01:52:44 | decision |  |  |  |  |  |  | 
01:52:44 | decision |  |  |  |  |  |  | 
01:52:44 | decision |  |  |  |  |  |  | 
01:52:44 | decision |  |  |  |  |  |  | 
01:52:44 | decision |  |  |  |  |  |  | 
01:52:44 | decision |  |  |  |  |  |  | 
01:52:44 | decision |  |  |  |  |  |  | 
01:52:44 | decision |  |  |  |  |  |  | 
01:52:44 | decision |  |  |  |  |  |  | 
01:52:44 | decision |  |  |  |  |  |  | 
01:52:44 | decision |  |  |  |  |  |  | 
01:52:44 | decision |  |  |  |  |  |  | 
01:52:44 | decision |  |  |  |  |  |  | 
01:52:44 | decision |  |  |  |  |  |  | 
01:52:44 | decision |  |  |  |  |  |  | 
01:52:44 | decision |  |  |  |  |  |  | 
01:52:44 | decision |  |  |  |  |  |  | 
01:52:44 | decision |  |  |  |  |  |  | 
01:52:44 | decision |  |  |  |  |  |  | 
01:52:44 | decision |  |  |  |  |  |  | 
01:52:44 | decision |  |  |  |  |  |  | 
01:52:44 | decision |  |  |  |  |  |  | 
01:52:44 | decision |  |  |  |  |  |  | 
01:52:44 | decision |  |  |  |  |  |  | 
01:52:44 | decision |  |  |  |  |  |  | 
01:52:44 | decision |  |  |  |  |  |  | 
01:52:44 | decision |  |  |  |  |  |  | 
01:52:44 | decision |  |  |  |  |  |  | 
01:52:44 | decision |  |  |  |  |  |  | 
01:52:44 | decision |  |  |  |  |  |  | 
01:52:44 | decision |  |  |  |  |  |  | 
01:52:44 | decision |  |  |  |  |  |  | 
01:52:44 | decision |  |  |  |  |  |  | 
01:52:44 | decision |  |  |  |  |  |  | 
01:52:44 | decision |  |  |  |  |  |  | 
01:52:44 | decision |  |  |  |  |  |  | 
01:52:44 | decision |  |  |  |  |  |  | 
01:52:44 | decision |  |  |  |  |  |  | 
01:52:44 | decision |  |  |  |  |  |  | 
01:52:44 | decision |  |  |  |  |  |  | 
01:52:44 | decision |  |  |  |  |  |  | 
01:52:44 | decision |  |  |  |  |  |  | 
01:52:44 | decision |  |  |  |  |  |  | 
01:52:44 | decision |  |  |  |  |  |  | 
01:52:44 | decision |  |  |  |  |  |  | 
01:52:44 | decision |  |  |  |  |  |  | 
01:52:44 | decision |  |  |  |  |  |  | 
01:52:44 | decision |  |  |  |  |  |  | 
01:52:44 | decision |  |  |  |  |  |  | 
01:52:44 | decision |  |  |  |  |  |  | 
01:52:44 | decision |  |  |  |  |  |  | 
01:52:44 | decision |  |  |  |  |  |  | 
01:52:44 | decision |  |  |  |  |  |  | 
01:52:44 | decision |  |  |  |  |  |  | 
01:52:44 | decision |  |  |  |  |  |  | 
01:52:44 | decision |  |  |  |  |  |  | 
01:52:44 | decision |  |  |  |  |  |  | 
01:52:44 | decision |  |  |  |  |  |  | 
01:52:44 | decision |  |  |  |  |  |  | 
01:52:44 | decision |  |  |  |  |  |  | 
01:52:44 | decision |  |  |  |  |  |  | 
01:52:44 | decision |  |  |  |  |  |  | 
01:52:44 | decision |  |  |  |  |  |  | 
01:52:44 | decision |  |  |  |  |  |  | 
01:52:44 | decision |  |  |  |  |  |  | 
01:52:44 | decision |  |  |  |  |  |  | 
01:52:44 | decision |  |  |  |  |  |  | 
01:52:44 | decision |  |  |  |  |  |  | 
01:52:44 | decision |  |  |  |  |  |  | 
01:52:44 | decision |  |  |  |  |  |  | 
01:52:44 | decision |  |  |  |  |  |  | 
01:52:44 | decision |  |  |  |  |  |  | 
01:52:44 | decision |  |  |  |  |  |  | 
01:52:44 | decision |  |  |  |  |  |  | 
01:52:44 | decision |  |  |  |  |  |  | 
01:52:44 | decision |  |  |  |  |  |  | 
01:52:44 | decision |  |  |  |  |  |  | 
01:52:44 | decision |  |  |  |  |  |  | 
01:52:44 | decision |  |  |  |  |  |  | 
01:52:44 | decision |  |  |  |  |  |  | 
01:52:44 | decision |  |  |  |  |  |  | 
01:52:44 | decision |  |  |  |  |  |  | 
01:52:44 | decision |  |  |  |  |  |  | 
01:52:44 | decision |  |  |  |  |  |  | 
01:52:44 | decision |  |  |  |  |  |  | 
01:52:44 | decision |  |  |  |  |  |  | 
01:52:44 | decision |  |  |  |  |  |  | 
01:52:44 | decision |  |  |  |  |  |  | 
01:52:44 | decision |  |  |  |  |  |  | 
01:52:44 | decision |  |  |  |  |  |  | 
01:52:44 | decision |  |  |  |  |  |  | 
01:52:44 | decision |  |  |  |  |  |  | 
01:52:44 | decision |  |  |  |  |  |  | 
01:52:44 | decision |  |  |  |  |  |  | 
01:52:44 | decision |  |  |  |  |  |  | 
01:52:44 | decision |  |  |  |  |  |  | 
01:52:44 | decision |  |  |  |  |  |  | 
01:52:44 | decision |  |  |  |  |  |  | 
01:52:44 | decision |  |  |  |  |  |  | 
01:52:44 | decision |  |  |  |  |  |  | 
01:52:44 | decision |  |  |  |  |  |  | 
01:52:44 | decision |  |  |  |  |  |  | 
01:52:44 | decision |  |  |  |  |  |  | 
01:52:44 | decision |  |  |  |  |  |  | 
01:52:44 | decision |  |  |  |  |  |  | 
01:52:44 | decision |  |  |  |  |  |  | 
01:52:44 | decision |  |  |  |  |  |  | 
01:52:44 | decision |  |  |  |  |  |  | 
01:52:44 | decision |  |  |  |  |  |  | 
01:52:44 | decision |  |  |  |  |  |  | 
01:52:44 | decision |  |  |  |  |  |  | 
01:52:44 | decision |  |  |  |  |  |  | 
01:52:44 | decision |  |  |  |  |  |  | 
01:52:44 | decision |  |  |  |  |  |  | 
01:52:44 | decision |  |  |  |  |  |  | 
01:52:44 | decision |  |  |  |  |  |  | 
01:52:44 | decision |  |  |  |  |  |  | 
01:52:44 | decision |  |  |  |  |  |  | 
01:52:44 | decision |  |  |  |  |  |  | 
01:52:44 | decision |  |  |  |  |  |  | 
01:52:44 | decision |  |  |  |  |  |  | 
01:52:44 | decision |  |  |  |  |  |  | 
01:52:44 | decision |  |  |  |  |  |  | 
01:52:44 | decision |  |  |  |  |  |  | 
01:52:44 | decision |  |  |  |  |  |  | 
01:52:44 | decision |  |  |  |  |  |  | 
01:52:44 | decision |  |  |  |  |  |  | 
01:52:44 | decision |  |  |  |  |  |  | 
01:52:44 | decision |  |  |  |  |  |  | 
01:52:44 | decision |  |  |  |  |  |  | 
01:52:44 | decision |  |  |  |  |  |  | 
01:52:44 | decision |  |  |  |  |  |  | 
01:52:44 | decision |  |  |  |  |  |  | 
01:52:44 | decision |  |  |  |  |  |  | 
01:52:44 | decision |  |  |  |  |  |  | 
01:52:44 | decision |  |  |  |  |  |  | 
01:52:44 | decision |  |  |  |  |  |  | 
01:52:44 | decision |  |  |  |  |  |  | 
01:52:44 | decision |  |  |  |  |  |  | 
01:52:44 | decision |  |  |  |  |  |  | 
01:52:44 | decision |  |  |  |  |  |  | 
01:52:44 | decision |  |  |  |  |  |  | 
01:52:44 | decision |  |  |  |  |  |  | 
01:52:44 | decision |  |  |  |  |  |  | 
01:52:44 | decision |  |  |  |  |  |  | 
01:52:44 | decision |  |  |  |  |  |  | 
01:52:44 | decision |  |  |  |  |  |  | 
01:52:44 | decision |  |  |  |  |  |  | 
01:52:44 | decision |  |  |  |  |  |  | 
01:52:44 | decision |  |  |  |  |  |  | 
01:52:44 | decision |  |  |  |  |  |  | 
01:52:44 | decision |  |  |  |  |  |  | 
01:52:44 | decision |  |  |  |  |  |  | 
01:52:44 | decision |  |  |  |  |  |  | 
01:52:44 | decision |  |  |  |  |  |  | 
01:52:44 | decision |  |  |  |  |  |  | 
01:52:44 | decision |  |  |  |  |  |  | 
01:52:44 | decision |  |  |  |  |  |  | 
01:52:44 | decision |  |  |  |  |  |  | 
01:52:44 | decision |  |  |  |  |  |  | 
01:52:44 | decision |  |  |  |  |  |  | 
01:52:44 | decision |  |  |  |  |  |  | 
01:52:44 | decision |  |  |  |  |  |  | 
01:52:44 | decision |  |  |  |  |  |  | 
01:52:44 | decision |  |  |  |  |  |  | 
01:52:44 | decision |  |  |  |  |  |  | 
01:52:44 | decision |  |  |  |  |  |  | 
01:52:44 | decision |  |  |  |  |  |  | 
01:52:44 | decision |  |  |  |  |  |  | 
01:52:44 | decision |  |  |  |  |  |  | 
01:52:44 | decision |  |  |  |  |  |  | 
01:52:44 | decision |  |  |  |  |  |  | 
01:52:44 | decision |  |  |  |  |  |  | 
01:52:44 | decision |  |  |  |  |  |  | 
01:52:44 | decision |  |  |  |  |  |  | 
01:52:44 | decision |  |  |  |  |  |  | 
01:52:44 | decision |  |  |  |  |  |  | 
01:52:44 | decision |  |  |  |  |  |  | 
01:52:44 | decision |  |  |  |  |  |  | 
01:52:44 | decision |  |  |  |  |  |  | 
01:52:44 | decision |  |  |  |  |  |  | 
01:52:44 | decision |  |  |  |  |  |  | 
01:52:44 | decision |  |  |  |  |  |  | 
01:52:44 | decision |  |  |  |  |  |  | 
01:52:44 | decision |  |  |  |  |  |  | 
01:52:44 | decision |  |  |  |  |  |  | 
01:52:44 | decision |  |  |  |  |  |  | 
01:52:44 | decision |  |  |  |  |  |  | 
01:52:44 | decision |  |  |  |  |  |  | 
01:52:44 | decision |  |  |  |  |  |  | 
01:52:44 | decision |  |  |  |  |  |  | 
01:52:44 | decision |  |  |  |  |  |  | 
01:52:44 | decision |  |  |  |  |  |  | 
01:52:44 | decision |  |  |  |  |  |  | 
01:52:44 | decision |  |  |  |  |  |  | 
01:52:44 | decision |  |  |  |  |  |  | 
01:52:44 | decision |  |  |  |  |  |  | 
01:52:44 | decision |  |  |  |  |  |  | 
01:52:44 | decision |  |  |  |  |  |  | 
01:52:44 | decision |  |  |  |  |  |  | 
01:52:44 | decision |  |  |  |  |  |  | 
01:52:44 | decision |  |  |  |  |  |  | 
01:52:44 | decision |  |  |  |  |  |  | 
01:52:44 | decision |  |  |  |  |  |  | 
01:52:44 | decision |  |  |  |  |  |  | 
01:52:44 | decision |  |  |  |  |  |  | 
01:52:44 | decision |  |  |  |  |  |  | 
01:52:44 | decision |  |  |  |  |  |  | 
01:52:44 | decision |  |  |  |  |  |  | 
01:52:44 | decision |  |  |  |  |  |  | 
01:52:44 | decision |  |  |  |  |  |  | 
01:52:44 | decision |  |  |  |  |  |  | 
01:52:44 | decision |  |  |  |  |  |  | 
01:52:44 | decision |  |  |  |  |  |  | 
01:52:44 | decision |  |  |  |  |  |  | 
01:52:44 | decision |  |  |  |  |  |  | 
01:52:44 | decision |  |  |  |  |  |  | 
01:52:44 | decision |  |  |  |  |  |  | 
01:52:44 | decision |  |  |  |  |  |  | 
01:52:44 | decision |  |  |  |  |  |  | 
01:52:44 | decision |  |  |  |  |  |  | 
01:52:44 | decision |  |  |  |  |  |  | 
01:52:44 | decision |  |  |  |  |  |  | 
01:52:44 | decision |  |  |  |  |  |  | 
01:52:44 | decision |  |  |  |  |  |  | 
01:52:44 | decision |  |  |  |  |  |  | 
01:52:44 | decision |  |  |  |  |  |  | 
01:52:44 | decision |  |  |  |  |  |  | 
01:52:44 | decision |  |  |  |  |  |  | 
01:52:44 | decision |  |  |  |  |  |  | 
01:52:44 | decision |  |  |  |  |  |  | 
01:52:44 | decision |  |  |  |  |  |  | 
01:52:44 | decision |  |  |  |  |  |  | 
01:52:44 | decision |  |  |  |  |  |  | 
01:52:44 | decision |  |  |  |  |  |  | 
01:52:44 | decision |  |  |  |  |  |  | 
01:52:44 | decision |  |  |  |  |  |  | 
01:52:44 | decision |  |  |  |  |  |  | 
01:52:44 | decision |  |  |  |  |  |  | 
01:52:44 | decision |  |  |  |  |  |  | 
01:52:44 | decision |  |  |  |  |  |  | 
01:52:44 | decision |  |  |  |  |  |  | 
01:52:44 | decision |  |  |  |  |  |  | 
01:52:44 | decision |  |  |  |  |  |  | 
01:52:44 | decision |  |  |  |  |  |  | 
01:52:44 | decision |  |  |  |  |  |  | 
01:52:44 | decision |  |  |  |  |  |  | 
01:52:44 | decision |  |  |  |  |  |  | 
01:52:44 | decision |  |  |  |  |  |  | 
01:52:44 | decision |  |  |  |  |  |  | 
01:52:44 | decision |  |  |  |  |  |  | 
01:52:44 | decision |  |  |  |  |  |  | 
01:52:44 | decision |  |  |  |  |  |  | 
01:52:44 | decision |  |  |  |  |  |  | 
01:52:44 | decision |  |  |  |  |  |  | 
01:52:44 | decision |  |  |  |  |  |  | 
01:52:44 | decision |  |  |  |  |  |  | 
01:52:44 | decision |  |  |  |  |  |  | 
01:52:44 | decision |  |  |  |  |  |  | 
01:52:44 | decision |  |  |  |  |  |  | 
01:52:44 | decision |  |  |  |  |  |  | 
01:52:44 | decision |  |  |  |  |  |  | 
01:52:44 | decision |  |  |  |  |  |  | 
01:52:44 | decision |  |  |  |  |  |  | 
01:52:44 | decision |  |  |  |  |  |  | 
01:52:44 | decision |  |  |  |  |  |  | 
01:52:44 | decision |  |  |  |  |  |  | 
01:52:44 | decision |  |  |  |  |  |  | 
01:52:44 | decision |  |  |  |  |  |  | 
01:52:44 | decision |  |  |  |  |  |  | 
01:52:44 | decision |  |  |  |  |  |  | 
01:52:44 | decision |  |  |  |  |  |  | 
01:52:44 | decision |  |  |  |  |  |  | 
01:52:44 | decision |  |  |  |  |  |  | 
01:52:44 | decision |  |  |  |  |  |  | 
01:52:44 | decision |  |  |  |  |  |  | 
01:52:44 | decision |  |  |  |  |  |  | 
01:52:44 | decision |  |  |  |  |  |  | 
01:52:44 | decision |  |  |  |  |  |  | 
01:52:44 | decision |  |  |  |  |  |  | 
01:52:44 | decision |  |  |  |  |  |  | 
01:52:44 | decision |  |  |  |  |  |  | 
01:52:44 | decision |  |  |  |  |  |  | 
01:52:44 | decision |  |  |  |  |  |  | 
01:52:44 | decision |  |  |  |  |  |  | 
01:52:44 | decision |  |  |  |  |  |  | 
01:52:44 | decision |  |  |  |  |  |  | 
01:52:44 | decision |  |  |  |  |  |  | 
01:52:44 | decision |  |  |  |  |  |  | 
01:52:44 | decision |  |  |  |  |  |  | 
01:52:44 | decision |  |  |  |  |  |  | 
01:52:44 | decision |  |  |  |  |  |  | 
01:52:44 | decision |  |  |  |  |  |  | 
01:52:44 | decision |  |  |  |  |  |  | 
01:52:44 | decision |  |  |  |  |  |  | 
01:52:44 | decision |  |  |  |  |  |  | 
01:52:44 | decision |  |  |  |  |  |  | 
01:52:44 | decision |  |  |  |  |  |  | 
01:52:44 | decision |  |  |  |  |  |  | 
01:52:44 | decision |  |  |  |  |  |  | 
01:52:44 | decision |  |  |  |  |  |  | 
01:52:44 | decision |  |  |  |  |  |  | 
01:52:44 | decision |  |  |  |  |  |  | 
01:52:44 | decision |  |  |  |  |  |  | 
01:52:44 | decision |  |  |  |  |  |  | 
01:52:44 | decision |  |  |  |  |  |  | 
01:52:44 | decision |  |  |  |  |  |  | 
01:52:44 | decision |  |  |  |  |  |  | 
01:52:44 | decision |  |  |  |  |  |  | 
01:52:44 | decision |  |  |  |  |  |  | 
01:52:44 | decision |  |  |  |  |  |  | 
01:52:44 | decision |  |  |  |  |  |  | 
01:52:44 | decision |  |  |  |  |  |  | 
01:52:44 | decision |  |  |  |  |  |  | 
01:52:44 | decision |  |  |  |  |  |  | 
01:52:44 | decision |  |  |  |  |  |  | 
01:52:44 | decision |  |  |  |  |  |  | 
01:52:44 | decision |  |  |  |  |  |  | 
01:52:44 | decision |  |  |  |  |  |  | 
01:52:44 | decision |  |  |  |  |  |  | 
01:52:44 | decision |  |  |  |  |  |  | 
01:52:44 | decision |  |  |  |  |  |  | 
01:52:44 | decision |  |  |  |  |  |  | 
01:52:44 | decision |  |  |  |  |  |  | 
01:52:44 | decision |  |  |  |  |  |  | 
01:52:44 | decision |  |  |  |  |  |  | 
01:52:44 | decision |  |  |  |  |  |  | 
01:52:44 | decision |  |  |  |  |  |  | 
01:52:44 | decision |  |  |  |  |  |  | 
01:52:44 | decision |  |  |  |  |  |  | 
01:52:44 | decision |  |  |  |  |  |  | 
01:52:44 | decision |  |  |  |  |  |  | 
01:52:44 | decision |  |  |  |  |  |  | 
01:52:44 | decision |  |  |  |  |  |  | 
01:52:44 | decision |  |  |  |  |  |  | 
01:52:44 | decision |  |  |  |  |  |  | 
01:52:44 | decision |  |  |  |  |  |  | 
01:52:44 | decision |  |  |  |  |  |  | 
01:52:44 | decision |  |  |  |  |  |  | 
01:52:44 | decision |  |  |  |  |  |  | 
01:52:44 | decision |  |  |  |  |  |  | 
01:52:44 | decision |  |  |  |  |  |  | 
01:52:44 | decision |  |  |  |  |  |  | 
01:52:44 | decision |  |  |  |  |  |  | 
01:52:44 | decision |  |  |  |  |  |  | 
01:52:44 | decision |  |  |  |  |  |  | 
01:52:44 | decision |  |  |  |  |  |  | 
01:52:44 | decision |  |  |  |  |  |  | 
01:52:44 | decision |  |  |  |  |  |  | 
01:52:44 | decision |  |  |  |  |  |  | 
01:52:44 | decision |  |  |  |  |  |  | 
01:52:44 | decision |  |  |  |  |  |  | 
01:52:44 | decision |  |  |  |  |  |  | 
01:52:44 | decision |  |  |  |  |  |  | 
01:52:44 | decision |  |  |  |  |  |  | 
01:52:44 | decision |  |  |  |  |  |  | 
01:52:44 | decision |  |  |  |  |  |  | 
01:52:44 | decision |  |  |  |  |  |  | 
01:52:44 | decision |  |  |  |  |  |  | 
01:52:44 | decision |  |  |  |  |  |  | 
01:52:44 | decision |  |  |  |  |  |  | 
01:52:44 | decision |  |  |  |  |  |  | 
01:52:44 | decision |  |  |  |  |  |  | 
01:52:44 | decision |  |  |  |  |  |  | 
01:52:44 | decision |  |  |  |  |  |  | 
01:52:44 | decision |  |  |  |  |  |  | 
01:52:44 | decision |  |  |  |  |  |  | 
01:52:44 | decision |  |  |  |  |  |  | 
01:52:44 | decision |  |  |  |  |  |  | 
01:52:44 | decision |  |  |  |  |  |  | 
01:52:44 | decision |  |  |  |  |  |  | 
01:52:44 | decision |  |  |  |  |  |  | 
01:52:44 | decision |  |  |  |  |  |  | 
01:52:44 | decision |  |  |  |  |  |  | 
01:52:44 | decision |  |  |  |  |  |  | 
01:52:44 | decision |  |  |  |  |  |  | 
01:52:44 | decision |  |  |  |  |  |  | 
01:52:44 | decision |  |  |  |  |  |  | 
01:52:44 | decision |  |  |  |  |  |  | 
01:52:44 | decision |  |  |  |  |  |  | 
01:52:44 | decision |  |  |  |  |  |  | 
01:52:44 | decision |  |  |  |  |  |  | 
01:52:44 | decision |  |  |  |  |  |  | 
01:52:44 | decision |  |  |  |  |  |  | 
01:52:44 | decision |  |  |  |  |  |  | 
01:52:44 | decision |  |  |  |  |  |  | 
01:52:44 | decision |  |  |  |  |  |  | 
01:52:44 | decision |  |  |  |  |  |  | 
01:52:44 | decision |  |  |  |  |  |  | 
01:52:44 | decision |  |  |  |  |  |  | 
01:52:44 | decision |  |  |  |  |  |  | 
01:52:44 | decision |  |  |  |  |  |  | 
01:52:44 | decision |  |  |  |  |  |  | 
01:52:44 | decision |  |  |  |  |  |  | 
01:52:44 | decision |  |  |  |  |  |  | 
01:52:44 | decision |  |  |  |  |  |  | 
01:52:44 | decision |  |  |  |  |  |  | 
01:52:44 | decision |  |  |  |  |  |  | 
01:52:44 | decision |  |  |  |  |  |  | 
01:52:44 | decision |  |  |  |  |  |  | 
01:52:44 | decision |  |  |  |  |  |  | 
01:52:44 | decision |  |  |  |  |  |  | 
01:52:44 | decision |  |  |  |  |  |  | 
01:52:44 | decision |  |  |  |  |  |  | 
01:52:44 | decision |  |  |  |  |  |  | 
01:52:44 | decision |  |  |  |  |  |  | 
01:52:44 | decision |  |  |  |  |  |  | 
=== 03:53:07
rule 17 | active | 1 attempts | The invoice's issuer_nif, normalised (uppercase, no spaces/h
rule 18 | active | 1 attempts | The invoice's iban, normalised (uppercase, no spaces), must 
rule 19 | active | 1 attempts | The invoice's purchase_order, normalised (uppercase, no spac
rule 20 | active | 1 attempts | The orders row for the invoice's purchase_order must have or
rule 21 | active | 1 attempts | The invoice's total must match the orders.total_amount of th
rule 22 | active | 1 attempts | The invoice's vat_amount must match base * vat_rate / 100 wi
rule 23 | active | 1 attempts | The invoice's total must match base + vat_amount within ±0.0
rule 24 | active | 1 attempts | The invoice's date must be a valid calendar date: it must pa
rule 25 | active | 1 attempts | The invoice's date must not be later than parameters.cut_off
rule 26 | active | 1 attempts | The erp entry for the invoice's purchase_order (erp.purchase
rule 27 | active | 1 attempts | No erp entry (in the erp source or in others) with the same 
=== 03:53:18
rule 17 | active | 1 attempts | The invoice's issuer_nif, normalised (uppercase, no spaces/h
rule 18 | active | 1 attempts | The invoice's iban, normalised (uppercase, no spaces), must 
rule 19 | active | 1 attempts | The invoice's purchase_order, normalised (uppercase, no spac
rule 20 | active | 1 attempts | The orders row for the invoice's purchase_order must have or
rule 21 | active | 1 attempts | The invoice's total must match the orders.total_amount of th
rule 22 | active | 1 attempts | The invoice's vat_amount must match base * vat_rate / 100 wi
rule 23 | active | 1 attempts | The invoice's total must match base + vat_amount within ±0.0
rule 24 | active | 1 attempts | The invoice's date must be a valid calendar date: it must pa
rule 25 | active | 1 attempts | The invoice's date must not be later than parameters.cut_off
rule 26 | active | 1 attempts | The erp entry for the invoice's purchase_order (erp.purchase
rule 27 | active | 1 attempts | No erp entry (in the erp source or in others) with the same 
=== 03:53:28
rule 17 | active | 1 attempts | The invoice's issuer_nif, normalised (uppercase, no spaces/h
rule 18 | active | 1 attempts | The invoice's iban, normalised (uppercase, no spaces), must 
rule 19 | active | 1 attempts | The invoice's purchase_order, normalised (uppercase, no spac
rule 20 | active | 1 attempts | The orders row for the invoice's purchase_order must have or
rule 21 | active | 1 attempts | The invoice's total must match the orders.total_amount of th
rule 22 | active | 1 attempts | The invoice's vat_amount must match base * vat_rate / 100 wi
rule 23 | active | 1 attempts | The invoice's total must match base + vat_amount within ±0.0
rule 24 | active | 1 attempts | The invoice's date must be a valid calendar date: it must pa
rule 25 | active | 1 attempts | The invoice's date must not be later than parameters.cut_off
rule 26 | active | 1 attempts | The erp entry for the invoice's purchase_order (erp.purchase
rule 27 | active | 1 attempts | No erp entry (in the erp source or in others) with the same 
=== 03:53:38
rule 17 | active | 1 attempts | The invoice's issuer_nif, normalised (uppercase, no spaces/h
rule 18 | active | 1 attempts | The invoice's iban, normalised (uppercase, no spaces), must 
rule 19 | active | 1 attempts | The invoice's purchase_order, normalised (uppercase, no spac
rule 20 | active | 1 attempts | The orders row for the invoice's purchase_order must have or
rule 21 | active | 1 attempts | The invoice's total must match the orders.total_amount of th
rule 22 | active | 1 attempts | The invoice's vat_amount must match base * vat_rate / 100 wi
rule 23 | active | 1 attempts | The invoice's total must match base + vat_amount within ±0.0
rule 24 | active | 1 attempts | The invoice's date must be a valid calendar date: it must pa
rule 25 | active | 1 attempts | The invoice's date must not be later than parameters.cut_off
rule 26 | active | 1 attempts | The erp entry for the invoice's purchase_order (erp.purchase
rule 27 | active | 1 attempts | No erp entry (in the erp source or in others) with the same 
=== 03:53:48
rule 17 | active | 1 attempts | The invoice's issuer_nif, normalised (uppercase, no spaces/h
rule 18 | active | 1 attempts | The invoice's iban, normalised (uppercase, no spaces), must 
rule 19 | active | 1 attempts | The invoice's purchase_order, normalised (uppercase, no spac
rule 20 | active | 1 attempts | The orders row for the invoice's purchase_order must have or
rule 21 | active | 1 attempts | The invoice's total must match the orders.total_amount of th
rule 22 | active | 1 attempts | The invoice's vat_amount must match base * vat_rate / 100 wi
rule 23 | active | 1 attempts | The invoice's total must match base + vat_amount within ±0.0
rule 24 | active | 1 attempts | The invoice's date must be a valid calendar date: it must pa
rule 25 | active | 1 attempts | The invoice's date must not be later than parameters.cut_off
rule 26 | active | 1 attempts | The erp entry for the invoice's purchase_order (erp.purchase
rule 27 | active | 1 attempts | No erp entry (in the erp source or in others) with the same 
=== 03:53:58
rule 17 | active | 1 attempts | The invoice's issuer_nif, normalised (uppercase, no spaces/h
rule 18 | active | 1 attempts | The invoice's iban, normalised (uppercase, no spaces), must 
rule 19 | active | 1 attempts | The invoice's purchase_order, normalised (uppercase, no spac
rule 20 | active | 1 attempts | The orders row for the invoice's purchase_order must have or
rule 21 | active | 1 attempts | The invoice's total must match the orders.total_amount of th
rule 22 | active | 1 attempts | The invoice's vat_amount must match base * vat_rate / 100 wi
rule 23 | active | 1 attempts | The invoice's total must match base + vat_amount within ±0.0
rule 24 | active | 1 attempts | The invoice's date must be a valid calendar date: it must pa
rule 25 | active | 1 attempts | The invoice's date must not be later than parameters.cut_off
rule 26 | active | 1 attempts | The erp entry for the invoice's purchase_order (erp.purchase
rule 27 | active | 1 attempts | No erp entry (in the erp source or in others) with the same 
=== 03:54:08
rule 17 | active | 1 attempts | The invoice's issuer_nif, normalised (uppercase, no spaces/h
rule 18 | active | 1 attempts | The invoice's iban, normalised (uppercase, no spaces), must 
rule 19 | active | 1 attempts | The invoice's purchase_order, normalised (uppercase, no spac
rule 20 | active | 1 attempts | The orders row for the invoice's purchase_order must have or
rule 21 | active | 1 attempts | The invoice's total must match the orders.total_amount of th
rule 22 | active | 1 attempts | The invoice's vat_amount must match base * vat_rate / 100 wi
rule 23 | active | 1 attempts | The invoice's total must match base + vat_amount within ±0.0
rule 24 | active | 1 attempts | The invoice's date must be a valid calendar date: it must pa
rule 25 | active | 1 attempts | The invoice's date must not be later than parameters.cut_off
rule 26 | active | 1 attempts | The erp entry for the invoice's purchase_order (erp.purchase
rule 27 | active | 1 attempts | No erp entry (in the erp source or in others) with the same 
=== 03:54:18
rule 17 | active | 1 attempts | The invoice's issuer_nif, normalised (uppercase, no spaces/h
rule 18 | active | 1 attempts | The invoice's iban, normalised (uppercase, no spaces), must 
rule 19 | active | 1 attempts | The invoice's purchase_order, normalised (uppercase, no spac
rule 20 | active | 1 attempts | The orders row for the invoice's purchase_order must have or
rule 21 | active | 1 attempts | The invoice's total must match the orders.total_amount of th
rule 22 | active | 1 attempts | The invoice's vat_amount must match base * vat_rate / 100 wi
rule 23 | active | 1 attempts | The invoice's total must match base + vat_amount within ±0.0
rule 24 | active | 1 attempts | The invoice's date must be a valid calendar date: it must pa
rule 25 | active | 1 attempts | The invoice's date must not be later than parameters.cut_off
rule 26 | active | 1 attempts | The erp entry for the invoice's purchase_order (erp.purchase
rule 27 | active | 1 attempts | No erp entry (in the erp source or in others) with the same 
=== 03:54:29
rule 17 | active | 1 attempts | The invoice's issuer_nif, normalised (uppercase, no spaces/h
rule 18 | active | 1 attempts | The invoice's iban, normalised (uppercase, no spaces), must 
rule 19 | active | 1 attempts | The invoice's purchase_order, normalised (uppercase, no spac
rule 20 | active | 1 attempts | The orders row for the invoice's purchase_order must have or
rule 21 | active | 1 attempts | The invoice's total must match the orders.total_amount of th
rule 22 | active | 1 attempts | The invoice's vat_amount must match base * vat_rate / 100 wi
rule 23 | active | 1 attempts | The invoice's total must match base + vat_amount within ±0.0
rule 24 | active | 1 attempts | The invoice's date must be a valid calendar date: it must pa
rule 25 | active | 1 attempts | The invoice's date must not be later than parameters.cut_off
rule 26 | active | 1 attempts | The erp entry for the invoice's purchase_order (erp.purchase
rule 27 | active | 1 attempts | No erp entry (in the erp source or in others) with the same 
=== 03:54:39
rule 17 | active | 1 attempts | The invoice's issuer_nif, normalised (uppercase, no spaces/h
rule 18 | active | 1 attempts | The invoice's iban, normalised (uppercase, no spaces), must 
rule 19 | active | 1 attempts | The invoice's purchase_order, normalised (uppercase, no spac
rule 20 | active | 1 attempts | The orders row for the invoice's purchase_order must have or
rule 21 | active | 1 attempts | The invoice's total must match the orders.total_amount of th
rule 22 | active | 1 attempts | The invoice's vat_amount must match base * vat_rate / 100 wi
rule 23 | active | 1 attempts | The invoice's total must match base + vat_amount within ±0.0
rule 24 | active | 1 attempts | The invoice's date must be a valid calendar date: it must pa
rule 25 | active | 1 attempts | The invoice's date must not be later than parameters.cut_off
rule 26 | active | 1 attempts | The erp entry for the invoice's purchase_order (erp.purchase
rule 27 | active | 1 attempts | No erp entry (in the erp source or in others) with the same 
=== 03:54:49
rule 17 | active | 1 attempts | The invoice's issuer_nif, normalised (uppercase, no spaces/h
rule 18 | active | 1 attempts | The invoice's iban, normalised (uppercase, no spaces), must 
rule 19 | active | 1 attempts | The invoice's purchase_order, normalised (uppercase, no spac
rule 20 | active | 1 attempts | The orders row for the invoice's purchase_order must have or
rule 21 | active | 1 attempts | The invoice's total must match the orders.total_amount of th
rule 22 | active | 1 attempts | The invoice's vat_amount must match base * vat_rate / 100 wi
rule 23 | active | 1 attempts | The invoice's total must match base + vat_amount within ±0.0
rule 24 | active | 1 attempts | The invoice's date must be a valid calendar date: it must pa
rule 25 | active | 1 attempts | The invoice's date must not be later than parameters.cut_off
rule 26 | active | 1 attempts | The erp entry for the invoice's purchase_order (erp.purchase
rule 27 | active | 1 attempts | No erp entry (in the erp source or in others) with the same 
=== 03:54:59
rule 17 | active | 1 attempts | The invoice's issuer_nif, normalised (uppercase, no spaces/h
rule 18 | active | 1 attempts | The invoice's iban, normalised (uppercase, no spaces), must 
rule 19 | active | 1 attempts | The invoice's purchase_order, normalised (uppercase, no spac
rule 20 | active | 1 attempts | The orders row for the invoice's purchase_order must have or
rule 21 | active | 1 attempts | The invoice's total must match the orders.total_amount of th
rule 22 | active | 1 attempts | The invoice's vat_amount must match base * vat_rate / 100 wi
rule 23 | active | 1 attempts | The invoice's total must match base + vat_amount within ±0.0
rule 24 | active | 1 attempts | The invoice's date must be a valid calendar date: it must pa
rule 25 | active | 1 attempts | The invoice's date must not be later than parameters.cut_off
rule 26 | active | 1 attempts | The erp entry for the invoice's purchase_order (erp.purchase
rule 27 | active | 1 attempts | No erp entry (in the erp source or in others) with the same 
=== 03:55:09
rule 17 | active | 1 attempts | The invoice's issuer_nif, normalised (uppercase, no spaces/h
rule 18 | active | 1 attempts | The invoice's iban, normalised (uppercase, no spaces), must 
rule 19 | active | 1 attempts | The invoice's purchase_order, normalised (uppercase, no spac
rule 20 | active | 1 attempts | The orders row for the invoice's purchase_order must have or
rule 21 | active | 1 attempts | The invoice's total must match the orders.total_amount of th
rule 22 | active | 1 attempts | The invoice's vat_amount must match base * vat_rate / 100 wi
rule 23 | active | 1 attempts | The invoice's total must match base + vat_amount within ±0.0
rule 24 | active | 1 attempts | The invoice's date must be a valid calendar date: it must pa
rule 25 | active | 1 attempts | The invoice's date must not be later than parameters.cut_off
rule 26 | active | 1 attempts | The erp entry for the invoice's purchase_order (erp.purchase
rule 27 | active | 1 attempts | No erp entry (in the erp source or in others) with the same 
=== 03:55:19
rule 17 | active | 1 attempts | The invoice's issuer_nif, normalised (uppercase, no spaces/h
rule 18 | active | 1 attempts | The invoice's iban, normalised (uppercase, no spaces), must 
rule 19 | active | 1 attempts | The invoice's purchase_order, normalised (uppercase, no spac
rule 20 | active | 1 attempts | The orders row for the invoice's purchase_order must have or
rule 21 | active | 1 attempts | The invoice's total must match the orders.total_amount of th
rule 22 | active | 1 attempts | The invoice's vat_amount must match base * vat_rate / 100 wi
rule 23 | active | 1 attempts | The invoice's total must match base + vat_amount within ±0.0
rule 24 | active | 1 attempts | The invoice's date must be a valid calendar date: it must pa
rule 25 | active | 1 attempts | The invoice's date must not be later than parameters.cut_off
rule 26 | active | 1 attempts | The erp entry for the invoice's purchase_order (erp.purchase
rule 27 | active | 1 attempts | No erp entry (in the erp source or in others) with the same 
=== 03:55:30
rule 17 | active | 1 attempts | The invoice's issuer_nif, normalised (uppercase, no spaces/h
rule 18 | active | 1 attempts | The invoice's iban, normalised (uppercase, no spaces), must 
rule 19 | active | 1 attempts | The invoice's purchase_order, normalised (uppercase, no spac
rule 20 | active | 1 attempts | The orders row for the invoice's purchase_order must have or
rule 21 | active | 1 attempts | The invoice's total must match the orders.total_amount of th
rule 22 | active | 1 attempts | The invoice's vat_amount must match base * vat_rate / 100 wi
rule 23 | active | 1 attempts | The invoice's total must match base + vat_amount within ±0.0
rule 24 | active | 1 attempts | The invoice's date must be a valid calendar date: it must pa
rule 25 | active | 1 attempts | The invoice's date must not be later than parameters.cut_off
rule 26 | active | 1 attempts | The erp entry for the invoice's purchase_order (erp.purchase
rule 27 | active | 1 attempts | No erp entry (in the erp source or in others) with the same 
=== 03:55:40
rule 17 | active | 1 attempts | The invoice's issuer_nif, normalised (uppercase, no spaces/h
rule 18 | active | 1 attempts | The invoice's iban, normalised (uppercase, no spaces), must 
rule 19 | active | 1 attempts | The invoice's purchase_order, normalised (uppercase, no spac
rule 20 | active | 1 attempts | The orders row for the invoice's purchase_order must have or
rule 21 | active | 1 attempts | The invoice's total must match the orders.total_amount of th
rule 22 | active | 1 attempts | The invoice's vat_amount must match base * vat_rate / 100 wi
rule 23 | active | 1 attempts | The invoice's total must match base + vat_amount within ±0.0
rule 24 | active | 1 attempts | The invoice's date must be a valid calendar date: it must pa
rule 25 | active | 1 attempts | The invoice's date must not be later than parameters.cut_off
rule 26 | active | 1 attempts | The erp entry for the invoice's purchase_order (erp.purchase
rule 27 | active | 1 attempts | No erp entry (in the erp source or in others) with the same 
=== 03:55:50
rule 17 | active | 1 attempts | The invoice's issuer_nif, normalised (uppercase, no spaces/h
rule 18 | active | 1 attempts | The invoice's iban, normalised (uppercase, no spaces), must 
rule 19 | active | 1 attempts | The invoice's purchase_order, normalised (uppercase, no spac
rule 20 | active | 1 attempts | The orders row for the invoice's purchase_order must have or
rule 21 | active | 1 attempts | The invoice's total must match the orders.total_amount of th
rule 22 | active | 1 attempts | The invoice's vat_amount must match base * vat_rate / 100 wi
rule 23 | active | 1 attempts | The invoice's total must match base + vat_amount within ±0.0
rule 24 | active | 1 attempts | The invoice's date must be a valid calendar date: it must pa
rule 25 | active | 1 attempts | The invoice's date must not be later than parameters.cut_off
rule 26 | active | 1 attempts | The erp entry for the invoice's purchase_order (erp.purchase
rule 27 | active | 1 attempts | No erp entry (in the erp source or in others) with the same 
=== 03:56:00
rule 17 | active | 1 attempts | The invoice's issuer_nif, normalised (uppercase, no spaces/h
rule 18 | active | 1 attempts | The invoice's iban, normalised (uppercase, no spaces), must 
rule 19 | active | 1 attempts | The invoice's purchase_order, normalised (uppercase, no spac
rule 20 | active | 1 attempts | The orders row for the invoice's purchase_order must have or
rule 21 | active | 1 attempts | The invoice's total must match the orders.total_amount of th
rule 22 | active | 1 attempts | The invoice's vat_amount must match base * vat_rate / 100 wi
rule 23 | active | 1 attempts | The invoice's total must match base + vat_amount within ±0.0
rule 24 | active | 1 attempts | The invoice's date must be a valid calendar date: it must pa
rule 25 | active | 1 attempts | The invoice's date must not be later than parameters.cut_off
rule 26 | active | 1 attempts | The erp entry for the invoice's purchase_order (erp.purchase
rule 27 | active | 1 attempts | No erp entry (in the erp source or in others) with the same 
=== 03:56:10
rule 17 | active | 1 attempts | The invoice's issuer_nif, normalised (uppercase, no spaces/h
rule 18 | active | 1 attempts | The invoice's iban, normalised (uppercase, no spaces), must 
rule 19 | active | 1 attempts | The invoice's purchase_order, normalised (uppercase, no spac
rule 20 | active | 1 attempts | The orders row for the invoice's purchase_order must have or
rule 21 | active | 1 attempts | The invoice's total must match the orders.total_amount of th
rule 22 | active | 1 attempts | The invoice's vat_amount must match base * vat_rate / 100 wi
rule 23 | active | 1 attempts | The invoice's total must match base + vat_amount within ±0.0
rule 24 | active | 1 attempts | The invoice's date must be a valid calendar date: it must pa
rule 25 | active | 1 attempts | The invoice's date must not be later than parameters.cut_off
rule 26 | active | 1 attempts | The erp entry for the invoice's purchase_order (erp.purchase
rule 27 | active | 1 attempts | No erp entry (in the erp source or in others) with the same 
=== 03:56:20
rule 17 | active | 1 attempts | The invoice's issuer_nif, normalised (uppercase, no spaces/h
rule 18 | active | 1 attempts | The invoice's iban, normalised (uppercase, no spaces), must 
rule 19 | active | 1 attempts | The invoice's purchase_order, normalised (uppercase, no spac
rule 20 | active | 1 attempts | The orders row for the invoice's purchase_order must have or
rule 21 | active | 1 attempts | The invoice's total must match the orders.total_amount of th
rule 22 | active | 1 attempts | The invoice's vat_amount must match base * vat_rate / 100 wi
rule 23 | active | 1 attempts | The invoice's total must match base + vat_amount within ±0.0
rule 24 | active | 1 attempts | The invoice's date must be a valid calendar date: it must pa
rule 25 | active | 1 attempts | The invoice's date must not be later than parameters.cut_off
rule 26 | active | 1 attempts | The erp entry for the invoice's purchase_order (erp.purchase
rule 27 | active | 1 attempts | No erp entry (in the erp source or in others) with the same 
=== 03:56:31
rule 17 | active | 1 attempts | The invoice's issuer_nif, normalised (uppercase, no spaces/h
rule 18 | active | 1 attempts | The invoice's iban, normalised (uppercase, no spaces), must 
rule 19 | active | 1 attempts | The invoice's purchase_order, normalised (uppercase, no spac
rule 20 | active | 1 attempts | The orders row for the invoice's purchase_order must have or
rule 21 | active | 1 attempts | The invoice's total must match the orders.total_amount of th
rule 22 | active | 1 attempts | The invoice's vat_amount must match base * vat_rate / 100 wi
rule 23 | active | 1 attempts | The invoice's total must match base + vat_amount within ±0.0
rule 24 | active | 1 attempts | The invoice's date must be a valid calendar date: it must pa
rule 25 | active | 1 attempts | The invoice's date must not be later than parameters.cut_off
rule 26 | active | 1 attempts | The erp entry for the invoice's purchase_order (erp.purchase
rule 27 | active | 1 attempts | No erp entry (in the erp source or in others) with the same 
=== 03:56:41
rule 17 | active | 1 attempts | The invoice's issuer_nif, normalised (uppercase, no spaces/h
rule 18 | active | 1 attempts | The invoice's iban, normalised (uppercase, no spaces), must 
rule 19 | active | 1 attempts | The invoice's purchase_order, normalised (uppercase, no spac
rule 20 | active | 1 attempts | The orders row for the invoice's purchase_order must have or
rule 21 | active | 1 attempts | The invoice's total must match the orders.total_amount of th
rule 22 | active | 1 attempts | The invoice's vat_amount must match base * vat_rate / 100 wi
rule 23 | active | 1 attempts | The invoice's total must match base + vat_amount within ±0.0
rule 24 | active | 1 attempts | The invoice's date must be a valid calendar date: it must pa
rule 25 | active | 1 attempts | The invoice's date must not be later than parameters.cut_off
rule 26 | active | 1 attempts | The erp entry for the invoice's purchase_order (erp.purchase
rule 27 | active | 1 attempts | No erp entry (in the erp source or in others) with the same 
=== 03:56:51
rule 17 | active | 1 attempts | The invoice's issuer_nif, normalised (uppercase, no spaces/h
rule 18 | active | 1 attempts | The invoice's iban, normalised (uppercase, no spaces), must 
rule 19 | active | 1 attempts | The invoice's purchase_order, normalised (uppercase, no spac
rule 20 | active | 1 attempts | The orders row for the invoice's purchase_order must have or
rule 21 | active | 1 attempts | The invoice's total must match the orders.total_amount of th
rule 22 | active | 1 attempts | The invoice's vat_amount must match base * vat_rate / 100 wi
rule 23 | active | 1 attempts | The invoice's total must match base + vat_amount within ±0.0
rule 24 | active | 1 attempts | The invoice's date must be a valid calendar date: it must pa
rule 25 | active | 1 attempts | The invoice's date must not be later than parameters.cut_off
rule 26 | active | 1 attempts | The erp entry for the invoice's purchase_order (erp.purchase
rule 27 | active | 1 attempts | No erp entry (in the erp source or in others) with the same 
=== 03:57:01
rule 17 | active | 1 attempts | The invoice's issuer_nif, normalised (uppercase, no spaces/h
rule 18 | active | 1 attempts | The invoice's iban, normalised (uppercase, no spaces), must 
rule 19 | active | 1 attempts | The invoice's purchase_order, normalised (uppercase, no spac
rule 20 | active | 1 attempts | The orders row for the invoice's purchase_order must have or
rule 21 | active | 1 attempts | The invoice's total must match the orders.total_amount of th
rule 22 | active | 1 attempts | The invoice's vat_amount must match base * vat_rate / 100 wi
rule 23 | active | 1 attempts | The invoice's total must match base + vat_amount within ±0.0
rule 24 | active | 1 attempts | The invoice's date must be a valid calendar date: it must pa
rule 25 | active | 1 attempts | The invoice's date must not be later than parameters.cut_off
rule 26 | active | 1 attempts | The erp entry for the invoice's purchase_order (erp.purchase
rule 27 | active | 1 attempts | No erp entry (in the erp source or in others) with the same 
=== 03:57:11
rule 17 | active | 1 attempts | The invoice's issuer_nif, normalised (uppercase, no spaces/h
rule 18 | active | 1 attempts | The invoice's iban, normalised (uppercase, no spaces), must 
rule 19 | active | 1 attempts | The invoice's purchase_order, normalised (uppercase, no spac
rule 20 | active | 1 attempts | The orders row for the invoice's purchase_order must have or
rule 21 | active | 1 attempts | The invoice's total must match the orders.total_amount of th
rule 22 | active | 1 attempts | The invoice's vat_amount must match base * vat_rate / 100 wi
rule 23 | active | 1 attempts | The invoice's total must match base + vat_amount within ±0.0
rule 24 | active | 1 attempts | The invoice's date must be a valid calendar date: it must pa
rule 25 | active | 1 attempts | The invoice's date must not be later than parameters.cut_off
rule 26 | active | 1 attempts | The erp entry for the invoice's purchase_order (erp.purchase
rule 27 | active | 1 attempts | No erp entry (in the erp source or in others) with the same 
=== 03:57:21
rule 17 | active | 1 attempts | The invoice's issuer_nif, normalised (uppercase, no spaces/h
rule 18 | active | 1 attempts | The invoice's iban, normalised (uppercase, no spaces), must 
rule 19 | active | 1 attempts | The invoice's purchase_order, normalised (uppercase, no spac
rule 20 | active | 1 attempts | The orders row for the invoice's purchase_order must have or
rule 21 | active | 1 attempts | The invoice's total must match the orders.total_amount of th
rule 22 | active | 1 attempts | The invoice's vat_amount must match base * vat_rate / 100 wi
rule 23 | active | 1 attempts | The invoice's total must match base + vat_amount within ±0.0
rule 24 | active | 1 attempts | The invoice's date must be a valid calendar date: it must pa
rule 25 | active | 1 attempts | The invoice's date must not be later than parameters.cut_off
rule 26 | active | 1 attempts | The erp entry for the invoice's purchase_order (erp.purchase
rule 27 | active | 1 attempts | No erp entry (in the erp source or in others) with the same 
=== 03:57:32
rule 17 | active | 1 attempts | The invoice's issuer_nif, normalised (uppercase, no spaces/h
rule 18 | active | 1 attempts | The invoice's iban, normalised (uppercase, no spaces), must 
rule 19 | active | 1 attempts | The invoice's purchase_order, normalised (uppercase, no spac
rule 20 | active | 1 attempts | The orders row for the invoice's purchase_order must have or
rule 21 | active | 1 attempts | The invoice's total must match the orders.total_amount of th
rule 22 | active | 1 attempts | The invoice's vat_amount must match base * vat_rate / 100 wi
rule 23 | active | 1 attempts | The invoice's total must match base + vat_amount within ±0.0
rule 24 | active | 1 attempts | The invoice's date must be a valid calendar date: it must pa
rule 25 | active | 1 attempts | The invoice's date must not be later than parameters.cut_off
rule 26 | active | 1 attempts | The erp entry for the invoice's purchase_order (erp.purchase
rule 27 | active | 1 attempts | No erp entry (in the erp source or in others) with the same 
=== 03:57:42
rule 17 | active | 1 attempts | The invoice's issuer_nif, normalised (uppercase, no spaces/h
rule 18 | active | 1 attempts | The invoice's iban, normalised (uppercase, no spaces), must 
rule 19 | active | 1 attempts | The invoice's purchase_order, normalised (uppercase, no spac
rule 20 | active | 1 attempts | The orders row for the invoice's purchase_order must have or
rule 21 | active | 1 attempts | The invoice's total must match the orders.total_amount of th
rule 22 | active | 1 attempts | The invoice's vat_amount must match base * vat_rate / 100 wi
rule 23 | active | 1 attempts | The invoice's total must match base + vat_amount within ±0.0
rule 24 | active | 1 attempts | The invoice's date must be a valid calendar date: it must pa
rule 25 | active | 1 attempts | The invoice's date must not be later than parameters.cut_off
rule 26 | active | 1 attempts | The erp entry for the invoice's purchase_order (erp.purchase
rule 27 | active | 1 attempts | No erp entry (in the erp source or in others) with the same 
=== 03:57:52
rule 17 | active | 1 attempts | The invoice's issuer_nif, normalised (uppercase, no spaces/h
rule 18 | active | 1 attempts | The invoice's iban, normalised (uppercase, no spaces), must 
rule 19 | active | 1 attempts | The invoice's purchase_order, normalised (uppercase, no spac
rule 20 | active | 1 attempts | The orders row for the invoice's purchase_order must have or
rule 21 | active | 1 attempts | The invoice's total must match the orders.total_amount of th
rule 22 | active | 1 attempts | The invoice's vat_amount must match base * vat_rate / 100 wi
rule 23 | active | 1 attempts | The invoice's total must match base + vat_amount within ±0.0
rule 24 | active | 1 attempts | The invoice's date must be a valid calendar date: it must pa
rule 25 | active | 1 attempts | The invoice's date must not be later than parameters.cut_off
rule 26 | active | 1 attempts | The erp entry for the invoice's purchase_order (erp.purchase
rule 27 | active | 1 attempts | No erp entry (in the erp source or in others) with the same 
=== 03:58:02
rule 17 | active | 1 attempts | The invoice's issuer_nif, normalised (uppercase, no spaces/h
rule 18 | active | 1 attempts | The invoice's iban, normalised (uppercase, no spaces), must 
rule 19 | active | 1 attempts | The invoice's purchase_order, normalised (uppercase, no spac
rule 20 | active | 1 attempts | The orders row for the invoice's purchase_order must have or
rule 21 | active | 1 attempts | The invoice's total must match the orders.total_amount of th
rule 22 | active | 1 attempts | The invoice's vat_amount must match base * vat_rate / 100 wi
rule 23 | active | 1 attempts | The invoice's total must match base + vat_amount within ±0.0
rule 24 | active | 1 attempts | The invoice's date must be a valid calendar date: it must pa
rule 25 | active | 1 attempts | The invoice's date must not be later than parameters.cut_off
rule 26 | active | 1 attempts | The erp entry for the invoice's purchase_order (erp.purchase
rule 27 | active | 1 attempts | No erp entry (in the erp source or in others) with the same 
=== 03:58:12
rule 17 | active | 1 attempts | The invoice's issuer_nif, normalised (uppercase, no spaces/h
rule 18 | active | 1 attempts | The invoice's iban, normalised (uppercase, no spaces), must 
rule 19 | active | 1 attempts | The invoice's purchase_order, normalised (uppercase, no spac
rule 20 | active | 1 attempts | The orders row for the invoice's purchase_order must have or
rule 21 | active | 1 attempts | The invoice's total must match the orders.total_amount of th
rule 22 | active | 1 attempts | The invoice's vat_amount must match base * vat_rate / 100 wi
rule 23 | active | 1 attempts | The invoice's total must match base + vat_amount within ±0.0
rule 24 | active | 1 attempts | The invoice's date must be a valid calendar date: it must pa
rule 25 | active | 1 attempts | The invoice's date must not be later than parameters.cut_off
rule 26 | active | 1 attempts | The erp entry for the invoice's purchase_order (erp.purchase
rule 27 | active | 1 attempts | No erp entry (in the erp source or in others) with the same 
=== 03:58:22
rule 17 | active | 1 attempts | The invoice's issuer_nif, normalised (uppercase, no spaces/h
rule 18 | active | 1 attempts | The invoice's iban, normalised (uppercase, no spaces), must 
rule 19 | active | 1 attempts | The invoice's purchase_order, normalised (uppercase, no spac
rule 20 | active | 1 attempts | The orders row for the invoice's purchase_order must have or
rule 21 | active | 1 attempts | The invoice's total must match the orders.total_amount of th
rule 22 | active | 1 attempts | The invoice's vat_amount must match base * vat_rate / 100 wi
rule 23 | active | 1 attempts | The invoice's total must match base + vat_amount within ±0.0
rule 24 | active | 1 attempts | The invoice's date must be a valid calendar date: it must pa
rule 25 | active | 1 attempts | The invoice's date must not be later than parameters.cut_off
rule 26 | active | 1 attempts | The erp entry for the invoice's purchase_order (erp.purchase
rule 27 | active | 1 attempts | No erp entry (in the erp source or in others) with the same 
=== 03:58:32
rule 17 | active | 1 attempts | The invoice's issuer_nif, normalised (uppercase, no spaces/h
rule 18 | active | 1 attempts | The invoice's iban, normalised (uppercase, no spaces), must 
rule 19 | active | 1 attempts | The invoice's purchase_order, normalised (uppercase, no spac
rule 20 | active | 1 attempts | The orders row for the invoice's purchase_order must have or
rule 21 | active | 1 attempts | The invoice's total must match the orders.total_amount of th
rule 22 | active | 1 attempts | The invoice's vat_amount must match base * vat_rate / 100 wi
rule 23 | active | 1 attempts | The invoice's total must match base + vat_amount within ±0.0
rule 24 | active | 1 attempts | The invoice's date must be a valid calendar date: it must pa
rule 25 | active | 1 attempts | The invoice's date must not be later than parameters.cut_off
rule 26 | active | 1 attempts | The erp entry for the invoice's purchase_order (erp.purchase
rule 27 | active | 1 attempts | No erp entry (in the erp source or in others) with the same 
=== 03:58:43
rule 17 | active | 1 attempts | The invoice's issuer_nif, normalised (uppercase, no spaces/h
rule 18 | active | 1 attempts | The invoice's iban, normalised (uppercase, no spaces), must 
rule 19 | active | 1 attempts | The invoice's purchase_order, normalised (uppercase, no spac
rule 20 | active | 1 attempts | The orders row for the invoice's purchase_order must have or
rule 21 | active | 1 attempts | The invoice's total must match the orders.total_amount of th
rule 22 | active | 1 attempts | The invoice's vat_amount must match base * vat_rate / 100 wi
rule 23 | active | 1 attempts | The invoice's total must match base + vat_amount within ±0.0
rule 24 | active | 1 attempts | The invoice's date must be a valid calendar date: it must pa
rule 25 | active | 1 attempts | The invoice's date must not be later than parameters.cut_off
rule 26 | active | 1 attempts | The erp entry for the invoice's purchase_order (erp.purchase
rule 27 | active | 1 attempts | No erp entry (in the erp source or in others) with the same 
=== 03:58:53
rule 17 | active | 1 attempts | The invoice's issuer_nif, normalised (uppercase, no spaces/h
rule 18 | active | 1 attempts | The invoice's iban, normalised (uppercase, no spaces), must 
rule 19 | active | 1 attempts | The invoice's purchase_order, normalised (uppercase, no spac
rule 20 | active | 1 attempts | The orders row for the invoice's purchase_order must have or
rule 21 | active | 1 attempts | The invoice's total must match the orders.total_amount of th
rule 22 | active | 1 attempts | The invoice's vat_amount must match base * vat_rate / 100 wi
rule 23 | active | 1 attempts | The invoice's total must match base + vat_amount within ±0.0
rule 24 | active | 1 attempts | The invoice's date must be a valid calendar date: it must pa
rule 25 | active | 1 attempts | The invoice's date must not be later than parameters.cut_off
rule 26 | active | 1 attempts | The erp entry for the invoice's purchase_order (erp.purchase
rule 27 | active | 1 attempts | No erp entry (in the erp source or in others) with the same 
01:58:43 | decision |  |  |  |  |  |  | 
01:58:43 | decision |  |  |  |  |  |  | 
01:58:43 | decision |  |  |  |  |  |  | 
01:58:43 | decision |  |  |  |  |  |  | 
01:58:43 | decision |  |  |  |  |  |  | 
01:58:43 | decision |  |  |  |  |  |  | 
01:58:43 | decision |  |  |  |  |  |  | 
01:58:43 | decision |  |  |  |  |  |  | 
01:58:43 | decision |  |  |  |  |  |  | 
01:58:43 | decision |  |  |  |  |  |  | 
01:58:43 | decision |  |  |  |  |  |  | 
01:58:43 | decision |  |  |  |  |  |  | 
01:58:43 | decision |  |  |  |  |  |  | 
01:58:43 | decision |  |  |  |  |  |  | 
01:58:43 | decision |  |  |  |  |  |  | 
01:58:43 | decision |  |  |  |  |  |  | 
01:58:43 | decision |  |  |  |  |  |  | 
01:58:43 | decision |  |  |  |  |  |  | 
01:58:43 | decision |  |  |  |  |  |  | 
01:58:43 | decision |  |  |  |  |  |  | 
01:58:43 | decision |  |  |  |  |  |  | 
01:58:43 | decision |  |  |  |  |  |  | 
01:58:43 | decision |  |  |  |  |  |  | 
01:58:43 | decision |  |  |  |  |  |  | 
01:58:43 | decision |  |  |  |  |  |  | 
01:58:43 | decision |  |  |  |  |  |  | 
01:58:43 | decision |  |  |  |  |  |  | 
01:58:43 | decision |  |  |  |  |  |  | 
01:58:43 | decision |  |  |  |  |  |  | 
01:58:43 | decision |  |  |  |  |  |  | 
01:58:43 | decision |  |  |  |  |  |  | 
01:58:43 | decision |  |  |  |  |  |  | 
01:58:43 | decision |  |  |  |  |  |  | 
01:58:43 | decision |  |  |  |  |  |  | 
01:58:43 | decision |  |  |  |  |  |  | 
01:58:43 | decision |  |  |  |  |  |  | 
01:58:43 | decision |  |  |  |  |  |  | 
01:58:43 | decision |  |  |  |  |  |  | 
01:58:43 | decision |  |  |  |  |  |  | 
01:58:43 | decision |  |  |  |  |  |  | 
01:58:43 | decision |  |  |  |  |  |  | 
01:58:43 | decision |  |  |  |  |  |  | 
01:58:43 | decision |  |  |  |  |  |  | 
01:58:43 | decision |  |  |  |  |  |  | 
01:58:43 | decision |  |  |  |  |  |  | 
01:58:43 | decision |  |  |  |  |  |  | 
01:58:43 | decision |  |  |  |  |  |  | 
01:58:43 | decision |  |  |  |  |  |  | 
01:58:43 | decision |  |  |  |  |  |  | 
01:58:43 | decision |  |  |  |  |  |  | 
01:58:43 | decision |  |  |  |  |  |  | 
01:58:43 | decision |  |  |  |  |  |  | 
01:58:43 | decision |  |  |  |  |  |  | 
01:58:43 | decision |  |  |  |  |  |  | 
01:58:43 | decision |  |  |  |  |  |  | 
01:58:43 | decision |  |  |  |  |  |  | 
01:58:43 | decision |  |  |  |  |  |  | 
01:58:43 | decision |  |  |  |  |  |  | 
01:58:43 | decision |  |  |  |  |  |  | 
01:58:43 | decision |  |  |  |  |  |  | 
01:58:43 | decision |  |  |  |  |  |  | 
01:58:43 | decision |  |  |  |  |  |  | 
01:58:43 | decision |  |  |  |  |  |  | 
01:58:43 | decision |  |  |  |  |  |  | 
01:58:43 | decision |  |  |  |  |  |  | 
01:58:43 | decision |  |  |  |  |  |  | 
01:58:43 | decision |  |  |  |  |  |  | 
01:58:43 | decision |  |  |  |  |  |  | 
01:58:43 | decision |  |  |  |  |  |  | 
01:58:43 | decision |  |  |  |  |  |  | 
01:58:43 | decision |  |  |  |  |  |  | 
01:58:43 | decision |  |  |  |  |  |  | 
01:58:43 | decision |  |  |  |  |  |  | 
01:58:43 | decision |  |  |  |  |  |  | 
01:58:43 | decision |  |  |  |  |  |  | 
01:58:43 | decision |  |  |  |  |  |  | 
01:58:43 | decision |  |  |  |  |  |  | 
01:58:43 | decision |  |  |  |  |  |  | 
01:58:43 | decision |  |  |  |  |  |  | 
01:58:43 | decision |  |  |  |  |  |  | 
01:58:43 | decision |  |  |  |  |  |  | 
01:58:43 | decision |  |  |  |  |  |  | 
01:58:43 | decision |  |  |  |  |  |  | 
01:58:43 | decision |  |  |  |  |  |  | 
01:58:43 | decision |  |  |  |  |  |  | 
01:58:43 | decision |  |  |  |  |  |  | 
01:58:43 | decision |  |  |  |  |  |  | 
01:58:43 | decision |  |  |  |  |  |  | 
01:58:43 | decision |  |  |  |  |  |  | 
01:58:43 | decision |  |  |  |  |  |  | 
01:58:43 | decision |  |  |  |  |  |  | 
01:58:43 | decision |  |  |  |  |  |  | 
01:58:43 | decision |  |  |  |  |  |  | 
01:58:43 | decision |  |  |  |  |  |  | 
01:58:43 | decision |  |  |  |  |  |  | 
01:58:43 | decision |  |  |  |  |  |  | 
01:58:43 | decision |  |  |  |  |  |  | 
01:58:43 | decision |  |  |  |  |  |  | 
01:58:43 | decision |  |  |  |  |  |  | 
01:58:43 | decision |  |  |  |  |  |  | 
01:58:43 | decision |  |  |  |  |  |  | 
01:58:43 | decision |  |  |  |  |  |  | 
01:58:43 | decision |  |  |  |  |  |  | 
01:58:43 | decision |  |  |  |  |  |  | 
01:58:43 | decision |  |  |  |  |  |  | 
01:58:43 | decision |  |  |  |  |  |  | 
01:58:43 | decision |  |  |  |  |  |  | 
01:58:43 | decision |  |  |  |  |  |  | 
01:58:43 | decision |  |  |  |  |  |  | 
01:58:43 | decision |  |  |  |  |  |  | 
01:58:43 | decision |  |  |  |  |  |  | 
01:58:43 | decision |  |  |  |  |  |  | 
01:58:43 | decision |  |  |  |  |  |  | 
01:58:43 | decision |  |  |  |  |  |  | 
01:58:43 | decision |  |  |  |  |  |  | 
01:58:43 | decision |  |  |  |  |  |  | 
01:58:43 | decision |  |  |  |  |  |  | 
01:58:43 | decision |  |  |  |  |  |  | 
01:58:43 | decision |  |  |  |  |  |  | 
01:58:43 | decision |  |  |  |  |  |  | 
01:58:43 | decision |  |  |  |  |  |  | 
01:58:43 | decision |  |  |  |  |  |  | 
01:58:43 | decision |  |  |  |  |  |  | 
01:58:43 | decision |  |  |  |  |  |  | 
01:58:43 | decision |  |  |  |  |  |  | 
01:58:43 | decision |  |  |  |  |  |  | 
01:58:43 | decision |  |  |  |  |  |  | 
01:58:43 | decision |  |  |  |  |  |  | 
01:58:43 | decision |  |  |  |  |  |  | 
01:58:43 | decision |  |  |  |  |  |  | 
01:58:43 | decision |  |  |  |  |  |  | 
01:58:43 | decision |  |  |  |  |  |  | 
01:58:43 | decision |  |  |  |  |  |  | 
01:58:43 | decision |  |  |  |  |  |  | 
01:58:43 | decision |  |  |  |  |  |  | 
01:58:43 | decision |  |  |  |  |  |  | 
01:58:43 | decision |  |  |  |  |  |  | 
01:58:43 | decision |  |  |  |  |  |  | 
01:58:43 | decision |  |  |  |  |  |  | 
01:58:43 | decision |  |  |  |  |  |  | 
01:58:43 | decision |  |  |  |  |  |  | 
01:58:43 | decision |  |  |  |  |  |  | 
01:58:43 | decision |  |  |  |  |  |  | 
01:58:43 | decision |  |  |  |  |  |  | 
01:58:43 | decision |  |  |  |  |  |  | 
01:58:43 | decision |  |  |  |  |  |  | 
01:58:43 | decision |  |  |  |  |  |  | 
01:58:43 | decision |  |  |  |  |  |  | 
01:58:43 | decision |  |  |  |  |  |  | 
01:58:43 | decision |  |  |  |  |  |  | 
01:58:43 | decision |  |  |  |  |  |  | 
01:58:43 | decision |  |  |  |  |  |  | 
01:58:43 | decision |  |  |  |  |  |  | 
01:58:43 | decision |  |  |  |  |  |  | 
01:58:43 | decision |  |  |  |  |  |  | 
01:58:43 | decision |  |  |  |  |  |  | 
01:58:43 | decision |  |  |  |  |  |  | 
01:58:43 | decision |  |  |  |  |  |  | 
01:58:43 | decision |  |  |  |  |  |  | 
01:58:43 | decision |  |  |  |  |  |  | 
01:58:43 | decision |  |  |  |  |  |  | 
01:58:43 | decision |  |  |  |  |  |  | 
01:58:43 | decision |  |  |  |  |  |  | 
01:58:43 | decision |  |  |  |  |  |  | 
01:58:43 | decision |  |  |  |  |  |  | 
01:58:43 | decision |  |  |  |  |  |  | 
01:58:43 | decision |  |  |  |  |  |  | 
01:58:43 | decision |  |  |  |  |  |  | 
01:58:43 | decision |  |  |  |  |  |  | 
01:58:43 | decision |  |  |  |  |  |  | 
01:58:43 | decision |  |  |  |  |  |  | 
01:58:43 | decision |  |  |  |  |  |  | 
01:58:43 | decision |  |  |  |  |  |  | 
01:58:43 | decision |  |  |  |  |  |  | 
01:58:43 | decision |  |  |  |  |  |  | 
01:58:43 | decision |  |  |  |  |  |  | 
01:58:43 | decision |  |  |  |  |  |  | 
01:58:43 | decision |  |  |  |  |  |  | 
01:58:43 | decision |  |  |  |  |  |  | 
01:58:43 | decision |  |  |  |  |  |  | 
01:58:43 | decision |  |  |  |  |  |  | 
01:58:43 | decision |  |  |  |  |  |  | 
01:58:43 | decision |  |  |  |  |  |  | 
01:58:43 | decision |  |  |  |  |  |  | 
01:58:43 | decision |  |  |  |  |  |  | 
01:58:43 | decision |  |  |  |  |  |  | 
01:58:43 | decision |  |  |  |  |  |  | 
01:58:43 | decision |  |  |  |  |  |  | 
01:58:43 | decision |  |  |  |  |  |  | 
01:58:43 | decision |  |  |  |  |  |  | 
01:58:43 | decision |  |  |  |  |  |  | 
01:58:43 | decision |  |  |  |  |  |  | 
01:58:43 | decision |  |  |  |  |  |  | 
01:58:43 | decision |  |  |  |  |  |  | 
01:58:43 | decision |  |  |  |  |  |  | 
01:58:43 | decision |  |  |  |  |  |  | 
01:58:43 | decision |  |  |  |  |  |  | 
01:58:43 | decision |  |  |  |  |  |  | 
01:58:43 | decision |  |  |  |  |  |  | 
01:58:43 | decision |  |  |  |  |  |  | 
01:58:43 | decision |  |  |  |  |  |  | 
01:58:43 | decision |  |  |  |  |  |  | 
01:58:43 | decision |  |  |  |  |  |  | 
01:58:43 | decision |  |  |  |  |  |  | 
01:58:43 | decision |  |  |  |  |  |  | 
01:58:43 | decision |  |  |  |  |  |  | 
01:58:43 | decision |  |  |  |  |  |  | 
01:58:43 | decision |  |  |  |  |  |  | 
01:58:43 | decision |  |  |  |  |  |  | 
01:58:43 | decision |  |  |  |  |  |  | 
01:58:43 | decision |  |  |  |  |  |  | 
01:58:43 | decision |  |  |  |  |  |  | 
01:58:43 | decision |  |  |  |  |  |  | 
01:58:43 | decision |  |  |  |  |  |  | 
01:58:43 | decision |  |  |  |  |  |  | 
01:58:43 | decision |  |  |  |  |  |  | 
01:58:43 | decision |  |  |  |  |  |  | 
01:58:43 | decision |  |  |  |  |  |  | 
01:58:43 | decision |  |  |  |  |  |  | 
01:58:43 | decision |  |  |  |  |  |  | 
01:58:43 | decision |  |  |  |  |  |  | 
01:58:43 | decision |  |  |  |  |  |  | 
01:58:43 | decision |  |  |  |  |  |  | 
01:58:43 | decision |  |  |  |  |  |  | 
01:58:43 | decision |  |  |  |  |  |  | 
01:58:43 | decision |  |  |  |  |  |  | 
01:58:43 | decision |  |  |  |  |  |  | 
01:58:43 | decision |  |  |  |  |  |  | 
01:58:43 | decision |  |  |  |  |  |  | 
01:58:43 | decision |  |  |  |  |  |  | 
01:58:43 | decision |  |  |  |  |  |  | 
01:58:43 | decision |  |  |  |  |  |  | 
01:58:43 | decision |  |  |  |  |  |  | 
01:58:43 | decision |  |  |  |  |  |  | 
01:58:43 | decision |  |  |  |  |  |  | 
01:58:43 | decision |  |  |  |  |  |  | 
01:58:43 | decision |  |  |  |  |  |  | 
01:58:43 | decision |  |  |  |  |  |  | 
01:58:43 | decision |  |  |  |  |  |  | 
01:58:43 | decision |  |  |  |  |  |  | 
01:58:43 | decision |  |  |  |  |  |  | 
01:58:43 | decision |  |  |  |  |  |  | 
01:58:43 | decision |  |  |  |  |  |  | 
01:58:43 | decision |  |  |  |  |  |  | 
01:58:43 | decision |  |  |  |  |  |  | 
01:58:43 | decision |  |  |  |  |  |  | 
01:58:43 | decision |  |  |  |  |  |  | 
01:58:43 | decision |  |  |  |  |  |  | 
01:58:43 | decision |  |  |  |  |  |  | 
01:58:43 | decision |  |  |  |  |  |  | 
01:58:43 | decision |  |  |  |  |  |  | 
01:58:43 | decision |  |  |  |  |  |  | 
01:58:43 | decision |  |  |  |  |  |  | 
01:58:43 | decision |  |  |  |  |  |  | 
01:58:43 | decision |  |  |  |  |  |  | 
01:58:43 | decision |  |  |  |  |  |  | 
01:58:43 | decision |  |  |  |  |  |  | 
01:58:43 | decision |  |  |  |  |  |  | 
01:58:43 | decision |  |  |  |  |  |  | 
01:58:43 | decision |  |  |  |  |  |  | 
01:58:43 | decision |  |  |  |  |  |  | 
01:58:43 | decision |  |  |  |  |  |  | 
01:58:43 | decision |  |  |  |  |  |  | 
01:58:43 | decision |  |  |  |  |  |  | 
01:58:43 | decision |  |  |  |  |  |  | 
01:58:43 | decision |  |  |  |  |  |  | 
01:58:43 | decision |  |  |  |  |  |  | 
01:58:43 | decision |  |  |  |  |  |  | 
01:58:43 | decision |  |  |  |  |  |  | 
01:58:43 | decision |  |  |  |  |  |  | 
01:58:43 | decision |  |  |  |  |  |  | 
01:58:43 | decision |  |  |  |  |  |  | 
01:58:43 | decision |  |  |  |  |  |  | 
01:58:43 | decision |  |  |  |  |  |  | 
01:58:43 | decision |  |  |  |  |  |  | 
01:58:43 | decision |  |  |  |  |  |  | 
01:58:43 | decision |  |  |  |  |  |  | 
01:58:43 | decision |  |  |  |  |  |  | 
01:58:43 | decision |  |  |  |  |  |  | 
01:58:43 | decision |  |  |  |  |  |  | 
01:58:43 | decision |  |  |  |  |  |  | 
01:58:43 | decision |  |  |  |  |  |  | 
01:58:43 | decision |  |  |  |  |  |  | 
01:58:43 | decision |  |  |  |  |  |  | 
01:58:43 | decision |  |  |  |  |  |  | 
01:58:43 | decision |  |  |  |  |  |  | 
01:58:43 | decision |  |  |  |  |  |  | 
01:58:43 | decision |  |  |  |  |  |  | 
01:58:43 | decision |  |  |  |  |  |  | 
01:58:43 | decision |  |  |  |  |  |  | 
01:58:43 | decision |  |  |  |  |  |  | 
01:58:43 | decision |  |  |  |  |  |  | 
01:58:43 | decision |  |  |  |  |  |  | 
01:58:43 | decision |  |  |  |  |  |  | 
01:58:43 | decision |  |  |  |  |  |  | 
01:58:43 | decision |  |  |  |  |  |  | 
01:58:43 | decision |  |  |  |  |  |  | 
01:58:43 | decision |  |  |  |  |  |  | 
01:58:43 | decision |  |  |  |  |  |  | 
01:58:43 | decision |  |  |  |  |  |  | 
01:58:43 | decision |  |  |  |  |  |  | 
01:58:43 | decision |  |  |  |  |  |  | 
01:58:43 | decision |  |  |  |  |  |  | 
01:58:43 | decision |  |  |  |  |  |  | 
01:58:43 | decision |  |  |  |  |  |  | 
01:58:43 | decision |  |  |  |  |  |  | 
01:58:43 | decision |  |  |  |  |  |  | 
01:58:43 | decision |  |  |  |  |  |  | 
01:58:43 | decision |  |  |  |  |  |  | 
01:58:43 | decision |  |  |  |  |  |  | 
01:58:43 | decision |  |  |  |  |  |  | 
01:58:43 | decision |  |  |  |  |  |  | 
01:58:43 | decision |  |  |  |  |  |  | 
01:58:43 | decision |  |  |  |  |  |  | 
01:58:43 | decision |  |  |  |  |  |  | 
01:58:43 | decision |  |  |  |  |  |  | 
01:58:43 | decision |  |  |  |  |  |  | 
01:58:43 | decision |  |  |  |  |  |  | 
01:58:43 | decision |  |  |  |  |  |  | 
01:58:43 | decision |  |  |  |  |  |  | 
01:58:43 | decision |  |  |  |  |  |  | 
01:58:43 | decision |  |  |  |  |  |  | 
01:58:43 | decision |  |  |  |  |  |  | 
01:58:43 | decision |  |  |  |  |  |  | 
01:58:43 | decision |  |  |  |  |  |  | 
01:58:43 | decision |  |  |  |  |  |  | 
01:58:43 | decision |  |  |  |  |  |  | 
01:58:43 | decision |  |  |  |  |  |  | 
01:58:43 | decision |  |  |  |  |  |  | 
01:58:43 | decision |  |  |  |  |  |  | 
01:58:43 | decision |  |  |  |  |  |  | 
01:58:43 | decision |  |  |  |  |  |  | 
01:58:43 | decision |  |  |  |  |  |  | 
01:58:43 | decision |  |  |  |  |  |  | 
01:58:43 | decision |  |  |  |  |  |  | 
01:58:43 | decision |  |  |  |  |  |  | 
01:58:43 | decision |  |  |  |  |  |  | 
01:58:43 | decision |  |  |  |  |  |  | 
01:58:43 | decision |  |  |  |  |  |  | 
01:58:43 | decision |  |  |  |  |  |  | 
01:58:43 | decision |  |  |  |  |  |  | 
01:58:43 | decision |  |  |  |  |  |  | 
01:58:43 | decision |  |  |  |  |  |  | 
01:58:43 | decision |  |  |  |  |  |  | 
01:58:43 | decision |  |  |  |  |  |  | 
01:58:43 | decision |  |  |  |  |  |  | 
01:58:43 | decision |  |  |  |  |  |  | 
01:58:43 | decision |  |  |  |  |  |  | 
01:58:43 | decision |  |  |  |  |  |  | 
01:58:43 | decision |  |  |  |  |  |  | 
01:58:43 | decision |  |  |  |  |  |  | 
01:58:43 | decision |  |  |  |  |  |  | 
01:58:43 | decision |  |  |  |  |  |  | 
01:58:43 | decision |  |  |  |  |  |  | 
01:58:43 | decision |  |  |  |  |  |  | 
01:58:43 | decision |  |  |  |  |  |  | 
01:58:43 | decision |  |  |  |  |  |  | 
01:58:43 | decision |  |  |  |  |  |  | 
01:58:43 | decision |  |  |  |  |  |  | 
01:58:43 | decision |  |  |  |  |  |  | 
01:58:43 | decision |  |  |  |  |  |  | 
01:58:43 | decision |  |  |  |  |  |  | 
01:58:43 | decision |  |  |  |  |  |  | 
01:58:43 | decision |  |  |  |  |  |  | 
01:58:43 | decision |  |  |  |  |  |  | 
01:58:43 | decision |  |  |  |  |  |  | 
01:58:43 | decision |  |  |  |  |  |  | 
01:58:43 | decision |  |  |  |  |  |  | 
01:58:43 | decision |  |  |  |  |  |  | 
01:58:43 | decision |  |  |  |  |  |  | 
01:58:43 | decision |  |  |  |  |  |  | 
01:58:43 | decision |  |  |  |  |  |  | 
01:58:43 | decision |  |  |  |  |  |  | 
01:58:43 | decision |  |  |  |  |  |  | 
01:58:43 | decision |  |  |  |  |  |  | 
01:58:43 | decision |  |  |  |  |  |  | 
01:58:43 | decision |  |  |  |  |  |  | 
01:58:43 | decision |  |  |  |  |  |  | 
01:58:43 | decision |  |  |  |  |  |  | 
01:58:43 | decision |  |  |  |  |  |  | 
01:58:43 | decision |  |  |  |  |  |  | 
01:58:43 | decision |  |  |  |  |  |  | 
01:58:43 | decision |  |  |  |  |  |  | 
01:58:43 | decision |  |  |  |  |  |  | 
01:58:43 | decision |  |  |  |  |  |  | 
01:58:43 | decision |  |  |  |  |  |  | 
01:58:43 | decision |  |  |  |  |  |  | 
01:58:43 | decision |  |  |  |  |  |  | 
01:58:43 | decision |  |  |  |  |  |  | 
01:58:43 | decision |  |  |  |  |  |  | 
01:58:43 | decision |  |  |  |  |  |  | 
01:58:43 | decision |  |  |  |  |  |  | 
01:58:43 | decision |  |  |  |  |  |  | 
01:58:43 | decision |  |  |  |  |  |  | 
01:58:43 | decision |  |  |  |  |  |  | 
01:58:43 | decision |  |  |  |  |  |  | 
01:58:43 | decision |  |  |  |  |  |  | 
01:58:43 | decision |  |  |  |  |  |  | 
01:58:43 | decision |  |  |  |  |  |  | 
01:58:43 | decision |  |  |  |  |  |  | 
01:58:43 | decision |  |  |  |  |  |  | 
01:58:43 | decision |  |  |  |  |  |  | 
01:58:43 | decision |  |  |  |  |  |  | 
01:58:43 | decision |  |  |  |  |  |  | 
01:58:43 | decision |  |  |  |  |  |  | 
01:58:43 | decision |  |  |  |  |  |  | 
01:58:43 | decision |  |  |  |  |  |  | 
01:58:43 | decision |  |  |  |  |  |  | 
01:58:43 | decision |  |  |  |  |  |  | 
01:58:43 | decision |  |  |  |  |  |  | 
01:58:43 | decision |  |  |  |  |  |  | 
01:58:43 | decision |  |  |  |  |  |  | 
01:58:43 | decision |  |  |  |  |  |  | 
01:58:43 | decision |  |  |  |  |  |  | 
01:58:43 | decision |  |  |  |  |  |  | 
01:58:43 | decision |  |  |  |  |  |  | 
01:58:43 | decision |  |  |  |  |  |  | 
01:58:43 | decision |  |  |  |  |  |  | 
01:58:43 | decision |  |  |  |  |  |  | 
01:58:43 | decision |  |  |  |  |  |  | 
01:58:43 | decision |  |  |  |  |  |  | 
01:58:43 | decision |  |  |  |  |  |  | 
01:58:43 | decision |  |  |  |  |  |  | 
01:58:43 | decision |  |  |  |  |  |  | 
01:58:43 | decision |  |  |  |  |  |  | 
01:58:43 | decision |  |  |  |  |  |  | 
01:58:43 | decision |  |  |  |  |  |  | 
01:58:43 | decision |  |  |  |  |  |  | 
01:58:43 | decision |  |  |  |  |  |  | 
01:58:43 | decision |  |  |  |  |  |  | 
01:58:43 | decision |  |  |  |  |  |  | 
01:58:43 | decision |  |  |  |  |  |  | 
01:58:43 | decision |  |  |  |  |  |  | 
01:58:43 | decision |  |  |  |  |  |  | 
01:58:43 | decision |  |  |  |  |  |  | 
01:58:43 | decision |  |  |  |  |  |  | 
01:58:43 | decision |  |  |  |  |  |  | 
01:58:43 | decision |  |  |  |  |  |  | 
01:58:43 | decision |  |  |  |  |  |  | 
01:58:43 | decision |  |  |  |  |  |  | 
01:58:43 | decision |  |  |  |  |  |  | 
01:58:43 | decision |  |  |  |  |  |  | 
01:58:43 | decision |  |  |  |  |  |  | 
01:58:43 | decision |  |  |  |  |  |  | 
01:58:43 | decision |  |  |  |  |  |  | 
01:58:43 | decision |  |  |  |  |  |  | 
01:58:43 | decision |  |  |  |  |  |  | 
01:58:43 | decision |  |  |  |  |  |  | 
01:58:43 | decision |  |  |  |  |  |  | 
01:58:43 | decision |  |  |  |  |  |  | 
01:58:43 | decision |  |  |  |  |  |  | 
01:58:43 | decision |  |  |  |  |  |  | 
01:58:43 | decision |  |  |  |  |  |  | 
01:58:43 | decision |  |  |  |  |  |  | 
01:58:43 | decision |  |  |  |  |  |  | 
01:58:43 | decision |  |  |  |  |  |  | 
01:58:43 | decision |  |  |  |  |  |  | 
01:58:43 | decision |  |  |  |  |  |  | 
01:58:43 | decision |  |  |  |  |  |  | 
01:58:43 | decision |  |  |  |  |  |  | 
01:58:43 | decision |  |  |  |  |  |  | 
01:58:43 | decision |  |  |  |  |  |  | 
01:58:43 | decision |  |  |  |  |  |  | 
01:58:43 | decision |  |  |  |  |  |  | 
01:58:43 | decision |  |  |  |  |  |  | 
01:58:43 | decision |  |  |  |  |  |  | 
01:58:43 | decision |  |  |  |  |  |  | 
01:58:43 | decision |  |  |  |  |  |  | 
01:58:43 | decision |  |  |  |  |  |  | 
01:58:43 | decision |  |  |  |  |  |  | 
01:58:43 | decision |  |  |  |  |  |  | 
01:58:43 | decision |  |  |  |  |  |  | 
01:58:43 | decision |  |  |  |  |  |  | 
01:58:43 | decision |  |  |  |  |  |  | 
01:58:43 | decision |  |  |  |  |  |  | 
01:58:43 | decision |  |  |  |  |  |  | 
01:58:43 | decision |  |  |  |  |  |  | 
01:58:43 | decision |  |  |  |  |  |  | 
01:58:43 | decision |  |  |  |  |  |  | 
01:58:43 | decision |  |  |  |  |  |  | 
01:58:43 | decision |  |  |  |  |  |  | 
01:58:43 | decision |  |  |  |  |  |  | 
01:58:43 | decision |  |  |  |  |  |  | 
01:58:43 | decision |  |  |  |  |  |  | 
01:58:43 | decision |  |  |  |  |  |  | 
01:58:43 | decision |  |  |  |  |  |  | 
01:58:43 | decision |  |  |  |  |  |  | 
01:58:43 | decision |  |  |  |  |  |  | 
01:58:43 | decision |  |  |  |  |  |  | 
01:58:43 | decision |  |  |  |  |  |  | 
01:58:43 | decision |  |  |  |  |  |  | 
01:58:43 | decision |  |  |  |  |  |  | 
01:58:43 | decision |  |  |  |  |  |  | 
01:58:43 | decision |  |  |  |  |  |  | 
01:58:43 | decision |  |  |  |  |  |  | 
01:58:43 | decision |  |  |  |  |  |  | 
01:58:43 | decision |  |  |  |  |  |  | 
01:58:43 | decision |  |  |  |  |  |  | 
01:58:43 | decision |  |  |  |  |  |  | 
01:58:43 | decision |  |  |  |  |  |  | 
01:58:39 | normalize_norm | normalizer |  | deepseek/deepseek-v4.1-flash | 9910ms | 3101 in | 2649 out | retries 0
=== 03:59:03
rule 17 | active | 1 attempts | The invoice's issuer_nif, normalised (uppercase, no spaces/h
rule 18 | active | 1 attempts | The invoice's iban, normalised (uppercase, no spaces), must 
rule 19 | active | 1 attempts | The invoice's purchase_order, normalised (uppercase, no spac
rule 20 | active | 1 attempts | The orders row for the invoice's purchase_order must have or
rule 21 | active | 1 attempts | The invoice's total must match the orders.total_amount of th
rule 22 | active | 1 attempts | The invoice's vat_amount must match base * vat_rate / 100 wi
rule 23 | active | 1 attempts | The invoice's total must match base + vat_amount within ±0.0
rule 24 | active | 1 attempts | The invoice's date must be a valid calendar date: it must pa
rule 25 | active | 1 attempts | The invoice's date must not be later than parameters.cut_off
rule 26 | active | 1 attempts | The erp entry for the invoice's purchase_order (erp.purchase
rule 27 | active | 1 attempts | No erp entry (in the erp source or in others) with the same 
=== 03:59:13
rule 17 | active | 1 attempts | The invoice's issuer_nif, normalised (uppercase, no spaces/h
rule 18 | active | 1 attempts | The invoice's iban, normalised (uppercase, no spaces), must 
rule 19 | active | 1 attempts | The invoice's purchase_order, normalised (uppercase, no spac
rule 20 | active | 1 attempts | The orders row for the invoice's purchase_order must have or
rule 21 | active | 1 attempts | The invoice's total must match the orders.total_amount of th
rule 22 | active | 1 attempts | The invoice's vat_amount must match base * vat_rate / 100 wi
rule 23 | active | 1 attempts | The invoice's total must match base + vat_amount within ±0.0
rule 24 | active | 1 attempts | The invoice's date must be a valid calendar date: it must pa
rule 25 | active | 1 attempts | The invoice's date must not be later than parameters.cut_off
rule 26 | active | 1 attempts | The erp entry for the invoice's purchase_order (erp.purchase
rule 27 | active | 1 attempts | No erp entry (in the erp source or in others) with the same 
=== 03:59:23
rule 17 | active | 1 attempts | The invoice's issuer_nif, normalised (uppercase, no spaces/h
rule 18 | active | 1 attempts | The invoice's iban, normalised (uppercase, no spaces), must 
rule 19 | active | 1 attempts | The invoice's purchase_order, normalised (uppercase, no spac
rule 20 | active | 1 attempts | The orders row for the invoice's purchase_order must have or
rule 21 | active | 1 attempts | The invoice's total must match the orders.total_amount of th
rule 22 | active | 1 attempts | The invoice's vat_amount must match base * vat_rate / 100 wi
rule 23 | active | 1 attempts | The invoice's total must match base + vat_amount within ±0.0
rule 24 | active | 1 attempts | The invoice's date must be a valid calendar date: it must pa
rule 25 | active | 1 attempts | The invoice's date must not be later than parameters.cut_off
rule 26 | active | 1 attempts | The erp entry for the invoice's purchase_order (erp.purchase
rule 27 | active | 1 attempts | No erp entry (in the erp source or in others) with the same 
=== 03:59:33
rule 17 | active | 1 attempts | The invoice's issuer_nif, normalised (uppercase, no spaces/h
rule 18 | active | 1 attempts | The invoice's iban, normalised (uppercase, no spaces), must 
rule 19 | active | 1 attempts | The invoice's purchase_order, normalised (uppercase, no spac
rule 20 | active | 1 attempts | The orders row for the invoice's purchase_order must have or
rule 21 | active | 1 attempts | The invoice's total must match the orders.total_amount of th
rule 22 | active | 1 attempts | The invoice's vat_amount must match base * vat_rate / 100 wi
rule 23 | active | 1 attempts | The invoice's total must match base + vat_amount within ±0.0
rule 24 | active | 1 attempts | The invoice's date must be a valid calendar date: it must pa
rule 25 | active | 1 attempts | The invoice's date must not be later than parameters.cut_off
rule 26 | active | 1 attempts | The erp entry for the invoice's purchase_order (erp.purchase
rule 27 | active | 1 attempts | No erp entry (in the erp source or in others) with the same 
=== 03:59:44
rule 17 | active | 1 attempts | The invoice's issuer_nif, normalised (uppercase, no spaces/h
rule 18 | active | 1 attempts | The invoice's iban, normalised (uppercase, no spaces), must 
rule 19 | active | 1 attempts | The invoice's purchase_order, normalised (uppercase, no spac
rule 20 | active | 1 attempts | The orders row for the invoice's purchase_order must have or
rule 21 | active | 1 attempts | The invoice's total must match the orders.total_amount of th
rule 22 | active | 1 attempts | The invoice's vat_amount must match base * vat_rate / 100 wi
rule 23 | active | 1 attempts | The invoice's total must match base + vat_amount within ±0.0
rule 24 | active | 1 attempts | The invoice's date must be a valid calendar date: it must pa
rule 25 | active | 1 attempts | The invoice's date must not be later than parameters.cut_off
rule 26 | active | 1 attempts | The erp entry for the invoice's purchase_order (erp.purchase
rule 27 | active | 1 attempts | No erp entry (in the erp source or in others) with the same 
=== 03:59:54
rule 17 | active | 1 attempts | The invoice's issuer_nif, normalised (uppercase, no spaces/h
rule 18 | active | 1 attempts | The invoice's iban, normalised (uppercase, no spaces), must 
rule 19 | active | 1 attempts | The invoice's purchase_order, normalised (uppercase, no spac
rule 20 | active | 1 attempts | The orders row for the invoice's purchase_order must have or
rule 21 | active | 1 attempts | The invoice's total must match the orders.total_amount of th
rule 22 | active | 1 attempts | The invoice's vat_amount must match base * vat_rate / 100 wi
rule 23 | active | 1 attempts | The invoice's total must match base + vat_amount within ±0.0
rule 24 | active | 1 attempts | The invoice's date must be a valid calendar date: it must pa
rule 25 | active | 1 attempts | The invoice's date must not be later than parameters.cut_off
rule 26 | active | 1 attempts | The erp entry for the invoice's purchase_order (erp.purchase
rule 27 | active | 1 attempts | No erp entry (in the erp source or in others) with the same 
=== 04:00:04
rule 17 | active | 1 attempts | The invoice's issuer_nif, normalised (uppercase, no spaces/h
rule 18 | active | 1 attempts | The invoice's iban, normalised (uppercase, no spaces), must 
rule 19 | active | 1 attempts | The invoice's purchase_order, normalised (uppercase, no spac
rule 20 | active | 1 attempts | The orders row for the invoice's purchase_order must have or
rule 21 | active | 1 attempts | The invoice's total must match the orders.total_amount of th
rule 22 | active | 1 attempts | The invoice's vat_amount must match base * vat_rate / 100 wi
rule 23 | active | 1 attempts | The invoice's total must match base + vat_amount within ±0.0
rule 24 | active | 1 attempts | The invoice's date must be a valid calendar date: it must pa
rule 25 | active | 1 attempts | The invoice's date must not be later than parameters.cut_off
rule 26 | active | 1 attempts | The erp entry for the invoice's purchase_order (erp.purchase
rule 27 | active | 1 attempts | No erp entry (in the erp source or in others) with the same 
=== 04:00:14
rule 17 | active | 1 attempts | The invoice's issuer_nif, normalised (uppercase, no spaces/h
rule 18 | active | 1 attempts | The invoice's iban, normalised (uppercase, no spaces), must 
rule 19 | active | 1 attempts | The invoice's purchase_order, normalised (uppercase, no spac
rule 20 | active | 1 attempts | The orders row for the invoice's purchase_order must have or
rule 21 | active | 1 attempts | The invoice's total must match the orders.total_amount of th
rule 22 | active | 1 attempts | The invoice's vat_amount must match base * vat_rate / 100 wi
rule 23 | active | 1 attempts | The invoice's total must match base + vat_amount within ±0.0
rule 24 | active | 1 attempts | The invoice's date must be a valid calendar date: it must pa
rule 25 | active | 1 attempts | The invoice's date must not be later than parameters.cut_off
rule 26 | active | 1 attempts | The erp entry for the invoice's purchase_order (erp.purchase
rule 27 | active | 1 attempts | No erp entry (in the erp source or in others) with the same 
=== 04:00:24
rule 17 | active | 1 attempts | The invoice's issuer_nif, normalised (uppercase, no spaces/h
rule 18 | active | 1 attempts | The invoice's iban, normalised (uppercase, no spaces), must 
rule 19 | active | 1 attempts | The invoice's purchase_order, normalised (uppercase, no spac
rule 20 | active | 1 attempts | The orders row for the invoice's purchase_order must have or
rule 21 | active | 1 attempts | The invoice's total must match the orders.total_amount of th
rule 22 | active | 1 attempts | The invoice's vat_amount must match base * vat_rate / 100 wi
rule 23 | active | 1 attempts | The invoice's total must match base + vat_amount within ±0.0
rule 24 | active | 1 attempts | The invoice's date must be a valid calendar date: it must pa
rule 25 | active | 1 attempts | The invoice's date must not be later than parameters.cut_off
rule 26 | active | 1 attempts | The erp entry for the invoice's purchase_order (erp.purchase
rule 27 | active | 1 attempts | No erp entry (in the erp source or in others) with the same 
=== 04:00:34
rule 17 | active | 1 attempts | The invoice's issuer_nif, normalised (uppercase, no spaces/h
rule 18 | active | 1 attempts | The invoice's iban, normalised (uppercase, no spaces), must 
rule 19 | active | 1 attempts | The invoice's purchase_order, normalised (uppercase, no spac
rule 20 | active | 1 attempts | The orders row for the invoice's purchase_order must have or
rule 21 | active | 1 attempts | The invoice's total must match the orders.total_amount of th
rule 22 | active | 1 attempts | The invoice's vat_amount must match base * vat_rate / 100 wi
rule 23 | active | 1 attempts | The invoice's total must match base + vat_amount within ±0.0
rule 24 | active | 1 attempts | The invoice's date must be a valid calendar date: it must pa
rule 25 | active | 1 attempts | The invoice's date must not be later than parameters.cut_off
rule 26 | active | 1 attempts | The erp entry for the invoice's purchase_order (erp.purchase
rule 27 | active | 1 attempts | No erp entry (in the erp source or in others) with the same 
=== 04:00:45
rule 17 | active | 1 attempts | The invoice's issuer_nif, normalised (uppercase, no spaces/h
rule 18 | active | 1 attempts | The invoice's iban, normalised (uppercase, no spaces), must 
rule 19 | active | 1 attempts | The invoice's purchase_order, normalised (uppercase, no spac
rule 20 | active | 1 attempts | The orders row for the invoice's purchase_order must have or
rule 21 | active | 1 attempts | The invoice's total must match the orders.total_amount of th
rule 22 | active | 1 attempts | The invoice's vat_amount must match base * vat_rate / 100 wi
rule 23 | active | 1 attempts | The invoice's total must match base + vat_amount within ±0.0
rule 24 | active | 1 attempts | The invoice's date must be a valid calendar date: it must pa
rule 25 | active | 1 attempts | The invoice's date must not be later than parameters.cut_off
rule 26 | active | 1 attempts | The erp entry for the invoice's purchase_order (erp.purchase
rule 27 | active | 1 attempts | No erp entry (in the erp source or in others) with the same 
=== 04:00:55
rule 17 | active | 1 attempts | The invoice's issuer_nif, normalised (uppercase, no spaces/h
rule 18 | active | 1 attempts | The invoice's iban, normalised (uppercase, no spaces), must 
rule 19 | active | 1 attempts | The invoice's purchase_order, normalised (uppercase, no spac
rule 20 | active | 1 attempts | The orders row for the invoice's purchase_order must have or
rule 21 | active | 1 attempts | The invoice's total must match the orders.total_amount of th
rule 22 | active | 1 attempts | The invoice's vat_amount must match base * vat_rate / 100 wi
rule 23 | active | 1 attempts | The invoice's total must match base + vat_amount within ±0.0
rule 24 | active | 1 attempts | The invoice's date must be a valid calendar date: it must pa
rule 25 | active | 1 attempts | The invoice's date must not be later than parameters.cut_off
rule 26 | active | 1 attempts | The erp entry for the invoice's purchase_order (erp.purchase
rule 27 | active | 1 attempts | No erp entry (in the erp source or in others) with the same 
=== 04:01:05
rule 17 | active | 1 attempts | The invoice's issuer_nif, normalised (uppercase, no spaces/h
rule 18 | active | 1 attempts | The invoice's iban, normalised (uppercase, no spaces), must 
rule 19 | active | 1 attempts | The invoice's purchase_order, normalised (uppercase, no spac
rule 20 | active | 1 attempts | The orders row for the invoice's purchase_order must have or
rule 21 | active | 1 attempts | The invoice's total must match the orders.total_amount of th
rule 22 | active | 1 attempts | The invoice's vat_amount must match base * vat_rate / 100 wi
rule 23 | active | 1 attempts | The invoice's total must match base + vat_amount within ±0.0
rule 24 | active | 1 attempts | The invoice's date must be a valid calendar date: it must pa
rule 25 | active | 1 attempts | The invoice's date must not be later than parameters.cut_off
rule 26 | active | 1 attempts | The erp entry for the invoice's purchase_order (erp.purchase
rule 27 | active | 1 attempts | No erp entry (in the erp source or in others) with the same 
=== 04:01:15
rule 17 | active | 1 attempts | The invoice's issuer_nif, normalised (uppercase, no spaces/h
rule 18 | active | 1 attempts | The invoice's iban, normalised (uppercase, no spaces), must 
rule 19 | active | 1 attempts | The invoice's purchase_order, normalised (uppercase, no spac
rule 20 | active | 1 attempts | The orders row for the invoice's purchase_order must have or
rule 21 | active | 1 attempts | The invoice's total must match the orders.total_amount of th
rule 22 | active | 1 attempts | The invoice's vat_amount must match base * vat_rate / 100 wi
rule 23 | active | 1 attempts | The invoice's total must match base + vat_amount within ±0.0
rule 24 | active | 1 attempts | The invoice's date must be a valid calendar date: it must pa
rule 25 | active | 1 attempts | The invoice's date must not be later than parameters.cut_off
rule 26 | active | 1 attempts | The erp entry for the invoice's purchase_order (erp.purchase
rule 27 | active | 1 attempts | No erp entry (in the erp source or in others) with the same 
=== 04:01:25
rule 17 | active | 1 attempts | The invoice's issuer_nif, normalised (uppercase, no spaces/h
rule 18 | active | 1 attempts | The invoice's iban, normalised (uppercase, no spaces), must 
rule 19 | active | 1 attempts | The invoice's purchase_order, normalised (uppercase, no spac
rule 20 | active | 1 attempts | The orders row for the invoice's purchase_order must have or
rule 21 | active | 1 attempts | The invoice's total must match the orders.total_amount of th
rule 22 | active | 1 attempts | The invoice's vat_amount must match base * vat_rate / 100 wi
rule 23 | active | 1 attempts | The invoice's total must match base + vat_amount within ±0.0
rule 24 | active | 1 attempts | The invoice's date must be a valid calendar date: it must pa
rule 25 | active | 1 attempts | The invoice's date must not be later than parameters.cut_off
rule 26 | active | 1 attempts | The erp entry for the invoice's purchase_order (erp.purchase
rule 27 | active | 1 attempts | No erp entry (in the erp source or in others) with the same 
=== 04:01:35
rule 17 | active | 1 attempts | The invoice's issuer_nif, normalised (uppercase, no spaces/h
rule 18 | active | 1 attempts | The invoice's iban, normalised (uppercase, no spaces), must 
rule 19 | active | 1 attempts | The invoice's purchase_order, normalised (uppercase, no spac
rule 20 | active | 1 attempts | The orders row for the invoice's purchase_order must have or
rule 21 | active | 1 attempts | The invoice's total must match the orders.total_amount of th
rule 22 | active | 1 attempts | The invoice's vat_amount must match base * vat_rate / 100 wi
rule 23 | active | 1 attempts | The invoice's total must match base + vat_amount within ±0.0
rule 24 | active | 1 attempts | The invoice's date must be a valid calendar date: it must pa
rule 25 | active | 1 attempts | The invoice's date must not be later than parameters.cut_off
rule 26 | active | 1 attempts | The erp entry for the invoice's purchase_order (erp.purchase
rule 27 | active | 1 attempts | No erp entry (in the erp source or in others) with the same 
=== 04:01:46
rule 17 | active | 1 attempts | The invoice's issuer_nif, normalised (uppercase, no spaces/h
rule 18 | active | 1 attempts | The invoice's iban, normalised (uppercase, no spaces), must 
rule 19 | active | 1 attempts | The invoice's purchase_order, normalised (uppercase, no spac
rule 20 | active | 1 attempts | The orders row for the invoice's purchase_order must have or
rule 21 | active | 1 attempts | The invoice's total must match the orders.total_amount of th
rule 22 | active | 1 attempts | The invoice's vat_amount must match base * vat_rate / 100 wi
rule 23 | active | 1 attempts | The invoice's total must match base + vat_amount within ±0.0
rule 24 | active | 1 attempts | The invoice's date must be a valid calendar date: it must pa
rule 25 | active | 1 attempts | The invoice's date must not be later than parameters.cut_off
rule 26 | active | 1 attempts | The erp entry for the invoice's purchase_order (erp.purchase
rule 27 | active | 1 attempts | No erp entry (in the erp source or in others) with the same 
=== 04:01:56
rule 17 | active | 1 attempts | The invoice's issuer_nif, normalised (uppercase, no spaces/h
rule 18 | active | 1 attempts | The invoice's iban, normalised (uppercase, no spaces), must 
rule 19 | active | 1 attempts | The invoice's purchase_order, normalised (uppercase, no spac
rule 20 | active | 1 attempts | The orders row for the invoice's purchase_order must have or
rule 21 | active | 1 attempts | The invoice's total must match the orders.total_amount of th
rule 22 | active | 1 attempts | The invoice's vat_amount must match base * vat_rate / 100 wi
rule 23 | active | 1 attempts | The invoice's total must match base + vat_amount within ±0.0
rule 24 | active | 1 attempts | The invoice's date must be a valid calendar date: it must pa
rule 25 | active | 1 attempts | The invoice's date must not be later than parameters.cut_off
rule 26 | active | 1 attempts | The erp entry for the invoice's purchase_order (erp.purchase
rule 27 | active | 1 attempts | No erp entry (in the erp source or in others) with the same 
02:01:51 | decision |  |  |  |  |  |  | 
02:01:51 | decision |  |  |  |  |  |  | 
02:01:51 | decision |  |  |  |  |  |  | 
02:01:51 | decision |  |  |  |  |  |  | 
02:01:51 | decision |  |  |  |  |  |  | 
02:01:51 | decision |  |  |  |  |  |  | 
02:01:51 | decision |  |  |  |  |  |  | 
02:01:51 | decision |  |  |  |  |  |  | 
02:01:51 | decision |  |  |  |  |  |  | 
02:01:51 | decision |  |  |  |  |  |  | 
02:01:51 | decision |  |  |  |  |  |  | 
02:01:51 | decision |  |  |  |  |  |  | 
02:01:51 | decision |  |  |  |  |  |  | 
02:01:51 | decision |  |  |  |  |  |  | 
02:01:51 | decision |  |  |  |  |  |  | 
02:01:51 | decision |  |  |  |  |  |  | 
02:01:51 | decision |  |  |  |  |  |  | 
02:01:51 | decision |  |  |  |  |  |  | 
02:01:51 | decision |  |  |  |  |  |  | 
02:01:51 | decision |  |  |  |  |  |  | 
02:01:51 | decision |  |  |  |  |  |  | 
02:01:51 | decision |  |  |  |  |  |  | 
02:01:51 | decision |  |  |  |  |  |  | 
02:01:51 | decision |  |  |  |  |  |  | 
02:01:51 | decision |  |  |  |  |  |  | 
02:01:51 | decision |  |  |  |  |  |  | 
02:01:51 | decision |  |  |  |  |  |  | 
02:01:51 | decision |  |  |  |  |  |  | 
02:01:51 | decision |  |  |  |  |  |  | 
02:01:51 | decision |  |  |  |  |  |  | 
02:01:51 | decision |  |  |  |  |  |  | 
02:01:51 | decision |  |  |  |  |  |  | 
02:01:51 | decision |  |  |  |  |  |  | 
02:01:51 | decision |  |  |  |  |  |  | 
02:01:51 | decision |  |  |  |  |  |  | 
02:01:51 | decision |  |  |  |  |  |  | 
02:01:51 | decision |  |  |  |  |  |  | 
02:01:51 | decision |  |  |  |  |  |  | 
02:01:51 | decision |  |  |  |  |  |  | 
02:01:51 | decision |  |  |  |  |  |  | 
02:01:51 | decision |  |  |  |  |  |  | 
02:01:51 | decision |  |  |  |  |  |  | 
02:01:51 | decision |  |  |  |  |  |  | 
02:01:51 | decision |  |  |  |  |  |  | 
02:01:51 | decision |  |  |  |  |  |  | 
02:01:51 | decision |  |  |  |  |  |  | 
02:01:51 | decision |  |  |  |  |  |  | 
02:01:51 | decision |  |  |  |  |  |  | 
02:01:51 | decision |  |  |  |  |  |  | 
02:01:51 | decision |  |  |  |  |  |  | 
02:01:51 | decision |  |  |  |  |  |  | 
02:01:51 | decision |  |  |  |  |  |  | 
02:01:51 | decision |  |  |  |  |  |  | 
02:01:51 | decision |  |  |  |  |  |  | 
02:01:51 | decision |  |  |  |  |  |  | 
02:01:51 | decision |  |  |  |  |  |  | 
02:01:51 | decision |  |  |  |  |  |  | 
02:01:51 | decision |  |  |  |  |  |  | 
02:01:51 | decision |  |  |  |  |  |  | 
02:01:51 | decision |  |  |  |  |  |  | 
02:01:51 | decision |  |  |  |  |  |  | 
02:01:51 | decision |  |  |  |  |  |  | 
02:01:51 | decision |  |  |  |  |  |  | 
02:01:51 | decision |  |  |  |  |  |  | 
02:01:51 | decision |  |  |  |  |  |  | 
02:01:51 | decision |  |  |  |  |  |  | 
02:01:51 | decision |  |  |  |  |  |  | 
02:01:51 | decision |  |  |  |  |  |  | 
02:01:51 | decision |  |  |  |  |  |  | 
02:01:51 | decision |  |  |  |  |  |  | 
02:01:51 | decision |  |  |  |  |  |  | 
02:01:51 | decision |  |  |  |  |  |  | 
02:01:51 | decision |  |  |  |  |  |  | 
02:01:51 | decision |  |  |  |  |  |  | 
02:01:51 | decision |  |  |  |  |  |  | 
02:01:51 | decision |  |  |  |  |  |  | 
02:01:51 | decision |  |  |  |  |  |  | 
02:01:51 | decision |  |  |  |  |  |  | 
02:01:51 | decision |  |  |  |  |  |  | 
02:01:51 | decision |  |  |  |  |  |  | 
02:01:51 | decision |  |  |  |  |  |  | 
02:01:51 | decision |  |  |  |  |  |  | 
02:01:51 | decision |  |  |  |  |  |  | 
02:01:51 | decision |  |  |  |  |  |  | 
02:01:51 | decision |  |  |  |  |  |  | 
02:01:51 | decision |  |  |  |  |  |  | 
02:01:51 | decision |  |  |  |  |  |  | 
02:01:51 | decision |  |  |  |  |  |  | 
02:01:51 | decision |  |  |  |  |  |  | 
02:01:51 | decision |  |  |  |  |  |  | 
02:01:51 | decision |  |  |  |  |  |  | 
02:01:51 | decision |  |  |  |  |  |  | 
02:01:51 | decision |  |  |  |  |  |  | 
02:01:51 | decision |  |  |  |  |  |  | 
02:01:51 | decision |  |  |  |  |  |  | 
02:01:51 | decision |  |  |  |  |  |  | 
02:01:51 | decision |  |  |  |  |  |  | 
02:01:51 | decision |  |  |  |  |  |  | 
02:01:51 | decision |  |  |  |  |  |  | 
02:01:51 | decision |  |  |  |  |  |  | 
02:01:51 | decision |  |  |  |  |  |  | 
02:01:51 | decision |  |  |  |  |  |  | 
02:01:51 | decision |  |  |  |  |  |  | 
02:01:51 | decision |  |  |  |  |  |  | 
02:01:51 | decision |  |  |  |  |  |  | 
02:01:51 | decision |  |  |  |  |  |  | 
02:01:51 | decision |  |  |  |  |  |  | 
02:01:51 | decision |  |  |  |  |  |  | 
02:01:51 | decision |  |  |  |  |  |  | 
02:01:51 | decision |  |  |  |  |  |  | 
02:01:51 | decision |  |  |  |  |  |  | 
02:01:51 | decision |  |  |  |  |  |  | 
02:01:51 | decision |  |  |  |  |  |  | 
02:01:51 | decision |  |  |  |  |  |  | 
02:01:51 | decision |  |  |  |  |  |  | 
02:01:51 | decision |  |  |  |  |  |  | 
02:01:51 | decision |  |  |  |  |  |  | 
02:01:51 | decision |  |  |  |  |  |  | 
02:01:51 | decision |  |  |  |  |  |  | 
02:01:51 | decision |  |  |  |  |  |  | 
02:01:51 | decision |  |  |  |  |  |  | 
02:01:51 | decision |  |  |  |  |  |  | 
02:01:51 | decision |  |  |  |  |  |  | 
02:01:51 | decision |  |  |  |  |  |  | 
02:01:51 | decision |  |  |  |  |  |  | 
02:01:51 | decision |  |  |  |  |  |  | 
02:01:51 | decision |  |  |  |  |  |  | 
02:01:51 | decision |  |  |  |  |  |  | 
02:01:51 | decision |  |  |  |  |  |  | 
02:01:51 | decision |  |  |  |  |  |  | 
02:01:51 | decision |  |  |  |  |  |  | 
02:01:51 | decision |  |  |  |  |  |  | 
02:01:51 | decision |  |  |  |  |  |  | 
02:01:51 | decision |  |  |  |  |  |  | 
02:01:51 | decision |  |  |  |  |  |  | 
02:01:51 | decision |  |  |  |  |  |  | 
02:01:51 | decision |  |  |  |  |  |  | 
02:01:51 | decision |  |  |  |  |  |  | 
02:01:51 | decision |  |  |  |  |  |  | 
02:01:51 | decision |  |  |  |  |  |  | 
02:01:51 | decision |  |  |  |  |  |  | 
02:01:51 | decision |  |  |  |  |  |  | 
02:01:51 | decision |  |  |  |  |  |  | 
02:01:51 | decision |  |  |  |  |  |  | 
02:01:51 | decision |  |  |  |  |  |  | 
02:01:51 | decision |  |  |  |  |  |  | 
02:01:51 | decision |  |  |  |  |  |  | 
02:01:51 | decision |  |  |  |  |  |  | 
02:01:51 | decision |  |  |  |  |  |  | 
02:01:51 | decision |  |  |  |  |  |  | 
02:01:51 | decision |  |  |  |  |  |  | 
02:01:51 | decision |  |  |  |  |  |  | 
02:01:51 | decision |  |  |  |  |  |  | 
02:01:51 | decision |  |  |  |  |  |  | 
02:01:51 | decision |  |  |  |  |  |  | 
02:01:51 | decision |  |  |  |  |  |  | 
02:01:51 | decision |  |  |  |  |  |  | 
02:01:51 | decision |  |  |  |  |  |  | 
02:01:51 | decision |  |  |  |  |  |  | 
02:01:51 | decision |  |  |  |  |  |  | 
02:01:51 | decision |  |  |  |  |  |  | 
02:01:51 | decision |  |  |  |  |  |  | 
02:01:51 | decision |  |  |  |  |  |  | 
02:01:51 | decision |  |  |  |  |  |  | 
02:01:51 | decision |  |  |  |  |  |  | 
02:01:51 | decision |  |  |  |  |  |  | 
02:01:51 | decision |  |  |  |  |  |  | 
02:01:51 | decision |  |  |  |  |  |  | 
02:01:51 | decision |  |  |  |  |  |  | 
02:01:51 | decision |  |  |  |  |  |  | 
02:01:51 | decision |  |  |  |  |  |  | 
02:01:51 | decision |  |  |  |  |  |  | 
02:01:51 | decision |  |  |  |  |  |  | 
02:01:51 | decision |  |  |  |  |  |  | 
02:01:51 | decision |  |  |  |  |  |  | 
02:01:51 | decision |  |  |  |  |  |  | 
02:01:51 | decision |  |  |  |  |  |  | 
02:01:51 | decision |  |  |  |  |  |  | 
02:01:51 | decision |  |  |  |  |  |  | 
02:01:51 | decision |  |  |  |  |  |  | 
02:01:51 | decision |  |  |  |  |  |  | 
02:01:51 | decision |  |  |  |  |  |  | 
02:01:51 | decision |  |  |  |  |  |  | 
02:01:51 | decision |  |  |  |  |  |  | 
02:01:51 | decision |  |  |  |  |  |  | 
02:01:51 | decision |  |  |  |  |  |  | 
02:01:51 | decision |  |  |  |  |  |  | 
02:01:51 | decision |  |  |  |  |  |  | 
02:01:51 | decision |  |  |  |  |  |  | 
02:01:51 | decision |  |  |  |  |  |  | 
02:01:51 | decision |  |  |  |  |  |  | 
02:01:51 | decision |  |  |  |  |  |  | 
02:01:51 | decision |  |  |  |  |  |  | 
02:01:51 | decision |  |  |  |  |  |  | 
02:01:51 | decision |  |  |  |  |  |  | 
02:01:51 | decision |  |  |  |  |  |  | 
02:01:51 | decision |  |  |  |  |  |  | 
02:01:51 | decision |  |  |  |  |  |  | 
02:01:51 | decision |  |  |  |  |  |  | 
02:01:51 | decision |  |  |  |  |  |  | 
02:01:51 | decision |  |  |  |  |  |  | 
02:01:51 | decision |  |  |  |  |  |  | 
02:01:51 | decision |  |  |  |  |  |  | 
02:01:51 | decision |  |  |  |  |  |  | 
02:01:51 | decision |  |  |  |  |  |  | 
02:01:51 | decision |  |  |  |  |  |  | 
02:01:51 | decision |  |  |  |  |  |  | 
02:01:51 | decision |  |  |  |  |  |  | 
02:01:51 | decision |  |  |  |  |  |  | 
02:01:51 | decision |  |  |  |  |  |  | 
02:01:51 | decision |  |  |  |  |  |  | 
02:01:51 | decision |  |  |  |  |  |  | 
02:01:51 | decision |  |  |  |  |  |  | 
02:01:51 | decision |  |  |  |  |  |  | 
02:01:51 | decision |  |  |  |  |  |  | 
02:01:51 | decision |  |  |  |  |  |  | 
02:01:51 | decision |  |  |  |  |  |  | 
02:01:51 | decision |  |  |  |  |  |  | 
02:01:51 | decision |  |  |  |  |  |  | 
02:01:51 | decision |  |  |  |  |  |  | 
02:01:51 | decision |  |  |  |  |  |  | 
02:01:51 | decision |  |  |  |  |  |  | 
02:01:51 | decision |  |  |  |  |  |  | 
02:01:51 | decision |  |  |  |  |  |  | 
02:01:51 | decision |  |  |  |  |  |  | 
02:01:51 | decision |  |  |  |  |  |  | 
02:01:51 | decision |  |  |  |  |  |  | 
02:01:51 | decision |  |  |  |  |  |  | 
02:01:51 | decision |  |  |  |  |  |  | 
02:01:51 | decision |  |  |  |  |  |  | 
02:01:51 | decision |  |  |  |  |  |  | 
02:01:51 | decision |  |  |  |  |  |  | 
02:01:51 | decision |  |  |  |  |  |  | 
02:01:51 | decision |  |  |  |  |  |  | 
02:01:51 | decision |  |  |  |  |  |  | 
02:01:51 | decision |  |  |  |  |  |  | 
02:01:51 | decision |  |  |  |  |  |  | 
02:01:51 | decision |  |  |  |  |  |  | 
02:01:51 | decision |  |  |  |  |  |  | 
02:01:51 | decision |  |  |  |  |  |  | 
02:01:51 | decision |  |  |  |  |  |  | 
02:01:51 | decision |  |  |  |  |  |  | 
02:01:51 | decision |  |  |  |  |  |  | 
02:01:51 | decision |  |  |  |  |  |  | 
02:01:51 | decision |  |  |  |  |  |  | 
02:01:51 | decision |  |  |  |  |  |  | 
02:01:51 | decision |  |  |  |  |  |  | 
02:01:51 | decision |  |  |  |  |  |  | 
02:01:51 | decision |  |  |  |  |  |  | 
02:01:51 | decision |  |  |  |  |  |  | 
02:01:51 | decision |  |  |  |  |  |  | 
02:01:51 | decision |  |  |  |  |  |  | 
02:01:51 | decision |  |  |  |  |  |  | 
02:01:51 | decision |  |  |  |  |  |  | 
02:01:51 | decision |  |  |  |  |  |  | 
02:01:51 | decision |  |  |  |  |  |  | 
02:01:51 | decision |  |  |  |  |  |  | 
02:01:51 | decision |  |  |  |  |  |  | 
02:01:51 | decision |  |  |  |  |  |  | 
02:01:51 | decision |  |  |  |  |  |  | 
02:01:51 | decision |  |  |  |  |  |  | 
02:01:51 | decision |  |  |  |  |  |  | 
02:01:51 | decision |  |  |  |  |  |  | 
02:01:51 | decision |  |  |  |  |  |  | 
02:01:51 | decision |  |  |  |  |  |  | 
02:01:51 | decision |  |  |  |  |  |  | 
02:01:51 | decision |  |  |  |  |  |  | 
02:01:51 | decision |  |  |  |  |  |  | 
02:01:51 | decision |  |  |  |  |  |  | 
02:01:51 | decision |  |  |  |  |  |  | 
02:01:51 | decision |  |  |  |  |  |  | 
02:01:51 | decision |  |  |  |  |  |  | 
02:01:51 | decision |  |  |  |  |  |  | 
02:01:51 | decision |  |  |  |  |  |  | 
02:01:51 | decision |  |  |  |  |  |  | 
02:01:51 | decision |  |  |  |  |  |  | 
02:01:51 | decision |  |  |  |  |  |  | 
02:01:51 | decision |  |  |  |  |  |  | 
02:01:51 | decision |  |  |  |  |  |  | 
02:01:51 | decision |  |  |  |  |  |  | 
02:01:51 | decision |  |  |  |  |  |  | 
02:01:51 | decision |  |  |  |  |  |  | 
02:01:51 | decision |  |  |  |  |  |  | 
02:01:51 | decision |  |  |  |  |  |  | 
02:01:51 | decision |  |  |  |  |  |  | 
02:01:51 | decision |  |  |  |  |  |  | 
02:01:51 | decision |  |  |  |  |  |  | 
02:01:51 | decision |  |  |  |  |  |  | 
02:01:51 | decision |  |  |  |  |  |  | 
02:01:51 | decision |  |  |  |  |  |  | 
02:01:51 | decision |  |  |  |  |  |  | 
02:01:51 | decision |  |  |  |  |  |  | 
02:01:51 | decision |  |  |  |  |  |  | 
02:01:51 | decision |  |  |  |  |  |  | 
02:01:51 | decision |  |  |  |  |  |  | 
02:01:51 | decision |  |  |  |  |  |  | 
02:01:51 | decision |  |  |  |  |  |  | 
02:01:51 | decision |  |  |  |  |  |  | 
02:01:51 | decision |  |  |  |  |  |  | 
02:01:51 | decision |  |  |  |  |  |  | 
02:01:51 | decision |  |  |  |  |  |  | 
02:01:51 | decision |  |  |  |  |  |  | 
02:01:51 | decision |  |  |  |  |  |  | 
02:01:51 | decision |  |  |  |  |  |  | 
02:01:51 | decision |  |  |  |  |  |  | 
02:01:51 | decision |  |  |  |  |  |  | 
02:01:51 | decision |  |  |  |  |  |  | 
02:01:51 | decision |  |  |  |  |  |  | 
02:01:51 | decision |  |  |  |  |  |  | 
02:01:51 | decision |  |  |  |  |  |  | 
02:01:51 | decision |  |  |  |  |  |  | 
02:01:51 | decision |  |  |  |  |  |  | 
02:01:51 | decision |  |  |  |  |  |  | 
02:01:51 | decision |  |  |  |  |  |  | 
02:01:51 | decision |  |  |  |  |  |  | 
02:01:51 | decision |  |  |  |  |  |  | 
02:01:51 | decision |  |  |  |  |  |  | 
02:01:51 | decision |  |  |  |  |  |  | 
02:01:51 | decision |  |  |  |  |  |  | 
02:01:51 | decision |  |  |  |  |  |  | 
02:01:51 | decision |  |  |  |  |  |  | 
02:01:51 | decision |  |  |  |  |  |  | 
02:01:51 | decision |  |  |  |  |  |  | 
02:01:51 | decision |  |  |  |  |  |  | 
02:01:51 | decision |  |  |  |  |  |  | 
02:01:51 | decision |  |  |  |  |  |  | 
02:01:51 | decision |  |  |  |  |  |  | 
02:01:51 | decision |  |  |  |  |  |  | 
02:01:51 | decision |  |  |  |  |  |  | 
02:01:51 | decision |  |  |  |  |  |  | 
02:01:51 | decision |  |  |  |  |  |  | 
02:01:51 | decision |  |  |  |  |  |  | 
02:01:51 | decision |  |  |  |  |  |  | 
02:01:51 | decision |  |  |  |  |  |  | 
02:01:51 | decision |  |  |  |  |  |  | 
02:01:51 | decision |  |  |  |  |  |  | 
02:01:51 | decision |  |  |  |  |  |  | 
02:01:51 | decision |  |  |  |  |  |  | 
02:01:51 | decision |  |  |  |  |  |  | 
02:01:51 | decision |  |  |  |  |  |  | 
02:01:51 | decision |  |  |  |  |  |  | 
02:01:51 | decision |  |  |  |  |  |  | 
02:01:51 | decision |  |  |  |  |  |  | 
02:01:51 | decision |  |  |  |  |  |  | 
02:01:51 | decision |  |  |  |  |  |  | 
02:01:51 | decision |  |  |  |  |  |  | 
02:01:51 | decision |  |  |  |  |  |  | 
02:01:51 | decision |  |  |  |  |  |  | 
02:01:51 | decision |  |  |  |  |  |  | 
02:01:51 | decision |  |  |  |  |  |  | 
02:01:51 | decision |  |  |  |  |  |  | 
02:01:51 | decision |  |  |  |  |  |  | 
02:01:51 | decision |  |  |  |  |  |  | 
02:01:51 | decision |  |  |  |  |  |  | 
02:01:51 | decision |  |  |  |  |  |  | 
02:01:51 | decision |  |  |  |  |  |  | 
02:01:51 | decision |  |  |  |  |  |  | 
02:01:51 | decision |  |  |  |  |  |  | 
02:01:51 | decision |  |  |  |  |  |  | 
02:01:51 | decision |  |  |  |  |  |  | 
02:01:51 | decision |  |  |  |  |  |  | 
02:01:51 | decision |  |  |  |  |  |  | 
02:01:51 | decision |  |  |  |  |  |  | 
02:01:51 | decision |  |  |  |  |  |  | 
02:01:51 | decision |  |  |  |  |  |  | 
02:01:51 | decision |  |  |  |  |  |  | 
02:01:51 | decision |  |  |  |  |  |  | 
02:01:51 | decision |  |  |  |  |  |  | 
02:01:51 | decision |  |  |  |  |  |  | 
02:01:51 | decision |  |  |  |  |  |  | 
02:01:51 | decision |  |  |  |  |  |  | 
02:01:51 | decision |  |  |  |  |  |  | 
02:01:51 | decision |  |  |  |  |  |  | 
02:01:51 | decision |  |  |  |  |  |  | 
02:01:51 | decision |  |  |  |  |  |  | 
02:01:51 | decision |  |  |  |  |  |  | 
02:01:51 | decision |  |  |  |  |  |  | 
02:01:51 | decision |  |  |  |  |  |  | 
02:01:51 | decision |  |  |  |  |  |  | 
02:01:51 | decision |  |  |  |  |  |  | 
02:01:51 | decision |  |  |  |  |  |  | 
02:01:51 | decision |  |  |  |  |  |  | 
02:01:51 | decision |  |  |  |  |  |  | 
02:01:51 | decision |  |  |  |  |  |  | 
02:01:51 | decision |  |  |  |  |  |  | 
02:01:51 | decision |  |  |  |  |  |  | 
02:01:51 | decision |  |  |  |  |  |  | 
02:01:51 | decision |  |  |  |  |  |  | 
02:01:51 | decision |  |  |  |  |  |  | 
02:01:51 | decision |  |  |  |  |  |  | 
02:01:51 | decision |  |  |  |  |  |  | 
02:01:51 | decision |  |  |  |  |  |  | 
02:01:51 | decision |  |  |  |  |  |  | 
02:01:51 | decision |  |  |  |  |  |  | 
02:01:51 | decision |  |  |  |  |  |  | 
02:01:51 | decision |  |  |  |  |  |  | 
02:01:51 | decision |  |  |  |  |  |  | 
02:01:51 | decision |  |  |  |  |  |  | 
02:01:51 | decision |  |  |  |  |  |  | 
02:01:51 | decision |  |  |  |  |  |  | 
02:01:51 | decision |  |  |  |  |  |  | 
02:01:51 | decision |  |  |  |  |  |  | 
02:01:51 | decision |  |  |  |  |  |  | 
02:01:51 | decision |  |  |  |  |  |  | 
02:01:51 | decision |  |  |  |  |  |  | 
02:01:51 | decision |  |  |  |  |  |  | 
02:01:51 | decision |  |  |  |  |  |  | 
02:01:51 | decision |  |  |  |  |  |  | 
02:01:51 | decision |  |  |  |  |  |  | 
02:01:51 | decision |  |  |  |  |  |  | 
02:01:51 | decision |  |  |  |  |  |  | 
02:01:51 | decision |  |  |  |  |  |  | 
02:01:51 | decision |  |  |  |  |  |  | 
02:01:51 | decision |  |  |  |  |  |  | 
02:01:51 | decision |  |  |  |  |  |  | 
02:01:51 | decision |  |  |  |  |  |  | 
02:01:51 | decision |  |  |  |  |  |  | 
02:01:51 | decision |  |  |  |  |  |  | 
02:01:51 | decision |  |  |  |  |  |  | 
02:01:51 | decision |  |  |  |  |  |  | 
02:01:51 | decision |  |  |  |  |  |  | 
02:01:51 | decision |  |  |  |  |  |  | 
02:01:51 | decision |  |  |  |  |  |  | 
02:01:51 | decision |  |  |  |  |  |  | 
02:01:51 | decision |  |  |  |  |  |  | 
02:01:51 | decision |  |  |  |  |  |  | 
02:01:51 | decision |  |  |  |  |  |  | 
02:01:51 | decision |  |  |  |  |  |  | 
02:01:51 | decision |  |  |  |  |  |  | 
02:01:51 | decision |  |  |  |  |  |  | 
02:01:51 | decision |  |  |  |  |  |  | 
02:01:51 | decision |  |  |  |  |  |  | 
02:01:51 | decision |  |  |  |  |  |  | 
02:01:51 | decision |  |  |  |  |  |  | 
02:01:51 | decision |  |  |  |  |  |  | 
02:01:51 | decision |  |  |  |  |  |  | 
02:01:51 | decision |  |  |  |  |  |  | 
02:01:51 | decision |  |  |  |  |  |  | 
02:01:51 | decision |  |  |  |  |  |  | 
02:01:51 | decision |  |  |  |  |  |  | 
02:01:51 | decision |  |  |  |  |  |  | 
02:01:51 | decision |  |  |  |  |  |  | 
02:01:51 | decision |  |  |  |  |  |  | 
02:01:51 | decision |  |  |  |  |  |  | 
02:01:51 | decision |  |  |  |  |  |  | 
02:01:51 | decision |  |  |  |  |  |  | 
02:01:51 | decision |  |  |  |  |  |  | 
02:01:51 | decision |  |  |  |  |  |  | 
02:01:51 | decision |  |  |  |  |  |  | 
02:01:51 | decision |  |  |  |  |  |  | 
02:01:51 | decision |  |  |  |  |  |  | 
02:01:51 | decision |  |  |  |  |  |  | 
02:01:51 | decision |  |  |  |  |  |  | 
02:01:51 | decision |  |  |  |  |  |  | 
02:01:51 | decision |  |  |  |  |  |  | 
02:01:51 | decision |  |  |  |  |  |  | 
02:01:51 | decision |  |  |  |  |  |  | 
02:01:51 | decision |  |  |  |  |  |  | 
02:01:51 | decision |  |  |  |  |  |  | 
02:01:51 | decision |  |  |  |  |  |  | 
02:01:51 | decision |  |  |  |  |  |  | 
02:01:51 | decision |  |  |  |  |  |  | 
02:01:51 | decision |  |  |  |  |  |  | 
02:01:51 | decision |  |  |  |  |  |  | 
02:01:51 | decision |  |  |  |  |  |  | 
02:01:51 | decision |  |  |  |  |  |  | 
02:01:51 | decision |  |  |  |  |  |  | 
02:01:51 | decision |  |  |  |  |  |  | 
02:01:51 | decision |  |  |  |  |  |  | 
02:01:51 | decision |  |  |  |  |  |  | 
02:01:51 | decision |  |  |  |  |  |  | 
02:01:51 | decision |  |  |  |  |  |  | 
02:01:51 | decision |  |  |  |  |  |  | 
02:01:51 | decision |  |  |  |  |  |  | 
02:01:51 | decision |  |  |  |  |  |  | 
02:01:51 | decision |  |  |  |  |  |  | 
02:01:51 | decision |  |  |  |  |  |  | 
02:01:51 | decision |  |  |  |  |  |  | 
02:01:51 | decision |  |  |  |  |  |  | 
02:01:51 | decision |  |  |  |  |  |  | 
02:01:51 | decision |  |  |  |  |  |  | 
02:01:51 | decision |  |  |  |  |  |  | 
02:01:51 | decision |  |  |  |  |  |  | 
02:01:51 | decision |  |  |  |  |  |  | 
02:01:51 | decision |  |  |  |  |  |  | 
02:01:51 | decision |  |  |  |  |  |  | 
02:01:51 | decision |  |  |  |  |  |  | 
02:01:51 | decision |  |  |  |  |  |  | 
02:01:51 | decision |  |  |  |  |  |  | 
02:01:51 | decision |  |  |  |  |  |  | 
02:01:51 | decision |  |  |  |  |  |  | 
02:01:51 | decision |  |  |  |  |  |  | 
02:01:51 | decision |  |  |  |  |  |  | 
02:01:51 | decision |  |  |  |  |  |  | 
02:01:51 | decision |  |  |  |  |  |  | 
02:01:51 | decision |  |  |  |  |  |  | 
02:01:51 | decision |  |  |  |  |  |  | 
02:01:51 | decision |  |  |  |  |  |  | 
02:01:51 | decision |  |  |  |  |  |  | 
02:01:51 | decision |  |  |  |  |  |  | 
=== 04:02:06
rule 17 | active | 1 attempts | The invoice's issuer_nif, normalised (uppercase, no spaces/h
rule 18 | active | 1 attempts | The invoice's iban, normalised (uppercase, no spaces), must 
rule 19 | active | 1 attempts | The invoice's purchase_order, normalised (uppercase, no spac
rule 20 | active | 1 attempts | The orders row for the invoice's purchase_order must have or
rule 21 | active | 1 attempts | The invoice's total must match the orders.total_amount of th
rule 22 | active | 1 attempts | The invoice's vat_amount must match base * vat_rate / 100 wi
rule 23 | active | 1 attempts | The invoice's total must match base + vat_amount within ±0.0
rule 24 | active | 1 attempts | The invoice's date must be a valid calendar date: it must pa
rule 25 | active | 1 attempts | The invoice's date must not be later than parameters.cut_off
rule 26 | active | 1 attempts | The erp entry for the invoice's purchase_order (erp.purchase
rule 27 | active | 1 attempts | No erp entry (in the erp source or in others) with the same 
02:01:51 | decision |  |  |  |  |  |  | 
02:01:51 | decision |  |  |  |  |  |  | 
02:01:51 | decision |  |  |  |  |  |  | 
02:01:51 | decision |  |  |  |  |  |  | 
02:01:51 | decision |  |  |  |  |  |  | 
02:01:51 | decision |  |  |  |  |  |  | 
02:01:51 | decision |  |  |  |  |  |  | 
02:01:51 | decision |  |  |  |  |  |  | 
02:01:51 | decision |  |  |  |  |  |  | 
02:01:51 | decision |  |  |  |  |  |  | 
02:01:51 | decision |  |  |  |  |  |  | 
02:01:51 | decision |  |  |  |  |  |  | 
02:01:51 | decision |  |  |  |  |  |  | 
02:01:51 | decision |  |  |  |  |  |  | 
02:01:51 | decision |  |  |  |  |  |  | 
02:01:51 | decision |  |  |  |  |  |  | 
02:01:51 | decision |  |  |  |  |  |  | 
02:01:51 | decision |  |  |  |  |  |  | 
02:01:51 | decision |  |  |  |  |  |  | 
02:01:51 | decision |  |  |  |  |  |  | 
02:01:51 | decision |  |  |  |  |  |  | 
02:01:51 | decision |  |  |  |  |  |  | 
02:01:51 | decision |  |  |  |  |  |  | 
02:01:51 | decision |  |  |  |  |  |  | 
02:01:51 | decision |  |  |  |  |  |  | 
02:01:51 | decision |  |  |  |  |  |  | 
02:01:51 | decision |  |  |  |  |  |  | 
02:01:51 | decision |  |  |  |  |  |  | 
02:01:51 | decision |  |  |  |  |  |  | 
02:01:51 | decision |  |  |  |  |  |  | 
02:01:51 | decision |  |  |  |  |  |  | 
02:01:51 | decision |  |  |  |  |  |  | 
02:01:51 | decision |  |  |  |  |  |  | 
02:01:51 | decision |  |  |  |  |  |  | 
02:01:51 | decision |  |  |  |  |  |  | 
02:01:51 | decision |  |  |  |  |  |  | 
02:01:51 | decision |  |  |  |  |  |  | 
02:01:51 | decision |  |  |  |  |  |  | 
02:01:51 | decision |  |  |  |  |  |  | 
02:01:51 | decision |  |  |  |  |  |  | 
02:01:51 | decision |  |  |  |  |  |  | 
02:01:51 | decision |  |  |  |  |  |  | 
02:01:51 | decision |  |  |  |  |  |  | 
02:01:51 | decision |  |  |  |  |  |  | 
02:01:51 | decision |  |  |  |  |  |  | 
02:01:51 | decision |  |  |  |  |  |  | 
02:01:51 | decision |  |  |  |  |  |  | 
02:01:51 | decision |  |  |  |  |  |  | 
02:01:51 | decision |  |  |  |  |  |  | 
02:01:51 | decision |  |  |  |  |  |  | 
02:01:51 | decision |  |  |  |  |  |  | 
02:01:51 | decision |  |  |  |  |  |  | 
02:01:51 | decision |  |  |  |  |  |  | 
02:01:51 | decision |  |  |  |  |  |  | 
02:01:51 | decision |  |  |  |  |  |  | 
02:01:51 | decision |  |  |  |  |  |  | 
02:01:51 | decision |  |  |  |  |  |  | 
02:01:51 | decision |  |  |  |  |  |  | 
02:01:51 | decision |  |  |  |  |  |  | 
02:01:51 | decision |  |  |  |  |  |  | 
02:01:51 | decision |  |  |  |  |  |  | 
02:01:51 | decision |  |  |  |  |  |  | 
02:01:51 | decision |  |  |  |  |  |  | 
02:01:51 | decision |  |  |  |  |  |  | 
02:01:51 | decision |  |  |  |  |  |  | 
02:01:51 | decision |  |  |  |  |  |  | 
02:01:51 | decision |  |  |  |  |  |  | 
02:01:51 | decision |  |  |  |  |  |  | 
02:01:51 | decision |  |  |  |  |  |  | 
02:01:51 | decision |  |  |  |  |  |  | 
02:01:51 | decision |  |  |  |  |  |  | 
02:01:51 | decision |  |  |  |  |  |  | 
02:01:51 | decision |  |  |  |  |  |  | 
02:01:51 | decision |  |  |  |  |  |  | 
02:01:51 | decision |  |  |  |  |  |  | 
02:01:51 | decision |  |  |  |  |  |  | 
02:01:51 | decision |  |  |  |  |  |  | 
02:01:51 | decision |  |  |  |  |  |  | 
02:01:51 | decision |  |  |  |  |  |  | 
02:01:51 | decision |  |  |  |  |  |  | 
02:01:51 | decision |  |  |  |  |  |  | 
02:01:51 | decision |  |  |  |  |  |  | 
02:01:51 | decision |  |  |  |  |  |  | 
02:01:51 | decision |  |  |  |  |  |  | 
02:01:51 | decision |  |  |  |  |  |  | 
02:01:51 | decision |  |  |  |  |  |  | 
02:01:51 | decision |  |  |  |  |  |  | 
02:01:51 | decision |  |  |  |  |  |  | 
02:01:51 | decision |  |  |  |  |  |  | 
02:01:51 | decision |  |  |  |  |  |  | 
02:01:51 | decision |  |  |  |  |  |  | 
02:01:51 | decision |  |  |  |  |  |  | 
02:01:51 | decision |  |  |  |  |  |  | 
02:01:51 | decision |  |  |  |  |  |  | 
02:01:51 | decision |  |  |  |  |  |  | 
02:01:51 | decision |  |  |  |  |  |  | 
02:01:51 | decision |  |  |  |  |  |  | 
02:01:51 | decision |  |  |  |  |  |  | 
02:01:51 | decision |  |  |  |  |  |  | 
02:01:51 | decision |  |  |  |  |  |  | 
02:01:51 | decision |  |  |  |  |  |  | 
02:01:51 | decision |  |  |  |  |  |  | 
02:01:51 | decision |  |  |  |  |  |  | 
02:01:51 | decision |  |  |  |  |  |  | 
02:01:51 | decision |  |  |  |  |  |  | 
02:01:51 | decision |  |  |  |  |  |  | 
02:01:51 | decision |  |  |  |  |  |  | 
02:01:51 | decision |  |  |  |  |  |  | 
02:01:51 | decision |  |  |  |  |  |  | 
02:01:51 | decision |  |  |  |  |  |  | 
02:01:51 | decision |  |  |  |  |  |  | 
02:01:51 | decision |  |  |  |  |  |  | 
02:01:51 | decision |  |  |  |  |  |  | 
02:01:51 | decision |  |  |  |  |  |  | 
02:01:51 | decision |  |  |  |  |  |  | 
02:01:51 | decision |  |  |  |  |  |  | 
02:01:51 | decision |  |  |  |  |  |  | 
02:01:51 | decision |  |  |  |  |  |  | 
02:01:51 | decision |  |  |  |  |  |  | 
02:01:51 | decision |  |  |  |  |  |  | 
02:01:51 | decision |  |  |  |  |  |  | 
02:01:51 | decision |  |  |  |  |  |  | 
02:01:51 | decision |  |  |  |  |  |  | 
02:01:51 | decision |  |  |  |  |  |  | 
02:01:51 | decision |  |  |  |  |  |  | 
02:01:51 | decision |  |  |  |  |  |  | 
02:01:51 | decision |  |  |  |  |  |  | 
02:01:51 | decision |  |  |  |  |  |  | 
02:01:51 | decision |  |  |  |  |  |  | 
02:01:51 | decision |  |  |  |  |  |  | 
02:01:51 | decision |  |  |  |  |  |  | 
02:01:51 | decision |  |  |  |  |  |  | 
02:01:51 | decision |  |  |  |  |  |  | 
02:01:51 | decision |  |  |  |  |  |  | 
02:01:51 | decision |  |  |  |  |  |  | 
02:01:51 | decision |  |  |  |  |  |  | 
02:01:51 | decision |  |  |  |  |  |  | 
02:01:51 | decision |  |  |  |  |  |  | 
02:01:51 | decision |  |  |  |  |  |  | 
02:01:51 | decision |  |  |  |  |  |  | 
02:01:51 | decision |  |  |  |  |  |  | 
02:01:51 | decision |  |  |  |  |  |  | 
02:01:51 | decision |  |  |  |  |  |  | 
02:01:51 | decision |  |  |  |  |  |  | 
02:01:51 | decision |  |  |  |  |  |  | 
02:01:51 | decision |  |  |  |  |  |  | 
02:01:51 | decision |  |  |  |  |  |  | 
02:01:51 | decision |  |  |  |  |  |  | 
02:01:51 | decision |  |  |  |  |  |  | 
02:01:51 | decision |  |  |  |  |  |  | 
02:01:51 | decision |  |  |  |  |  |  | 
02:01:51 | decision |  |  |  |  |  |  | 
02:01:51 | decision |  |  |  |  |  |  | 
02:01:51 | decision |  |  |  |  |  |  | 
02:01:51 | decision |  |  |  |  |  |  | 
02:01:51 | decision |  |  |  |  |  |  | 
02:01:51 | decision |  |  |  |  |  |  | 
02:01:51 | decision |  |  |  |  |  |  | 
02:01:51 | decision |  |  |  |  |  |  | 
02:01:51 | decision |  |  |  |  |  |  | 
02:01:51 | decision |  |  |  |  |  |  | 
02:01:51 | decision |  |  |  |  |  |  | 
02:01:51 | decision |  |  |  |  |  |  | 
02:01:51 | decision |  |  |  |  |  |  | 
02:01:51 | decision |  |  |  |  |  |  | 
02:01:51 | decision |  |  |  |  |  |  | 
02:01:51 | decision |  |  |  |  |  |  | 
02:01:51 | decision |  |  |  |  |  |  | 
02:01:51 | decision |  |  |  |  |  |  | 
02:01:51 | decision |  |  |  |  |  |  | 
02:01:51 | decision |  |  |  |  |  |  | 
02:01:51 | decision |  |  |  |  |  |  | 
02:01:51 | decision |  |  |  |  |  |  | 
02:01:51 | decision |  |  |  |  |  |  | 
02:01:51 | decision |  |  |  |  |  |  | 
02:01:51 | decision |  |  |  |  |  |  | 
02:01:51 | decision |  |  |  |  |  |  | 
02:01:51 | decision |  |  |  |  |  |  | 
02:01:51 | decision |  |  |  |  |  |  | 
02:01:51 | decision |  |  |  |  |  |  | 
02:01:51 | decision |  |  |  |  |  |  | 
02:01:51 | decision |  |  |  |  |  |  | 
02:01:51 | decision |  |  |  |  |  |  | 
02:01:51 | decision |  |  |  |  |  |  | 
02:01:51 | decision |  |  |  |  |  |  | 
02:01:51 | decision |  |  |  |  |  |  | 
02:01:51 | decision |  |  |  |  |  |  | 
02:01:51 | decision |  |  |  |  |  |  | 
02:01:51 | decision |  |  |  |  |  |  | 
02:01:51 | decision |  |  |  |  |  |  | 
02:01:51 | decision |  |  |  |  |  |  | 
02:01:51 | decision |  |  |  |  |  |  | 
02:01:51 | decision |  |  |  |  |  |  | 
02:01:51 | decision |  |  |  |  |  |  | 
02:01:51 | decision |  |  |  |  |  |  | 
02:01:51 | decision |  |  |  |  |  |  | 
02:01:51 | decision |  |  |  |  |  |  | 
02:01:51 | decision |  |  |  |  |  |  | 
02:01:51 | decision |  |  |  |  |  |  | 
02:01:51 | decision |  |  |  |  |  |  | 
02:01:51 | decision |  |  |  |  |  |  | 
02:01:51 | decision |  |  |  |  |  |  | 
02:01:51 | decision |  |  |  |  |  |  | 
02:01:51 | decision |  |  |  |  |  |  | 
02:01:51 | decision |  |  |  |  |  |  | 
02:01:51 | decision |  |  |  |  |  |  | 
02:01:51 | decision |  |  |  |  |  |  | 
02:01:51 | decision |  |  |  |  |  |  | 
02:01:51 | decision |  |  |  |  |  |  | 
02:01:51 | decision |  |  |  |  |  |  | 
02:01:51 | decision |  |  |  |  |  |  | 
02:01:51 | decision |  |  |  |  |  |  | 
02:01:51 | decision |  |  |  |  |  |  | 
02:01:51 | decision |  |  |  |  |  |  | 
02:01:51 | decision |  |  |  |  |  |  | 
02:01:51 | decision |  |  |  |  |  |  | 
02:01:51 | decision |  |  |  |  |  |  | 
02:01:51 | decision |  |  |  |  |  |  | 
02:01:51 | decision |  |  |  |  |  |  | 
02:01:51 | decision |  |  |  |  |  |  | 
02:01:51 | decision |  |  |  |  |  |  | 
02:01:51 | decision |  |  |  |  |  |  | 
02:01:51 | decision |  |  |  |  |  |  | 
02:01:51 | decision |  |  |  |  |  |  | 
02:01:51 | decision |  |  |  |  |  |  | 
02:01:51 | decision |  |  |  |  |  |  | 
02:01:51 | decision |  |  |  |  |  |  | 
02:01:51 | decision |  |  |  |  |  |  | 
02:01:51 | decision |  |  |  |  |  |  | 
02:01:51 | decision |  |  |  |  |  |  | 
02:01:51 | decision |  |  |  |  |  |  | 
02:01:51 | decision |  |  |  |  |  |  | 
02:01:51 | decision |  |  |  |  |  |  | 
02:01:51 | decision |  |  |  |  |  |  | 
02:01:51 | decision |  |  |  |  |  |  | 
02:01:51 | decision |  |  |  |  |  |  | 
02:01:51 | decision |  |  |  |  |  |  | 
02:01:51 | decision |  |  |  |  |  |  | 
02:01:51 | decision |  |  |  |  |  |  | 
02:01:51 | decision |  |  |  |  |  |  | 
02:01:51 | decision |  |  |  |  |  |  | 
02:01:51 | decision |  |  |  |  |  |  | 
02:01:51 | decision |  |  |  |  |  |  | 
02:01:51 | decision |  |  |  |  |  |  | 
02:01:51 | decision |  |  |  |  |  |  | 
02:01:51 | decision |  |  |  |  |  |  | 
02:01:51 | decision |  |  |  |  |  |  | 
02:01:51 | decision |  |  |  |  |  |  | 
02:01:51 | decision |  |  |  |  |  |  | 
02:01:51 | decision |  |  |  |  |  |  | 
02:01:51 | decision |  |  |  |  |  |  | 
02:01:51 | decision |  |  |  |  |  |  | 
02:01:51 | decision |  |  |  |  |  |  | 
02:01:51 | decision |  |  |  |  |  |  | 
02:01:51 | decision |  |  |  |  |  |  | 
02:01:51 | decision |  |  |  |  |  |  | 
02:01:51 | decision |  |  |  |  |  |  | 
02:01:51 | decision |  |  |  |  |  |  | 
02:01:51 | decision |  |  |  |  |  |  | 
02:01:51 | decision |  |  |  |  |  |  | 
02:01:51 | decision |  |  |  |  |  |  | 
02:01:51 | decision |  |  |  |  |  |  | 
02:01:51 | decision |  |  |  |  |  |  | 
02:01:51 | decision |  |  |  |  |  |  | 
02:01:51 | decision |  |  |  |  |  |  | 
02:01:51 | decision |  |  |  |  |  |  | 
02:01:51 | decision |  |  |  |  |  |  | 
02:01:51 | decision |  |  |  |  |  |  | 
02:01:51 | decision |  |  |  |  |  |  | 
02:01:51 | decision |  |  |  |  |  |  | 
02:01:51 | decision |  |  |  |  |  |  | 
02:01:51 | decision |  |  |  |  |  |  | 
02:01:51 | decision |  |  |  |  |  |  | 
02:01:51 | decision |  |  |  |  |  |  | 
02:01:51 | decision |  |  |  |  |  |  | 
02:01:51 | decision |  |  |  |  |  |  | 
02:01:51 | decision |  |  |  |  |  |  | 
02:01:51 | decision |  |  |  |  |  |  | 
02:01:51 | decision |  |  |  |  |  |  | 
02:01:51 | decision |  |  |  |  |  |  | 
02:01:51 | decision |  |  |  |  |  |  | 
02:01:51 | decision |  |  |  |  |  |  | 
02:01:51 | decision |  |  |  |  |  |  | 
02:01:51 | decision |  |  |  |  |  |  | 
02:01:51 | decision |  |  |  |  |  |  | 
02:01:51 | decision |  |  |  |  |  |  | 
02:01:51 | decision |  |  |  |  |  |  | 
02:01:51 | decision |  |  |  |  |  |  | 
02:01:51 | decision |  |  |  |  |  |  | 
02:01:51 | decision |  |  |  |  |  |  | 
02:01:51 | decision |  |  |  |  |  |  | 
02:01:51 | decision |  |  |  |  |  |  | 
02:01:51 | decision |  |  |  |  |  |  | 
02:01:51 | decision |  |  |  |  |  |  | 
02:01:51 | decision |  |  |  |  |  |  | 
02:01:51 | decision |  |  |  |  |  |  | 
02:01:51 | decision |  |  |  |  |  |  | 
02:01:51 | decision |  |  |  |  |  |  | 
02:01:51 | decision |  |  |  |  |  |  | 
02:01:51 | decision |  |  |  |  |  |  | 
02:01:51 | decision |  |  |  |  |  |  | 
02:01:51 | decision |  |  |  |  |  |  | 
02:01:51 | decision |  |  |  |  |  |  | 
02:01:51 | decision |  |  |  |  |  |  | 
02:01:51 | decision |  |  |  |  |  |  | 
02:01:51 | decision |  |  |  |  |  |  | 
02:01:51 | decision |  |  |  |  |  |  | 
02:01:51 | decision |  |  |  |  |  |  | 
02:01:51 | decision |  |  |  |  |  |  | 
02:01:51 | decision |  |  |  |  |  |  | 
02:01:51 | decision |  |  |  |  |  |  | 
02:01:51 | decision |  |  |  |  |  |  | 
02:01:51 | decision |  |  |  |  |  |  | 
02:01:51 | decision |  |  |  |  |  |  | 
02:01:51 | decision |  |  |  |  |  |  | 
02:01:51 | decision |  |  |  |  |  |  | 
02:01:51 | decision |  |  |  |  |  |  | 
02:01:51 | decision |  |  |  |  |  |  | 
02:01:51 | decision |  |  |  |  |  |  | 
02:01:51 | decision |  |  |  |  |  |  | 
02:01:51 | decision |  |  |  |  |  |  | 
02:01:51 | decision |  |  |  |  |  |  | 
02:01:51 | decision |  |  |  |  |  |  | 
02:01:51 | decision |  |  |  |  |  |  | 
02:01:51 | decision |  |  |  |  |  |  | 
02:01:51 | decision |  |  |  |  |  |  | 
02:01:51 | decision |  |  |  |  |  |  | 
02:01:51 | decision |  |  |  |  |  |  | 
02:01:51 | decision |  |  |  |  |  |  | 
02:01:51 | decision |  |  |  |  |  |  | 
02:01:51 | decision |  |  |  |  |  |  | 
02:01:51 | decision |  |  |  |  |  |  | 
02:01:51 | decision |  |  |  |  |  |  | 
02:01:51 | decision |  |  |  |  |  |  | 
02:01:51 | decision |  |  |  |  |  |  | 
02:01:51 | decision |  |  |  |  |  |  | 
02:01:51 | decision |  |  |  |  |  |  | 
02:01:51 | decision |  |  |  |  |  |  | 
02:01:51 | decision |  |  |  |  |  |  | 
02:01:51 | decision |  |  |  |  |  |  | 
02:01:51 | decision |  |  |  |  |  |  | 
02:01:51 | decision |  |  |  |  |  |  | 
02:01:51 | decision |  |  |  |  |  |  | 
02:01:51 | decision |  |  |  |  |  |  | 
02:01:51 | decision |  |  |  |  |  |  | 
02:01:51 | decision |  |  |  |  |  |  | 
02:01:51 | decision |  |  |  |  |  |  | 
02:01:51 | decision |  |  |  |  |  |  | 
02:01:51 | decision |  |  |  |  |  |  | 
02:01:51 | decision |  |  |  |  |  |  | 
02:01:51 | decision |  |  |  |  |  |  | 
02:01:51 | decision |  |  |  |  |  |  | 
02:01:51 | decision |  |  |  |  |  |  | 
02:01:51 | decision |  |  |  |  |  |  | 
02:01:51 | decision |  |  |  |  |  |  | 
02:01:51 | decision |  |  |  |  |  |  | 
02:01:51 | decision |  |  |  |  |  |  | 
02:01:51 | decision |  |  |  |  |  |  | 
02:01:51 | decision |  |  |  |  |  |  | 
02:01:51 | decision |  |  |  |  |  |  | 
02:01:51 | decision |  |  |  |  |  |  | 
02:01:51 | decision |  |  |  |  |  |  | 
02:01:51 | decision |  |  |  |  |  |  | 
02:01:51 | decision |  |  |  |  |  |  | 
02:01:51 | decision |  |  |  |  |  |  | 
02:01:51 | decision |  |  |  |  |  |  | 
02:01:51 | decision |  |  |  |  |  |  | 
02:01:51 | decision |  |  |  |  |  |  | 
02:01:51 | decision |  |  |  |  |  |  | 
02:01:51 | decision |  |  |  |  |  |  | 
02:01:51 | decision |  |  |  |  |  |  | 
02:01:51 | decision |  |  |  |  |  |  | 
02:01:51 | decision |  |  |  |  |  |  | 
02:01:51 | decision |  |  |  |  |  |  | 
02:01:51 | decision |  |  |  |  |  |  | 
02:01:51 | decision |  |  |  |  |  |  | 
02:01:51 | decision |  |  |  |  |  |  | 
02:01:51 | decision |  |  |  |  |  |  | 
02:01:51 | decision |  |  |  |  |  |  | 
02:01:51 | decision |  |  |  |  |  |  | 
02:01:51 | decision |  |  |  |  |  |  | 
02:01:51 | decision |  |  |  |  |  |  | 
02:01:51 | decision |  |  |  |  |  |  | 
02:01:51 | decision |  |  |  |  |  |  | 
02:01:51 | decision |  |  |  |  |  |  | 
02:01:51 | decision |  |  |  |  |  |  | 
02:01:51 | decision |  |  |  |  |  |  | 
02:01:51 | decision |  |  |  |  |  |  | 
02:01:51 | decision |  |  |  |  |  |  | 
02:01:51 | decision |  |  |  |  |  |  | 
02:01:51 | decision |  |  |  |  |  |  | 
02:01:51 | decision |  |  |  |  |  |  | 
02:01:51 | decision |  |  |  |  |  |  | 
02:01:51 | decision |  |  |  |  |  |  | 
02:01:51 | decision |  |  |  |  |  |  | 
02:01:51 | decision |  |  |  |  |  |  | 
02:01:51 | decision |  |  |  |  |  |  | 
02:01:51 | decision |  |  |  |  |  |  | 
02:01:51 | decision |  |  |  |  |  |  | 
02:01:51 | decision |  |  |  |  |  |  | 
02:01:51 | decision |  |  |  |  |  |  | 
02:01:51 | decision |  |  |  |  |  |  | 
02:01:51 | decision |  |  |  |  |  |  | 
02:01:51 | decision |  |  |  |  |  |  | 
02:01:51 | decision |  |  |  |  |  |  | 
02:01:51 | decision |  |  |  |  |  |  | 
02:01:51 | decision |  |  |  |  |  |  | 
02:01:51 | decision |  |  |  |  |  |  | 
02:01:51 | decision |  |  |  |  |  |  | 
02:01:51 | decision |  |  |  |  |  |  | 
02:01:51 | decision |  |  |  |  |  |  | 
02:01:51 | decision |  |  |  |  |  |  | 
02:01:51 | decision |  |  |  |  |  |  | 
02:01:51 | decision |  |  |  |  |  |  | 
02:01:51 | decision |  |  |  |  |  |  | 
02:01:51 | decision |  |  |  |  |  |  | 
02:01:51 | decision |  |  |  |  |  |  | 
02:01:51 | decision |  |  |  |  |  |  | 
02:01:51 | decision |  |  |  |  |  |  | 
02:01:51 | decision |  |  |  |  |  |  | 
02:01:51 | decision |  |  |  |  |  |  | 
02:01:51 | decision |  |  |  |  |  |  | 
02:01:51 | decision |  |  |  |  |  |  | 
02:01:51 | decision |  |  |  |  |  |  | 
02:01:51 | decision |  |  |  |  |  |  | 
02:01:51 | decision |  |  |  |  |  |  | 
02:01:51 | decision |  |  |  |  |  |  | 
02:01:51 | decision |  |  |  |  |  |  | 
02:01:51 | decision |  |  |  |  |  |  | 
02:01:51 | decision |  |  |  |  |  |  | 
02:01:51 | decision |  |  |  |  |  |  | 
02:01:51 | decision |  |  |  |  |  |  | 
02:01:51 | decision |  |  |  |  |  |  | 
02:01:51 | decision |  |  |  |  |  |  | 
02:01:51 | decision |  |  |  |  |  |  | 
02:01:51 | decision |  |  |  |  |  |  | 
02:01:51 | decision |  |  |  |  |  |  | 
02:01:51 | decision |  |  |  |  |  |  | 
02:01:51 | decision |  |  |  |  |  |  | 
02:01:51 | decision |  |  |  |  |  |  | 
02:01:51 | decision |  |  |  |  |  |  | 
02:01:51 | decision |  |  |  |  |  |  | 
02:01:51 | decision |  |  |  |  |  |  | 
02:01:51 | decision |  |  |  |  |  |  | 
02:01:51 | decision |  |  |  |  |  |  | 
02:01:51 | decision |  |  |  |  |  |  | 
02:01:51 | decision |  |  |  |  |  |  | 
02:01:51 | decision |  |  |  |  |  |  | 
02:01:51 | decision |  |  |  |  |  |  | 
02:01:51 | decision |  |  |  |  |  |  | 
02:01:51 | decision |  |  |  |  |  |  | 
02:01:51 | decision |  |  |  |  |  |  | 
02:01:51 | decision |  |  |  |  |  |  | 
02:01:51 | decision |  |  |  |  |  |  | 
02:01:51 | decision |  |  |  |  |  |  | 
02:01:51 | decision |  |  |  |  |  |  | 
02:01:51 | decision |  |  |  |  |  |  | 
02:01:51 | decision |  |  |  |  |  |  | 
02:01:51 | decision |  |  |  |  |  |  | 
02:01:51 | decision |  |  |  |  |  |  | 
02:01:51 | decision |  |  |  |  |  |  | 
02:01:51 | decision |  |  |  |  |  |  | 
02:01:51 | decision |  |  |  |  |  |  | 
02:01:51 | decision |  |  |  |  |  |  | 
02:01:51 | decision |  |  |  |  |  |  | 
02:01:51 | decision |  |  |  |  |  |  | 
02:01:51 | decision |  |  |  |  |  |  | 
02:01:51 | decision |  |  |  |  |  |  | 
02:01:51 | decision |  |  |  |  |  |  | 
02:01:51 | decision |  |  |  |  |  |  | 
02:01:51 | decision |  |  |  |  |  |  | 
02:01:51 | decision |  |  |  |  |  |  | 
02:01:51 | decision |  |  |  |  |  |  | 
02:01:51 | decision |  |  |  |  |  |  | 
02:01:51 | decision |  |  |  |  |  |  | 
02:01:51 | decision |  |  |  |  |  |  | 
02:01:51 | decision |  |  |  |  |  |  | 
02:01:51 | decision |  |  |  |  |  |  | 
02:01:51 | decision |  |  |  |  |  |  | 
02:01:51 | decision |  |  |  |  |  |  | 
02:01:51 | decision |  |  |  |  |  |  | 
02:01:51 | decision |  |  |  |  |  |  | 
02:01:51 | decision |  |  |  |  |  |  | 
02:01:51 | decision |  |  |  |  |  |  | 
02:01:51 | decision |  |  |  |  |  |  | 
02:01:51 | decision |  |  |  |  |  |  | 
02:01:51 | decision |  |  |  |  |  |  | 
02:01:51 | decision |  |  |  |  |  |  | 
02:01:51 | decision |  |  |  |  |  |  | 
02:01:51 | decision |  |  |  |  |  |  | 
02:01:51 | decision |  |  |  |  |  |  | 
02:01:51 | decision |  |  |  |  |  |  | 
02:01:51 | decision |  |  |  |  |  |  | 
02:01:51 | decision |  |  |  |  |  |  | 
02:01:51 | decision |  |  |  |  |  |  | 
02:01:51 | decision |  |  |  |  |  |  | 
02:01:51 | decision |  |  |  |  |  |  | 
02:01:51 | decision |  |  |  |  |  |  | 
02:01:51 | decision |  |  |  |  |  |  | 
02:01:51 | decision |  |  |  |  |  |  | 
=== 04:02:16
rule 17 | active | 1 attempts | The invoice's issuer_nif, normalised (uppercase, no spaces/h
rule 18 | active | 1 attempts | The invoice's iban, normalised (uppercase, no spaces), must 
rule 19 | active | 1 attempts | The invoice's purchase_order, normalised (uppercase, no spac
rule 20 | active | 1 attempts | The orders row for the invoice's purchase_order must have or
rule 21 | active | 1 attempts | The invoice's total must match the orders.total_amount of th
rule 22 | active | 1 attempts | The invoice's vat_amount must match base * vat_rate / 100 wi
rule 23 | active | 1 attempts | The invoice's total must match base + vat_amount within ±0.0
rule 24 | active | 1 attempts | The invoice's date must be a valid calendar date: it must pa
rule 25 | active | 1 attempts | The invoice's date must not be later than parameters.cut_off
rule 26 | active | 1 attempts | The erp entry for the invoice's purchase_order (erp.purchase
rule 27 | active | 1 attempts | No erp entry (in the erp source or in others) with the same 
=== 04:02:26
rule 17 | active | 1 attempts | The invoice's issuer_nif, normalised (uppercase, no spaces/h
rule 18 | active | 1 attempts | The invoice's iban, normalised (uppercase, no spaces), must 
rule 19 | active | 1 attempts | The invoice's purchase_order, normalised (uppercase, no spac
rule 20 | active | 1 attempts | The orders row for the invoice's purchase_order must have or
rule 21 | active | 1 attempts | The invoice's total must match the orders.total_amount of th
rule 22 | active | 1 attempts | The invoice's vat_amount must match base * vat_rate / 100 wi
rule 23 | active | 1 attempts | The invoice's total must match base + vat_amount within ±0.0
rule 24 | active | 1 attempts | The invoice's date must be a valid calendar date: it must pa
rule 25 | active | 1 attempts | The invoice's date must not be later than parameters.cut_off
rule 26 | active | 1 attempts | The erp entry for the invoice's purchase_order (erp.purchase
rule 27 | active | 1 attempts | No erp entry (in the erp source or in others) with the same 
=== 04:02:36
rule 17 | active | 1 attempts | The invoice's issuer_nif, normalised (uppercase, no spaces/h
rule 18 | active | 1 attempts | The invoice's iban, normalised (uppercase, no spaces), must 
rule 19 | active | 1 attempts | The invoice's purchase_order, normalised (uppercase, no spac
rule 20 | active | 1 attempts | The orders row for the invoice's purchase_order must have or
rule 21 | active | 1 attempts | The invoice's total must match the orders.total_amount of th
rule 22 | active | 1 attempts | The invoice's vat_amount must match base * vat_rate / 100 wi
rule 23 | active | 1 attempts | The invoice's total must match base + vat_amount within ±0.0
rule 24 | active | 1 attempts | The invoice's date must be a valid calendar date: it must pa
rule 25 | active | 1 attempts | The invoice's date must not be later than parameters.cut_off
rule 26 | active | 1 attempts | The erp entry for the invoice's purchase_order (erp.purchase
rule 27 | active | 1 attempts | No erp entry (in the erp source or in others) with the same 
=== 04:02:46
rule 17 | active | 1 attempts | The invoice's issuer_nif, normalised (uppercase, no spaces/h
rule 18 | active | 1 attempts | The invoice's iban, normalised (uppercase, no spaces), must 
rule 19 | active | 1 attempts | The invoice's purchase_order, normalised (uppercase, no spac
rule 20 | active | 1 attempts | The orders row for the invoice's purchase_order must have or
rule 21 | active | 1 attempts | The invoice's total must match the orders.total_amount of th
rule 22 | active | 1 attempts | The invoice's vat_amount must match base * vat_rate / 100 wi
rule 23 | active | 1 attempts | The invoice's total must match base + vat_amount within ±0.0
rule 24 | active | 1 attempts | The invoice's date must be a valid calendar date: it must pa
rule 25 | active | 1 attempts | The invoice's date must not be later than parameters.cut_off
rule 26 | active | 1 attempts | The erp entry for the invoice's purchase_order (erp.purchase
rule 27 | active | 1 attempts | No erp entry (in the erp source or in others) with the same 
=== 04:02:57
rule 17 | active | 1 attempts | The invoice's issuer_nif, normalised (uppercase, no spaces/h
rule 18 | active | 1 attempts | The invoice's iban, normalised (uppercase, no spaces), must 
rule 19 | active | 1 attempts | The invoice's purchase_order, normalised (uppercase, no spac
rule 20 | active | 1 attempts | The orders row for the invoice's purchase_order must have or
rule 21 | active | 1 attempts | The invoice's total must match the orders.total_amount of th
rule 22 | active | 1 attempts | The invoice's vat_amount must match base * vat_rate / 100 wi
rule 23 | active | 1 attempts | The invoice's total must match base + vat_amount within ±0.0
rule 24 | active | 1 attempts | The invoice's date must be a valid calendar date: it must pa
rule 25 | active | 1 attempts | The invoice's date must not be later than parameters.cut_off
rule 26 | active | 1 attempts | The erp entry for the invoice's purchase_order (erp.purchase
rule 27 | active | 1 attempts | No erp entry (in the erp source or in others) with the same 
=== 04:03:07
rule 17 | active | 1 attempts | The invoice's issuer_nif, normalised (uppercase, no spaces/h
rule 18 | active | 1 attempts | The invoice's iban, normalised (uppercase, no spaces), must 
rule 19 | active | 1 attempts | The invoice's purchase_order, normalised (uppercase, no spac
rule 20 | active | 1 attempts | The orders row for the invoice's purchase_order must have or
rule 21 | active | 1 attempts | The invoice's total must match the orders.total_amount of th
rule 22 | active | 1 attempts | The invoice's vat_amount must match base * vat_rate / 100 wi
rule 23 | active | 1 attempts | The invoice's total must match base + vat_amount within ±0.0
rule 24 | active | 1 attempts | The invoice's date must be a valid calendar date: it must pa
rule 25 | active | 1 attempts | The invoice's date must not be later than parameters.cut_off
rule 26 | active | 1 attempts | The erp entry for the invoice's purchase_order (erp.purchase
rule 27 | active | 1 attempts | No erp entry (in the erp source or in others) with the same 
=== 04:03:17
rule 17 | active | 1 attempts | The invoice's issuer_nif, normalised (uppercase, no spaces/h
rule 18 | active | 1 attempts | The invoice's iban, normalised (uppercase, no spaces), must 
rule 19 | active | 1 attempts | The invoice's purchase_order, normalised (uppercase, no spac
rule 20 | active | 1 attempts | The orders row for the invoice's purchase_order must have or
rule 21 | active | 1 attempts | The invoice's total must match the orders.total_amount of th
rule 22 | active | 1 attempts | The invoice's vat_amount must match base * vat_rate / 100 wi
rule 23 | active | 1 attempts | The invoice's total must match base + vat_amount within ±0.0
rule 24 | active | 1 attempts | The invoice's date must be a valid calendar date: it must pa
rule 25 | active | 1 attempts | The invoice's date must not be later than parameters.cut_off
rule 26 | active | 1 attempts | The erp entry for the invoice's purchase_order (erp.purchase
rule 27 | active | 1 attempts | No erp entry (in the erp source or in others) with the same 
=== 04:03:27
rule 17 | active | 1 attempts | The invoice's issuer_nif, normalised (uppercase, no spaces/h
rule 18 | active | 1 attempts | The invoice's iban, normalised (uppercase, no spaces), must 
rule 19 | active | 1 attempts | The invoice's purchase_order, normalised (uppercase, no spac
rule 20 | active | 1 attempts | The orders row for the invoice's purchase_order must have or
rule 21 | active | 1 attempts | The invoice's total must match the orders.total_amount of th
rule 22 | active | 1 attempts | The invoice's vat_amount must match base * vat_rate / 100 wi
rule 23 | active | 1 attempts | The invoice's total must match base + vat_amount within ±0.0
rule 24 | active | 1 attempts | The invoice's date must be a valid calendar date: it must pa
rule 25 | active | 1 attempts | The invoice's date must not be later than parameters.cut_off
rule 26 | active | 1 attempts | The erp entry for the invoice's purchase_order (erp.purchase
rule 27 | active | 1 attempts | No erp entry (in the erp source or in others) with the same 
=== 04:03:37
rule 17 | active | 1 attempts | The invoice's issuer_nif, normalised (uppercase, no spaces/h
rule 18 | active | 1 attempts | The invoice's iban, normalised (uppercase, no spaces), must 
rule 19 | active | 1 attempts | The invoice's purchase_order, normalised (uppercase, no spac
rule 20 | active | 1 attempts | The orders row for the invoice's purchase_order must have or
rule 21 | active | 1 attempts | The invoice's total must match the orders.total_amount of th
rule 22 | active | 1 attempts | The invoice's vat_amount must match base * vat_rate / 100 wi
rule 23 | active | 1 attempts | The invoice's total must match base + vat_amount within ±0.0
rule 24 | active | 1 attempts | The invoice's date must be a valid calendar date: it must pa
rule 25 | active | 1 attempts | The invoice's date must not be later than parameters.cut_off
rule 26 | active | 1 attempts | The erp entry for the invoice's purchase_order (erp.purchase
rule 27 | active | 1 attempts | No erp entry (in the erp source or in others) with the same 
=== 04:03:47
rule 17 | active | 1 attempts | The invoice's issuer_nif, normalised (uppercase, no spaces/h
rule 18 | active | 1 attempts | The invoice's iban, normalised (uppercase, no spaces), must 
rule 19 | active | 1 attempts | The invoice's purchase_order, normalised (uppercase, no spac
rule 20 | active | 1 attempts | The orders row for the invoice's purchase_order must have or
rule 21 | active | 1 attempts | The invoice's total must match the orders.total_amount of th
rule 22 | active | 1 attempts | The invoice's vat_amount must match base * vat_rate / 100 wi
rule 23 | active | 1 attempts | The invoice's total must match base + vat_amount within ±0.0
rule 24 | active | 1 attempts | The invoice's date must be a valid calendar date: it must pa
rule 25 | active | 1 attempts | The invoice's date must not be later than parameters.cut_off
rule 26 | active | 1 attempts | The erp entry for the invoice's purchase_order (erp.purchase
rule 27 | active | 1 attempts | No erp entry (in the erp source or in others) with the same 
=== 04:03:58
rule 17 | active | 1 attempts | The invoice's issuer_nif, normalised (uppercase, no spaces/h
rule 18 | active | 1 attempts | The invoice's iban, normalised (uppercase, no spaces), must 
rule 19 | active | 1 attempts | The invoice's purchase_order, normalised (uppercase, no spac
rule 20 | active | 1 attempts | The orders row for the invoice's purchase_order must have or
rule 21 | active | 1 attempts | The invoice's total must match the orders.total_amount of th
rule 22 | active | 1 attempts | The invoice's vat_amount must match base * vat_rate / 100 wi
rule 23 | active | 1 attempts | The invoice's total must match base + vat_amount within ±0.0
rule 24 | active | 1 attempts | The invoice's date must be a valid calendar date: it must pa
rule 25 | active | 1 attempts | The invoice's date must not be later than parameters.cut_off
rule 26 | active | 1 attempts | The erp entry for the invoice's purchase_order (erp.purchase
rule 27 | active | 1 attempts | No erp entry (in the erp source or in others) with the same 
=== 04:04:08
rule 17 | active | 1 attempts | The invoice's issuer_nif, normalised (uppercase, no spaces/h
rule 18 | active | 1 attempts | The invoice's iban, normalised (uppercase, no spaces), must 
rule 19 | active | 1 attempts | The invoice's purchase_order, normalised (uppercase, no spac
rule 20 | active | 1 attempts | The orders row for the invoice's purchase_order must have or
rule 21 | active | 1 attempts | The invoice's total must match the orders.total_amount of th
rule 22 | active | 1 attempts | The invoice's vat_amount must match base * vat_rate / 100 wi
rule 23 | active | 1 attempts | The invoice's total must match base + vat_amount within ±0.0
rule 24 | active | 1 attempts | The invoice's date must be a valid calendar date: it must pa
rule 25 | active | 1 attempts | The invoice's date must not be later than parameters.cut_off
rule 26 | active | 1 attempts | The erp entry for the invoice's purchase_order (erp.purchase
rule 27 | active | 1 attempts | No erp entry (in the erp source or in others) with the same 
=== 04:04:18
rule 17 | active | 1 attempts | The invoice's issuer_nif, normalised (uppercase, no spaces/h
rule 18 | active | 1 attempts | The invoice's iban, normalised (uppercase, no spaces), must 
rule 19 | active | 1 attempts | The invoice's purchase_order, normalised (uppercase, no spac
rule 20 | active | 1 attempts | The orders row for the invoice's purchase_order must have or
rule 21 | active | 1 attempts | The invoice's total must match the orders.total_amount of th
rule 22 | active | 1 attempts | The invoice's vat_amount must match base * vat_rate / 100 wi
rule 23 | active | 1 attempts | The invoice's total must match base + vat_amount within ±0.0
rule 24 | active | 1 attempts | The invoice's date must be a valid calendar date: it must pa
rule 25 | active | 1 attempts | The invoice's date must not be later than parameters.cut_off
rule 26 | active | 1 attempts | The erp entry for the invoice's purchase_order (erp.purchase
rule 27 | active | 1 attempts | No erp entry (in the erp source or in others) with the same 
=== 04:04:28
rule 17 | active | 1 attempts | The invoice's issuer_nif, normalised (uppercase, no spaces/h
rule 18 | active | 1 attempts | The invoice's iban, normalised (uppercase, no spaces), must 
rule 19 | active | 1 attempts | The invoice's purchase_order, normalised (uppercase, no spac
rule 20 | active | 1 attempts | The orders row for the invoice's purchase_order must have or
rule 21 | active | 1 attempts | The invoice's total must match the orders.total_amount of th
rule 22 | active | 1 attempts | The invoice's vat_amount must match base * vat_rate / 100 wi
rule 23 | active | 1 attempts | The invoice's total must match base + vat_amount within ±0.0
rule 24 | active | 1 attempts | The invoice's date must be a valid calendar date: it must pa
rule 25 | active | 1 attempts | The invoice's date must not be later than parameters.cut_off
rule 26 | active | 1 attempts | The erp entry for the invoice's purchase_order (erp.purchase
rule 27 | active | 1 attempts | No erp entry (in the erp source or in others) with the same 
=== 04:04:38
rule 17 | active | 1 attempts | The invoice's issuer_nif, normalised (uppercase, no spaces/h
rule 18 | active | 1 attempts | The invoice's iban, normalised (uppercase, no spaces), must 
rule 19 | active | 1 attempts | The invoice's purchase_order, normalised (uppercase, no spac
rule 20 | active | 1 attempts | The orders row for the invoice's purchase_order must have or
rule 21 | active | 1 attempts | The invoice's total must match the orders.total_amount of th
rule 22 | active | 1 attempts | The invoice's vat_amount must match base * vat_rate / 100 wi
rule 23 | active | 1 attempts | The invoice's total must match base + vat_amount within ±0.0
rule 24 | active | 1 attempts | The invoice's date must be a valid calendar date: it must pa
rule 25 | active | 1 attempts | The invoice's date must not be later than parameters.cut_off
rule 26 | active | 1 attempts | The erp entry for the invoice's purchase_order (erp.purchase
rule 27 | active | 1 attempts | No erp entry (in the erp source or in others) with the same 
=== 04:04:48
rule 17 | active | 1 attempts | The invoice's issuer_nif, normalised (uppercase, no spaces/h
rule 18 | active | 1 attempts | The invoice's iban, normalised (uppercase, no spaces), must 
rule 19 | active | 1 attempts | The invoice's purchase_order, normalised (uppercase, no spac
rule 20 | active | 1 attempts | The orders row for the invoice's purchase_order must have or
rule 21 | active | 1 attempts | The invoice's total must match the orders.total_amount of th
rule 22 | active | 1 attempts | The invoice's vat_amount must match base * vat_rate / 100 wi
rule 23 | active | 1 attempts | The invoice's total must match base + vat_amount within ±0.0
rule 24 | active | 1 attempts | The invoice's date must be a valid calendar date: it must pa
rule 25 | active | 1 attempts | The invoice's date must not be later than parameters.cut_off
rule 26 | active | 1 attempts | The erp entry for the invoice's purchase_order (erp.purchase
rule 27 | active | 1 attempts | No erp entry (in the erp source or in others) with the same 
=== 04:04:59
rule 17 | active | 1 attempts | The invoice's issuer_nif, normalised (uppercase, no spaces/h
rule 18 | active | 1 attempts | The invoice's iban, normalised (uppercase, no spaces), must 
rule 19 | active | 1 attempts | The invoice's purchase_order, normalised (uppercase, no spac
rule 20 | active | 1 attempts | The orders row for the invoice's purchase_order must have or
rule 21 | active | 1 attempts | The invoice's total must match the orders.total_amount of th
rule 22 | active | 1 attempts | The invoice's vat_amount must match base * vat_rate / 100 wi
rule 23 | active | 1 attempts | The invoice's total must match base + vat_amount within ±0.0
rule 24 | active | 1 attempts | The invoice's date must be a valid calendar date: it must pa
rule 25 | active | 1 attempts | The invoice's date must not be later than parameters.cut_off
rule 26 | active | 1 attempts | The erp entry for the invoice's purchase_order (erp.purchase
rule 27 | active | 1 attempts | No erp entry (in the erp source or in others) with the same 
=== 04:05:09
rule 17 | active | 1 attempts | The invoice's issuer_nif, normalised (uppercase, no spaces/h
rule 18 | active | 1 attempts | The invoice's iban, normalised (uppercase, no spaces), must 
rule 19 | active | 1 attempts | The invoice's purchase_order, normalised (uppercase, no spac
rule 20 | active | 1 attempts | The orders row for the invoice's purchase_order must have or
rule 21 | active | 1 attempts | The invoice's total must match the orders.total_amount of th
rule 22 | active | 1 attempts | The invoice's vat_amount must match base * vat_rate / 100 wi
rule 23 | active | 1 attempts | The invoice's total must match base + vat_amount within ±0.0
rule 24 | active | 1 attempts | The invoice's date must be a valid calendar date: it must pa
rule 25 | active | 1 attempts | The invoice's date must not be later than parameters.cut_off
rule 26 | active | 1 attempts | The erp entry for the invoice's purchase_order (erp.purchase
rule 27 | active | 1 attempts | No erp entry (in the erp source or in others) with the same 
=== 04:05:19
rule 17 | active | 1 attempts | The invoice's issuer_nif, normalised (uppercase, no spaces/h
rule 18 | active | 1 attempts | The invoice's iban, normalised (uppercase, no spaces), must 
rule 19 | active | 1 attempts | The invoice's purchase_order, normalised (uppercase, no spac
rule 20 | active | 1 attempts | The orders row for the invoice's purchase_order must have or
rule 21 | active | 1 attempts | The invoice's total must match the orders.total_amount of th
rule 22 | active | 1 attempts | The invoice's vat_amount must match base * vat_rate / 100 wi
rule 23 | active | 1 attempts | The invoice's total must match base + vat_amount within ±0.0
rule 24 | active | 1 attempts | The invoice's date must be a valid calendar date: it must pa
rule 25 | active | 1 attempts | The invoice's date must not be later than parameters.cut_off
rule 26 | active | 1 attempts | The erp entry for the invoice's purchase_order (erp.purchase
rule 27 | active | 1 attempts | No erp entry (in the erp source or in others) with the same 
=== 04:05:29
rule 17 | active | 1 attempts | The invoice's issuer_nif, normalised (uppercase, no spaces/h
rule 18 | active | 1 attempts | The invoice's iban, normalised (uppercase, no spaces), must 
rule 19 | active | 1 attempts | The invoice's purchase_order, normalised (uppercase, no spac
rule 20 | active | 1 attempts | The orders row for the invoice's purchase_order must have or
rule 21 | active | 1 attempts | The invoice's total must match the orders.total_amount of th
rule 22 | active | 1 attempts | The invoice's vat_amount must match base * vat_rate / 100 wi
rule 23 | active | 1 attempts | The invoice's total must match base + vat_amount within ±0.0
rule 24 | active | 1 attempts | The invoice's date must be a valid calendar date: it must pa
rule 25 | active | 1 attempts | The invoice's date must not be later than parameters.cut_off
rule 26 | active | 1 attempts | The erp entry for the invoice's purchase_order (erp.purchase
rule 27 | active | 1 attempts | No erp entry (in the erp source or in others) with the same 
=== 04:05:39
rule 17 | active | 1 attempts | The invoice's issuer_nif, normalised (uppercase, no spaces/h
rule 18 | active | 1 attempts | The invoice's iban, normalised (uppercase, no spaces), must 
rule 19 | active | 1 attempts | The invoice's purchase_order, normalised (uppercase, no spac
rule 20 | active | 1 attempts | The orders row for the invoice's purchase_order must have or
rule 21 | active | 1 attempts | The invoice's total must match the orders.total_amount of th
rule 22 | active | 1 attempts | The invoice's vat_amount must match base * vat_rate / 100 wi
rule 23 | active | 1 attempts | The invoice's total must match base + vat_amount within ±0.0
rule 24 | active | 1 attempts | The invoice's date must be a valid calendar date: it must pa
rule 25 | active | 1 attempts | The invoice's date must not be later than parameters.cut_off
rule 26 | active | 1 attempts | The erp entry for the invoice's purchase_order (erp.purchase
rule 27 | active | 1 attempts | No erp entry (in the erp source or in others) with the same 
=== 04:05:49
rule 17 | active | 1 attempts | The invoice's issuer_nif, normalised (uppercase, no spaces/h
rule 18 | active | 1 attempts | The invoice's iban, normalised (uppercase, no spaces), must 
rule 19 | active | 1 attempts | The invoice's purchase_order, normalised (uppercase, no spac
rule 20 | active | 1 attempts | The orders row for the invoice's purchase_order must have or
rule 21 | active | 1 attempts | The invoice's total must match the orders.total_amount of th
rule 22 | active | 1 attempts | The invoice's vat_amount must match base * vat_rate / 100 wi
rule 23 | active | 1 attempts | The invoice's total must match base + vat_amount within ±0.0
rule 24 | active | 1 attempts | The invoice's date must be a valid calendar date: it must pa
rule 25 | active | 1 attempts | The invoice's date must not be later than parameters.cut_off
rule 26 | active | 1 attempts | The erp entry for the invoice's purchase_order (erp.purchase
rule 27 | active | 1 attempts | No erp entry (in the erp source or in others) with the same 
=== 04:06:00
rule 17 | active | 1 attempts | The invoice's issuer_nif, normalised (uppercase, no spaces/h
rule 18 | active | 1 attempts | The invoice's iban, normalised (uppercase, no spaces), must 
rule 19 | active | 1 attempts | The invoice's purchase_order, normalised (uppercase, no spac
rule 20 | active | 1 attempts | The orders row for the invoice's purchase_order must have or
rule 21 | active | 1 attempts | The invoice's total must match the orders.total_amount of th
rule 22 | active | 1 attempts | The invoice's vat_amount must match base * vat_rate / 100 wi
rule 23 | active | 1 attempts | The invoice's total must match base + vat_amount within ±0.0
rule 24 | active | 1 attempts | The invoice's date must be a valid calendar date: it must pa
rule 25 | active | 1 attempts | The invoice's date must not be later than parameters.cut_off
rule 26 | active | 1 attempts | The erp entry for the invoice's purchase_order (erp.purchase
rule 27 | active | 1 attempts | No erp entry (in the erp source or in others) with the same 
=== 04:06:10
rule 17 | active | 1 attempts | The invoice's issuer_nif, normalised (uppercase, no spaces/h
rule 18 | active | 1 attempts | The invoice's iban, normalised (uppercase, no spaces), must 
rule 19 | active | 1 attempts | The invoice's purchase_order, normalised (uppercase, no spac
rule 20 | active | 1 attempts | The orders row for the invoice's purchase_order must have or
rule 21 | active | 1 attempts | The invoice's total must match the orders.total_amount of th
rule 22 | active | 1 attempts | The invoice's vat_amount must match base * vat_rate / 100 wi
rule 23 | active | 1 attempts | The invoice's total must match base + vat_amount within ±0.0
rule 24 | active | 1 attempts | The invoice's date must be a valid calendar date: it must pa
rule 25 | active | 1 attempts | The invoice's date must not be later than parameters.cut_off
rule 26 | active | 1 attempts | The erp entry for the invoice's purchase_order (erp.purchase
rule 27 | active | 1 attempts | No erp entry (in the erp source or in others) with the same 
=== 04:06:20
rule 17 | active | 1 attempts | The invoice's issuer_nif, normalised (uppercase, no spaces/h
rule 18 | active | 1 attempts | The invoice's iban, normalised (uppercase, no spaces), must 
rule 19 | active | 1 attempts | The invoice's purchase_order, normalised (uppercase, no spac
rule 20 | active | 1 attempts | The orders row for the invoice's purchase_order must have or
rule 21 | active | 1 attempts | The invoice's total must match the orders.total_amount of th
rule 22 | active | 1 attempts | The invoice's vat_amount must match base * vat_rate / 100 wi
rule 23 | active | 1 attempts | The invoice's total must match base + vat_amount within ±0.0
rule 24 | active | 1 attempts | The invoice's date must be a valid calendar date: it must pa
rule 25 | active | 1 attempts | The invoice's date must not be later than parameters.cut_off
rule 26 | active | 1 attempts | The erp entry for the invoice's purchase_order (erp.purchase
rule 27 | active | 1 attempts | No erp entry (in the erp source or in others) with the same 
=== 04:06:30
rule 17 | active | 1 attempts | The invoice's issuer_nif, normalised (uppercase, no spaces/h
rule 18 | active | 1 attempts | The invoice's iban, normalised (uppercase, no spaces), must 
rule 19 | active | 1 attempts | The invoice's purchase_order, normalised (uppercase, no spac
rule 20 | active | 1 attempts | The orders row for the invoice's purchase_order must have or
rule 21 | active | 1 attempts | The invoice's total must match the orders.total_amount of th
rule 22 | active | 1 attempts | The invoice's vat_amount must match base * vat_rate / 100 wi
rule 23 | active | 1 attempts | The invoice's total must match base + vat_amount within ±0.0
rule 24 | active | 1 attempts | The invoice's date must be a valid calendar date: it must pa
rule 25 | active | 1 attempts | The invoice's date must not be later than parameters.cut_off
rule 26 | active | 1 attempts | The erp entry for the invoice's purchase_order (erp.purchase
rule 27 | active | 1 attempts | No erp entry (in the erp source or in others) with the same 
=== 04:06:40
rule 17 | active | 1 attempts | The invoice's issuer_nif, normalised (uppercase, no spaces/h
rule 18 | active | 1 attempts | The invoice's iban, normalised (uppercase, no spaces), must 
rule 19 | active | 1 attempts | The invoice's purchase_order, normalised (uppercase, no spac
rule 20 | active | 1 attempts | The orders row for the invoice's purchase_order must have or
rule 21 | active | 1 attempts | The invoice's total must match the orders.total_amount of th
rule 22 | active | 1 attempts | The invoice's vat_amount must match base * vat_rate / 100 wi
rule 23 | active | 1 attempts | The invoice's total must match base + vat_amount within ±0.0
rule 24 | active | 1 attempts | The invoice's date must be a valid calendar date: it must pa
rule 25 | active | 1 attempts | The invoice's date must not be later than parameters.cut_off
rule 26 | active | 1 attempts | The erp entry for the invoice's purchase_order (erp.purchase
rule 27 | active | 1 attempts | No erp entry (in the erp source or in others) with the same 
=== 04:06:50
rule 17 | active | 1 attempts | The invoice's issuer_nif, normalised (uppercase, no spaces/h
rule 18 | active | 1 attempts | The invoice's iban, normalised (uppercase, no spaces), must 
rule 19 | active | 1 attempts | The invoice's purchase_order, normalised (uppercase, no spac
rule 20 | active | 1 attempts | The orders row for the invoice's purchase_order must have or
rule 21 | active | 1 attempts | The invoice's total must match the orders.total_amount of th
rule 22 | active | 1 attempts | The invoice's vat_amount must match base * vat_rate / 100 wi
rule 23 | active | 1 attempts | The invoice's total must match base + vat_amount within ±0.0
rule 24 | active | 1 attempts | The invoice's date must be a valid calendar date: it must pa
rule 25 | active | 1 attempts | The invoice's date must not be later than parameters.cut_off
rule 26 | active | 1 attempts | The erp entry for the invoice's purchase_order (erp.purchase
rule 27 | active | 1 attempts | No erp entry (in the erp source or in others) with the same 
=== 04:07:01
rule 17 | active | 1 attempts | The invoice's issuer_nif, normalised (uppercase, no spaces/h
rule 18 | active | 1 attempts | The invoice's iban, normalised (uppercase, no spaces), must 
rule 19 | active | 1 attempts | The invoice's purchase_order, normalised (uppercase, no spac
rule 20 | active | 1 attempts | The orders row for the invoice's purchase_order must have or
rule 21 | active | 1 attempts | The invoice's total must match the orders.total_amount of th
rule 22 | active | 1 attempts | The invoice's vat_amount must match base * vat_rate / 100 wi
rule 23 | active | 1 attempts | The invoice's total must match base + vat_amount within ±0.0
rule 24 | active | 1 attempts | The invoice's date must be a valid calendar date: it must pa
rule 25 | active | 1 attempts | The invoice's date must not be later than parameters.cut_off
rule 26 | active | 1 attempts | The erp entry for the invoice's purchase_order (erp.purchase
rule 27 | active | 1 attempts | No erp entry (in the erp source or in others) with the same 
=== 04:07:11
rule 17 | active | 1 attempts | The invoice's issuer_nif, normalised (uppercase, no spaces/h
rule 18 | active | 1 attempts | The invoice's iban, normalised (uppercase, no spaces), must 
rule 19 | active | 1 attempts | The invoice's purchase_order, normalised (uppercase, no spac
rule 20 | active | 1 attempts | The orders row for the invoice's purchase_order must have or
rule 21 | active | 1 attempts | The invoice's total must match the orders.total_amount of th
rule 22 | active | 1 attempts | The invoice's vat_amount must match base * vat_rate / 100 wi
rule 23 | active | 1 attempts | The invoice's total must match base + vat_amount within ±0.0
rule 24 | active | 1 attempts | The invoice's date must be a valid calendar date: it must pa
rule 25 | active | 1 attempts | The invoice's date must not be later than parameters.cut_off
rule 26 | active | 1 attempts | The erp entry for the invoice's purchase_order (erp.purchase
rule 27 | active | 1 attempts | No erp entry (in the erp source or in others) with the same 
=== 04:07:21
rule 17 | active | 1 attempts | The invoice's issuer_nif, normalised (uppercase, no spaces/h
rule 18 | active | 1 attempts | The invoice's iban, normalised (uppercase, no spaces), must 
rule 19 | active | 1 attempts | The invoice's purchase_order, normalised (uppercase, no spac
rule 20 | active | 1 attempts | The orders row for the invoice's purchase_order must have or
rule 21 | active | 1 attempts | The invoice's total must match the orders.total_amount of th
rule 22 | active | 1 attempts | The invoice's vat_amount must match base * vat_rate / 100 wi
rule 23 | active | 1 attempts | The invoice's total must match base + vat_amount within ±0.0
rule 24 | active | 1 attempts | The invoice's date must be a valid calendar date: it must pa
rule 25 | active | 1 attempts | The invoice's date must not be later than parameters.cut_off
rule 26 | active | 1 attempts | The erp entry for the invoice's purchase_order (erp.purchase
rule 27 | active | 1 attempts | No erp entry (in the erp source or in others) with the same 
=== 04:07:31
rule 17 | active | 1 attempts | The invoice's issuer_nif, normalised (uppercase, no spaces/h
rule 18 | active | 1 attempts | The invoice's iban, normalised (uppercase, no spaces), must 
rule 19 | active | 1 attempts | The invoice's purchase_order, normalised (uppercase, no spac
rule 20 | active | 1 attempts | The orders row for the invoice's purchase_order must have or
rule 21 | active | 1 attempts | The invoice's total must match the orders.total_amount of th
rule 22 | active | 1 attempts | The invoice's vat_amount must match base * vat_rate / 100 wi
rule 23 | active | 1 attempts | The invoice's total must match base + vat_amount within ±0.0
rule 24 | active | 1 attempts | The invoice's date must be a valid calendar date: it must pa
rule 25 | active | 1 attempts | The invoice's date must not be later than parameters.cut_off
rule 26 | active | 1 attempts | The erp entry for the invoice's purchase_order (erp.purchase
rule 27 | active | 1 attempts | No erp entry (in the erp source or in others) with the same 
02:07:30 | decision |  |  |  |  |  |  | 
02:07:30 | decision |  |  |  |  |  |  | 
02:07:30 | decision |  |  |  |  |  |  | 
02:07:30 | decision |  |  |  |  |  |  | 
02:07:30 | decision |  |  |  |  |  |  | 
02:07:30 | decision |  |  |  |  |  |  | 
02:07:30 | decision |  |  |  |  |  |  | 
02:07:30 | decision |  |  |  |  |  |  | 
02:07:30 | decision |  |  |  |  |  |  | 
02:07:30 | decision |  |  |  |  |  |  | 
02:07:30 | decision |  |  |  |  |  |  | 
02:07:30 | decision |  |  |  |  |  |  | 
02:07:30 | decision |  |  |  |  |  |  | 
02:07:30 | decision |  |  |  |  |  |  | 
02:07:30 | decision |  |  |  |  |  |  | 
02:07:30 | decision |  |  |  |  |  |  | 
02:07:30 | decision |  |  |  |  |  |  | 
02:07:30 | decision |  |  |  |  |  |  | 
02:07:30 | decision |  |  |  |  |  |  | 
02:07:30 | decision |  |  |  |  |  |  | 
02:07:30 | decision |  |  |  |  |  |  | 
02:07:30 | decision |  |  |  |  |  |  | 
02:07:30 | decision |  |  |  |  |  |  | 
02:07:30 | decision |  |  |  |  |  |  | 
02:07:30 | decision |  |  |  |  |  |  | 
02:07:30 | decision |  |  |  |  |  |  | 
02:07:30 | decision |  |  |  |  |  |  | 
02:07:30 | decision |  |  |  |  |  |  | 
02:07:30 | decision |  |  |  |  |  |  | 
02:07:30 | decision |  |  |  |  |  |  | 
02:07:30 | decision |  |  |  |  |  |  | 
02:07:30 | decision |  |  |  |  |  |  | 
02:07:30 | decision |  |  |  |  |  |  | 
02:07:30 | decision |  |  |  |  |  |  | 
02:07:30 | decision |  |  |  |  |  |  | 
02:07:30 | decision |  |  |  |  |  |  | 
02:07:30 | decision |  |  |  |  |  |  | 
02:07:30 | decision |  |  |  |  |  |  | 
02:07:30 | decision |  |  |  |  |  |  | 
02:07:30 | decision |  |  |  |  |  |  | 
02:07:30 | decision |  |  |  |  |  |  | 
02:07:30 | decision |  |  |  |  |  |  | 
02:07:30 | decision |  |  |  |  |  |  | 
02:07:30 | decision |  |  |  |  |  |  | 
02:07:30 | decision |  |  |  |  |  |  | 
02:07:30 | decision |  |  |  |  |  |  | 
02:07:30 | decision |  |  |  |  |  |  | 
02:07:30 | decision |  |  |  |  |  |  | 
02:07:30 | decision |  |  |  |  |  |  | 
02:07:30 | decision |  |  |  |  |  |  | 
02:07:30 | decision |  |  |  |  |  |  | 
02:07:30 | decision |  |  |  |  |  |  | 
02:07:30 | decision |  |  |  |  |  |  | 
02:07:30 | decision |  |  |  |  |  |  | 
02:07:30 | decision |  |  |  |  |  |  | 
02:07:30 | decision |  |  |  |  |  |  | 
02:07:30 | decision |  |  |  |  |  |  | 
02:07:30 | decision |  |  |  |  |  |  | 
02:07:30 | decision |  |  |  |  |  |  | 
02:07:30 | decision |  |  |  |  |  |  | 
02:07:30 | decision |  |  |  |  |  |  | 
02:07:30 | decision |  |  |  |  |  |  | 
02:07:30 | decision |  |  |  |  |  |  | 
02:07:30 | decision |  |  |  |  |  |  | 
02:07:30 | decision |  |  |  |  |  |  | 
02:07:30 | decision |  |  |  |  |  |  | 
02:07:30 | decision |  |  |  |  |  |  | 
02:07:30 | decision |  |  |  |  |  |  | 
02:07:30 | decision |  |  |  |  |  |  | 
02:07:30 | decision |  |  |  |  |  |  | 
02:07:30 | decision |  |  |  |  |  |  | 
02:07:30 | decision |  |  |  |  |  |  | 
02:07:30 | decision |  |  |  |  |  |  | 
02:07:30 | decision |  |  |  |  |  |  | 
02:07:30 | decision |  |  |  |  |  |  | 
02:07:30 | decision |  |  |  |  |  |  | 
02:07:30 | decision |  |  |  |  |  |  | 
02:07:30 | decision |  |  |  |  |  |  | 
02:07:30 | decision |  |  |  |  |  |  | 
02:07:30 | decision |  |  |  |  |  |  | 
02:07:30 | decision |  |  |  |  |  |  | 
02:07:30 | decision |  |  |  |  |  |  | 
02:07:30 | decision |  |  |  |  |  |  | 
02:07:30 | decision |  |  |  |  |  |  | 
02:07:30 | decision |  |  |  |  |  |  | 
02:07:30 | decision |  |  |  |  |  |  | 
02:07:30 | decision |  |  |  |  |  |  | 
02:07:30 | decision |  |  |  |  |  |  | 
02:07:30 | decision |  |  |  |  |  |  | 
02:07:30 | decision |  |  |  |  |  |  | 
02:07:30 | decision |  |  |  |  |  |  | 
02:07:30 | decision |  |  |  |  |  |  | 
02:07:30 | decision |  |  |  |  |  |  | 
02:07:30 | decision |  |  |  |  |  |  | 
02:07:30 | decision |  |  |  |  |  |  | 
02:07:30 | decision |  |  |  |  |  |  | 
02:07:30 | decision |  |  |  |  |  |  | 
02:07:30 | decision |  |  |  |  |  |  | 
02:07:30 | decision |  |  |  |  |  |  | 
02:07:30 | decision |  |  |  |  |  |  | 
02:07:30 | decision |  |  |  |  |  |  | 
02:07:30 | decision |  |  |  |  |  |  | 
02:07:30 | decision |  |  |  |  |  |  | 
02:07:30 | decision |  |  |  |  |  |  | 
02:07:30 | decision |  |  |  |  |  |  | 
02:07:30 | decision |  |  |  |  |  |  | 
02:07:30 | decision |  |  |  |  |  |  | 
02:07:30 | decision |  |  |  |  |  |  | 
02:07:30 | decision |  |  |  |  |  |  | 
02:07:30 | decision |  |  |  |  |  |  | 
02:07:30 | decision |  |  |  |  |  |  | 
02:07:30 | decision |  |  |  |  |  |  | 
02:07:30 | decision |  |  |  |  |  |  | 
02:07:30 | decision |  |  |  |  |  |  | 
02:07:30 | decision |  |  |  |  |  |  | 
02:07:30 | decision |  |  |  |  |  |  | 
02:07:30 | decision |  |  |  |  |  |  | 
02:07:30 | decision |  |  |  |  |  |  | 
02:07:30 | decision |  |  |  |  |  |  | 
02:07:30 | decision |  |  |  |  |  |  | 
02:07:30 | decision |  |  |  |  |  |  | 
02:07:30 | decision |  |  |  |  |  |  | 
02:07:30 | decision |  |  |  |  |  |  | 
02:07:30 | decision |  |  |  |  |  |  | 
02:07:30 | decision |  |  |  |  |  |  | 
02:07:30 | decision |  |  |  |  |  |  | 
02:07:30 | decision |  |  |  |  |  |  | 
02:07:30 | decision |  |  |  |  |  |  | 
02:07:30 | decision |  |  |  |  |  |  | 
02:07:30 | decision |  |  |  |  |  |  | 
02:07:30 | decision |  |  |  |  |  |  | 
02:07:30 | decision |  |  |  |  |  |  | 
02:07:30 | decision |  |  |  |  |  |  | 
02:07:30 | decision |  |  |  |  |  |  | 
02:07:30 | decision |  |  |  |  |  |  | 
02:07:30 | decision |  |  |  |  |  |  | 
02:07:30 | decision |  |  |  |  |  |  | 
02:07:30 | decision |  |  |  |  |  |  | 
02:07:30 | decision |  |  |  |  |  |  | 
02:07:30 | decision |  |  |  |  |  |  | 
02:07:30 | decision |  |  |  |  |  |  | 
02:07:30 | decision |  |  |  |  |  |  | 
02:07:30 | decision |  |  |  |  |  |  | 
02:07:30 | decision |  |  |  |  |  |  | 
02:07:30 | decision |  |  |  |  |  |  | 
02:07:30 | decision |  |  |  |  |  |  | 
02:07:30 | decision |  |  |  |  |  |  | 
02:07:30 | decision |  |  |  |  |  |  | 
02:07:30 | decision |  |  |  |  |  |  | 
02:07:30 | decision |  |  |  |  |  |  | 
02:07:30 | decision |  |  |  |  |  |  | 
02:07:30 | decision |  |  |  |  |  |  | 
02:07:30 | decision |  |  |  |  |  |  | 
02:07:30 | decision |  |  |  |  |  |  | 
02:07:30 | decision |  |  |  |  |  |  | 
02:07:30 | decision |  |  |  |  |  |  | 
02:07:30 | decision |  |  |  |  |  |  | 
02:07:30 | decision |  |  |  |  |  |  | 
02:07:30 | decision |  |  |  |  |  |  | 
02:07:30 | decision |  |  |  |  |  |  | 
02:07:30 | decision |  |  |  |  |  |  | 
02:07:30 | decision |  |  |  |  |  |  | 
02:07:30 | decision |  |  |  |  |  |  | 
02:07:30 | decision |  |  |  |  |  |  | 
02:07:30 | decision |  |  |  |  |  |  | 
02:07:30 | decision |  |  |  |  |  |  | 
02:07:30 | decision |  |  |  |  |  |  | 
02:07:30 | decision |  |  |  |  |  |  | 
02:07:30 | decision |  |  |  |  |  |  | 
02:07:30 | decision |  |  |  |  |  |  | 
02:07:30 | decision |  |  |  |  |  |  | 
02:07:30 | decision |  |  |  |  |  |  | 
02:07:30 | decision |  |  |  |  |  |  | 
02:07:30 | decision |  |  |  |  |  |  | 
02:07:30 | decision |  |  |  |  |  |  | 
02:07:30 | decision |  |  |  |  |  |  | 
02:07:30 | decision |  |  |  |  |  |  | 
02:07:30 | decision |  |  |  |  |  |  | 
02:07:30 | decision |  |  |  |  |  |  | 
02:07:30 | decision |  |  |  |  |  |  | 
02:07:30 | decision |  |  |  |  |  |  | 
02:07:30 | decision |  |  |  |  |  |  | 
02:07:30 | decision |  |  |  |  |  |  | 
02:07:30 | decision |  |  |  |  |  |  | 
02:07:30 | decision |  |  |  |  |  |  | 
02:07:30 | decision |  |  |  |  |  |  | 
02:07:30 | decision |  |  |  |  |  |  | 
02:07:30 | decision |  |  |  |  |  |  | 
02:07:30 | decision |  |  |  |  |  |  | 
02:07:30 | decision |  |  |  |  |  |  | 
02:07:30 | decision |  |  |  |  |  |  | 
02:07:30 | decision |  |  |  |  |  |  | 
02:07:30 | decision |  |  |  |  |  |  | 
02:07:30 | decision |  |  |  |  |  |  | 
02:07:30 | decision |  |  |  |  |  |  | 
02:07:30 | decision |  |  |  |  |  |  | 
02:07:30 | decision |  |  |  |  |  |  | 
02:07:30 | decision |  |  |  |  |  |  | 
02:07:30 | decision |  |  |  |  |  |  | 
02:07:30 | decision |  |  |  |  |  |  | 
02:07:30 | decision |  |  |  |  |  |  | 
02:07:30 | decision |  |  |  |  |  |  | 
02:07:30 | decision |  |  |  |  |  |  | 
02:07:30 | decision |  |  |  |  |  |  | 
02:07:30 | decision |  |  |  |  |  |  | 
02:07:30 | decision |  |  |  |  |  |  | 
02:07:30 | decision |  |  |  |  |  |  | 
02:07:30 | decision |  |  |  |  |  |  | 
02:07:30 | decision |  |  |  |  |  |  | 
02:07:30 | decision |  |  |  |  |  |  | 
02:07:30 | decision |  |  |  |  |  |  | 
02:07:30 | decision |  |  |  |  |  |  | 
02:07:30 | decision |  |  |  |  |  |  | 
02:07:30 | decision |  |  |  |  |  |  | 
02:07:30 | decision |  |  |  |  |  |  | 
02:07:30 | decision |  |  |  |  |  |  | 
02:07:30 | decision |  |  |  |  |  |  | 
02:07:30 | decision |  |  |  |  |  |  | 
02:07:30 | decision |  |  |  |  |  |  | 
02:07:30 | decision |  |  |  |  |  |  | 
02:07:30 | decision |  |  |  |  |  |  | 
02:07:30 | decision |  |  |  |  |  |  | 
02:07:30 | decision |  |  |  |  |  |  | 
02:07:30 | decision |  |  |  |  |  |  | 
02:07:30 | decision |  |  |  |  |  |  | 
02:07:30 | decision |  |  |  |  |  |  | 
02:07:30 | decision |  |  |  |  |  |  | 
02:07:30 | decision |  |  |  |  |  |  | 
02:07:30 | decision |  |  |  |  |  |  | 
02:07:30 | decision |  |  |  |  |  |  | 
02:07:30 | decision |  |  |  |  |  |  | 
02:07:30 | decision |  |  |  |  |  |  | 
02:07:30 | decision |  |  |  |  |  |  | 
02:07:30 | decision |  |  |  |  |  |  | 
02:07:30 | decision |  |  |  |  |  |  | 
02:07:30 | decision |  |  |  |  |  |  | 
02:07:30 | decision |  |  |  |  |  |  | 
02:07:30 | decision |  |  |  |  |  |  | 
02:07:30 | decision |  |  |  |  |  |  | 
02:07:30 | decision |  |  |  |  |  |  | 
02:07:30 | decision |  |  |  |  |  |  | 
02:07:30 | decision |  |  |  |  |  |  | 
02:07:30 | decision |  |  |  |  |  |  | 
02:07:30 | decision |  |  |  |  |  |  | 
02:07:30 | decision |  |  |  |  |  |  | 
02:07:30 | decision |  |  |  |  |  |  | 
02:07:30 | decision |  |  |  |  |  |  | 
02:07:30 | decision |  |  |  |  |  |  | 
02:07:30 | decision |  |  |  |  |  |  | 
02:07:30 | decision |  |  |  |  |  |  | 
02:07:30 | decision |  |  |  |  |  |  | 
02:07:30 | decision |  |  |  |  |  |  | 
02:07:30 | decision |  |  |  |  |  |  | 
02:07:30 | decision |  |  |  |  |  |  | 
02:07:30 | decision |  |  |  |  |  |  | 
02:07:30 | decision |  |  |  |  |  |  | 
02:07:30 | decision |  |  |  |  |  |  | 
02:07:30 | decision |  |  |  |  |  |  | 
02:07:30 | decision |  |  |  |  |  |  | 
02:07:30 | decision |  |  |  |  |  |  | 
02:07:30 | decision |  |  |  |  |  |  | 
02:07:30 | decision |  |  |  |  |  |  | 
02:07:30 | decision |  |  |  |  |  |  | 
02:07:30 | decision |  |  |  |  |  |  | 
02:07:30 | decision |  |  |  |  |  |  | 
02:07:30 | decision |  |  |  |  |  |  | 
02:07:30 | decision |  |  |  |  |  |  | 
02:07:30 | decision |  |  |  |  |  |  | 
02:07:30 | decision |  |  |  |  |  |  | 
02:07:30 | decision |  |  |  |  |  |  | 
02:07:30 | decision |  |  |  |  |  |  | 
02:07:30 | decision |  |  |  |  |  |  | 
02:07:30 | decision |  |  |  |  |  |  | 
02:07:30 | decision |  |  |  |  |  |  | 
02:07:30 | decision |  |  |  |  |  |  | 
02:07:30 | decision |  |  |  |  |  |  | 
02:07:30 | decision |  |  |  |  |  |  | 
02:07:30 | decision |  |  |  |  |  |  | 
02:07:30 | decision |  |  |  |  |  |  | 
02:07:30 | decision |  |  |  |  |  |  | 
02:07:30 | decision |  |  |  |  |  |  | 
02:07:30 | decision |  |  |  |  |  |  | 
02:07:30 | decision |  |  |  |  |  |  | 
02:07:30 | decision |  |  |  |  |  |  | 
02:07:30 | decision |  |  |  |  |  |  | 
02:07:30 | decision |  |  |  |  |  |  | 
02:07:30 | decision |  |  |  |  |  |  | 
02:07:30 | decision |  |  |  |  |  |  | 
02:07:30 | decision |  |  |  |  |  |  | 
02:07:30 | decision |  |  |  |  |  |  | 
02:07:30 | decision |  |  |  |  |  |  | 
02:07:30 | decision |  |  |  |  |  |  | 
02:07:30 | decision |  |  |  |  |  |  | 
02:07:30 | decision |  |  |  |  |  |  | 
02:07:30 | decision |  |  |  |  |  |  | 
02:07:30 | decision |  |  |  |  |  |  | 
02:07:30 | decision |  |  |  |  |  |  | 
02:07:30 | decision |  |  |  |  |  |  | 
02:07:30 | decision |  |  |  |  |  |  | 
02:07:30 | decision |  |  |  |  |  |  | 
02:07:30 | decision |  |  |  |  |  |  | 
02:07:30 | decision |  |  |  |  |  |  | 
02:07:30 | decision |  |  |  |  |  |  | 
02:07:30 | decision |  |  |  |  |  |  | 
02:07:30 | decision |  |  |  |  |  |  | 
02:07:30 | decision |  |  |  |  |  |  | 
02:07:30 | decision |  |  |  |  |  |  | 
02:07:30 | decision |  |  |  |  |  |  | 
02:07:30 | decision |  |  |  |  |  |  | 
02:07:30 | decision |  |  |  |  |  |  | 
02:07:30 | decision |  |  |  |  |  |  | 
02:07:30 | decision |  |  |  |  |  |  | 
02:07:30 | decision |  |  |  |  |  |  | 
02:07:30 | decision |  |  |  |  |  |  | 
02:07:30 | decision |  |  |  |  |  |  | 
02:07:30 | decision |  |  |  |  |  |  | 
02:07:30 | decision |  |  |  |  |  |  | 
02:07:30 | decision |  |  |  |  |  |  | 
02:07:30 | decision |  |  |  |  |  |  | 
02:07:30 | decision |  |  |  |  |  |  | 
02:07:30 | decision |  |  |  |  |  |  | 
02:07:30 | decision |  |  |  |  |  |  | 
02:07:30 | decision |  |  |  |  |  |  | 
02:07:30 | decision |  |  |  |  |  |  | 
02:07:30 | decision |  |  |  |  |  |  | 
02:07:30 | decision |  |  |  |  |  |  | 
02:07:30 | decision |  |  |  |  |  |  | 
02:07:30 | decision |  |  |  |  |  |  | 
02:07:30 | decision |  |  |  |  |  |  | 
02:07:30 | decision |  |  |  |  |  |  | 
02:07:30 | decision |  |  |  |  |  |  | 
02:07:30 | decision |  |  |  |  |  |  | 
02:07:30 | decision |  |  |  |  |  |  | 
02:07:30 | decision |  |  |  |  |  |  | 
02:07:30 | decision |  |  |  |  |  |  | 
02:07:30 | decision |  |  |  |  |  |  | 
02:07:30 | decision |  |  |  |  |  |  | 
02:07:30 | decision |  |  |  |  |  |  | 
02:07:30 | decision |  |  |  |  |  |  | 
02:07:30 | decision |  |  |  |  |  |  | 
02:07:30 | decision |  |  |  |  |  |  | 
02:07:30 | decision |  |  |  |  |  |  | 
02:07:30 | decision |  |  |  |  |  |  | 
02:07:30 | decision |  |  |  |  |  |  | 
02:07:30 | decision |  |  |  |  |  |  | 
02:07:30 | decision |  |  |  |  |  |  | 
02:07:30 | decision |  |  |  |  |  |  | 
02:07:30 | decision |  |  |  |  |  |  | 
02:07:30 | decision |  |  |  |  |  |  | 
02:07:30 | decision |  |  |  |  |  |  | 
02:07:30 | decision |  |  |  |  |  |  | 
02:07:30 | decision |  |  |  |  |  |  | 
02:07:30 | decision |  |  |  |  |  |  | 
02:07:30 | decision |  |  |  |  |  |  | 
02:07:30 | decision |  |  |  |  |  |  | 
02:07:30 | decision |  |  |  |  |  |  | 
02:07:30 | decision |  |  |  |  |  |  | 
02:07:30 | decision |  |  |  |  |  |  | 
02:07:30 | decision |  |  |  |  |  |  | 
02:07:30 | decision |  |  |  |  |  |  | 
02:07:30 | decision |  |  |  |  |  |  | 
02:07:30 | decision |  |  |  |  |  |  | 
02:07:30 | decision |  |  |  |  |  |  | 
02:07:30 | decision |  |  |  |  |  |  | 
02:07:30 | decision |  |  |  |  |  |  | 
02:07:30 | decision |  |  |  |  |  |  | 
02:07:30 | decision |  |  |  |  |  |  | 
02:07:30 | decision |  |  |  |  |  |  | 
02:07:30 | decision |  |  |  |  |  |  | 
02:07:30 | decision |  |  |  |  |  |  | 
02:07:30 | decision |  |  |  |  |  |  | 
02:07:30 | decision |  |  |  |  |  |  | 
02:07:30 | decision |  |  |  |  |  |  | 
02:07:30 | decision |  |  |  |  |  |  | 
02:07:30 | decision |  |  |  |  |  |  | 
02:07:30 | decision |  |  |  |  |  |  | 
02:07:30 | decision |  |  |  |  |  |  | 
02:07:30 | decision |  |  |  |  |  |  | 
02:07:30 | decision |  |  |  |  |  |  | 
02:07:30 | decision |  |  |  |  |  |  | 
02:07:30 | decision |  |  |  |  |  |  | 
02:07:30 | decision |  |  |  |  |  |  | 
02:07:30 | decision |  |  |  |  |  |  | 
02:07:30 | decision |  |  |  |  |  |  | 
02:07:30 | decision |  |  |  |  |  |  | 
02:07:30 | decision |  |  |  |  |  |  | 
02:07:30 | decision |  |  |  |  |  |  | 
02:07:30 | decision |  |  |  |  |  |  | 
02:07:30 | decision |  |  |  |  |  |  | 
02:07:30 | decision |  |  |  |  |  |  | 
02:07:30 | decision |  |  |  |  |  |  | 
02:07:30 | decision |  |  |  |  |  |  | 
02:07:30 | decision |  |  |  |  |  |  | 
02:07:30 | decision |  |  |  |  |  |  | 
02:07:30 | decision |  |  |  |  |  |  | 
02:07:30 | decision |  |  |  |  |  |  | 
02:07:30 | decision |  |  |  |  |  |  | 
02:07:30 | decision |  |  |  |  |  |  | 
02:07:30 | decision |  |  |  |  |  |  | 
02:07:30 | decision |  |  |  |  |  |  | 
02:07:30 | decision |  |  |  |  |  |  | 
02:07:30 | decision |  |  |  |  |  |  | 
02:07:30 | decision |  |  |  |  |  |  | 
02:07:30 | decision |  |  |  |  |  |  | 
02:07:30 | decision |  |  |  |  |  |  | 
02:07:30 | decision |  |  |  |  |  |  | 
02:07:30 | decision |  |  |  |  |  |  | 
02:07:30 | decision |  |  |  |  |  |  | 
02:07:30 | decision |  |  |  |  |  |  | 
02:07:30 | decision |  |  |  |  |  |  | 
02:07:30 | decision |  |  |  |  |  |  | 
02:07:30 | decision |  |  |  |  |  |  | 
02:07:30 | decision |  |  |  |  |  |  | 
02:07:30 | decision |  |  |  |  |  |  | 
02:07:30 | decision |  |  |  |  |  |  | 
02:07:30 | decision |  |  |  |  |  |  | 
02:07:30 | decision |  |  |  |  |  |  | 
02:07:30 | decision |  |  |  |  |  |  | 
02:07:30 | decision |  |  |  |  |  |  | 
02:07:30 | decision |  |  |  |  |  |  | 
02:07:30 | decision |  |  |  |  |  |  | 
02:07:30 | decision |  |  |  |  |  |  | 
02:07:30 | decision |  |  |  |  |  |  | 
02:07:30 | decision |  |  |  |  |  |  | 
02:07:30 | decision |  |  |  |  |  |  | 
02:07:30 | decision |  |  |  |  |  |  | 
02:07:30 | decision |  |  |  |  |  |  | 
02:07:30 | decision |  |  |  |  |  |  | 
02:07:30 | decision |  |  |  |  |  |  | 
02:07:30 | decision |  |  |  |  |  |  | 
02:07:30 | decision |  |  |  |  |  |  | 
02:07:30 | decision |  |  |  |  |  |  | 
02:07:30 | decision |  |  |  |  |  |  | 
02:07:30 | decision |  |  |  |  |  |  | 
02:07:30 | decision |  |  |  |  |  |  | 
02:07:30 | decision |  |  |  |  |  |  | 
02:07:30 | decision |  |  |  |  |  |  | 
02:07:30 | decision |  |  |  |  |  |  | 
02:07:30 | decision |  |  |  |  |  |  | 
02:07:30 | decision |  |  |  |  |  |  | 
02:07:30 | decision |  |  |  |  |  |  | 
02:07:30 | decision |  |  |  |  |  |  | 
02:07:30 | decision |  |  |  |  |  |  | 
02:07:30 | decision |  |  |  |  |  |  | 
02:07:30 | decision |  |  |  |  |  |  | 
02:07:30 | decision |  |  |  |  |  |  | 
02:07:30 | decision |  |  |  |  |  |  | 
02:07:30 | decision |  |  |  |  |  |  | 
02:07:30 | decision |  |  |  |  |  |  | 
02:07:30 | decision |  |  |  |  |  |  | 
02:07:30 | decision |  |  |  |  |  |  | 
02:07:30 | decision |  |  |  |  |  |  | 
02:07:30 | decision |  |  |  |  |  |  | 
02:07:30 | decision |  |  |  |  |  |  | 
02:07:30 | decision |  |  |  |  |  |  | 
02:07:30 | decision |  |  |  |  |  |  | 
02:07:30 | decision |  |  |  |  |  |  | 
02:07:30 | decision |  |  |  |  |  |  | 
02:07:30 | decision |  |  |  |  |  |  | 
02:07:30 | decision |  |  |  |  |  |  | 
02:07:30 | decision |  |  |  |  |  |  | 
02:07:30 | decision |  |  |  |  |  |  | 
02:07:30 | decision |  |  |  |  |  |  | 
02:07:30 | decision |  |  |  |  |  |  | 
02:07:30 | decision |  |  |  |  |  |  | 
02:07:30 | decision |  |  |  |  |  |  | 
02:07:30 | decision |  |  |  |  |  |  | 
02:07:30 | decision |  |  |  |  |  |  | 
02:07:30 | decision |  |  |  |  |  |  | 
02:07:30 | decision |  |  |  |  |  |  | 
02:07:30 | decision |  |  |  |  |  |  | 
02:07:30 | decision |  |  |  |  |  |  | 
02:07:30 | decision |  |  |  |  |  |  | 
02:07:30 | decision |  |  |  |  |  |  | 
02:07:30 | decision |  |  |  |  |  |  | 
02:07:30 | decision |  |  |  |  |  |  | 
02:07:30 | decision |  |  |  |  |  |  | 
02:07:30 | decision |  |  |  |  |  |  | 
02:07:30 | decision |  |  |  |  |  |  | 
02:07:30 | decision |  |  |  |  |  |  | 
02:07:30 | decision |  |  |  |  |  |  | 
02:07:30 | decision |  |  |  |  |  |  | 
02:07:30 | decision |  |  |  |  |  |  | 
02:07:30 | decision |  |  |  |  |  |  | 
02:07:30 | decision |  |  |  |  |  |  | 
02:07:30 | decision |  |  |  |  |  |  | 
02:07:30 | decision |  |  |  |  |  |  | 
02:07:30 | decision |  |  |  |  |  |  | 
02:07:30 | decision |  |  |  |  |  |  | 
02:07:30 | decision |  |  |  |  |  |  | 
02:07:30 | decision |  |  |  |  |  |  | 
02:07:30 | decision |  |  |  |  |  |  | 
02:07:30 | decision |  |  |  |  |  |  | 
02:07:30 | decision |  |  |  |  |  |  | 
02:07:30 | decision |  |  |  |  |  |  | 
02:07:30 | decision |  |  |  |  |  |  | 
02:07:30 | decision |  |  |  |  |  |  | 
02:07:30 | decision |  |  |  |  |  |  | 
02:07:30 | decision |  |  |  |  |  |  | 
02:07:30 | decision |  |  |  |  |  |  | 
=== 04:07:41
rule 17 | active | 1 attempts | The invoice's issuer_nif, normalised (uppercase, no spaces/h
rule 18 | active | 1 attempts | The invoice's iban, normalised (uppercase, no spaces), must 
rule 19 | active | 1 attempts | The invoice's purchase_order, normalised (uppercase, no spac
rule 20 | active | 1 attempts | The orders row for the invoice's purchase_order must have or
rule 21 | active | 1 attempts | The invoice's total must match the orders.total_amount of th
rule 22 | active | 1 attempts | The invoice's vat_amount must match base * vat_rate / 100 wi
rule 23 | active | 1 attempts | The invoice's total must match base + vat_amount within ±0.0
rule 24 | active | 1 attempts | The invoice's date must be a valid calendar date: it must pa
rule 25 | active | 1 attempts | The invoice's date must not be later than parameters.cut_off
rule 26 | active | 1 attempts | The erp entry for the invoice's purchase_order (erp.purchase
rule 27 | active | 1 attempts | No erp entry (in the erp source or in others) with the same 
02:07:30 | decision |  |  |  |  |  |  | 
02:07:30 | decision |  |  |  |  |  |  | 
02:07:30 | decision |  |  |  |  |  |  | 
02:07:30 | decision |  |  |  |  |  |  | 
02:07:30 | decision |  |  |  |  |  |  | 
02:07:30 | decision |  |  |  |  |  |  | 
02:07:30 | decision |  |  |  |  |  |  | 
02:07:30 | decision |  |  |  |  |  |  | 
02:07:30 | decision |  |  |  |  |  |  | 
02:07:30 | decision |  |  |  |  |  |  | 
02:07:30 | decision |  |  |  |  |  |  | 
02:07:30 | decision |  |  |  |  |  |  | 
02:07:30 | decision |  |  |  |  |  |  | 
02:07:30 | decision |  |  |  |  |  |  | 
02:07:30 | decision |  |  |  |  |  |  | 
02:07:30 | decision |  |  |  |  |  |  | 
02:07:30 | decision |  |  |  |  |  |  | 
02:07:30 | decision |  |  |  |  |  |  | 
02:07:30 | decision |  |  |  |  |  |  | 
02:07:30 | decision |  |  |  |  |  |  | 
02:07:30 | decision |  |  |  |  |  |  | 
02:07:30 | decision |  |  |  |  |  |  | 
02:07:30 | decision |  |  |  |  |  |  | 
02:07:30 | decision |  |  |  |  |  |  | 
02:07:30 | decision |  |  |  |  |  |  | 
02:07:30 | decision |  |  |  |  |  |  | 
02:07:30 | decision |  |  |  |  |  |  | 
02:07:30 | decision |  |  |  |  |  |  | 
02:07:30 | decision |  |  |  |  |  |  | 
02:07:30 | decision |  |  |  |  |  |  | 
02:07:30 | decision |  |  |  |  |  |  | 
02:07:30 | decision |  |  |  |  |  |  | 
02:07:30 | decision |  |  |  |  |  |  | 
02:07:30 | decision |  |  |  |  |  |  | 
02:07:30 | decision |  |  |  |  |  |  | 
02:07:30 | decision |  |  |  |  |  |  | 
02:07:30 | decision |  |  |  |  |  |  | 
02:07:30 | decision |  |  |  |  |  |  | 
02:07:30 | decision |  |  |  |  |  |  | 
02:07:30 | decision |  |  |  |  |  |  | 
02:07:30 | decision |  |  |  |  |  |  | 
02:07:30 | decision |  |  |  |  |  |  | 
02:07:30 | decision |  |  |  |  |  |  | 
02:07:30 | decision |  |  |  |  |  |  | 
02:07:30 | decision |  |  |  |  |  |  | 
02:07:30 | decision |  |  |  |  |  |  | 
02:07:30 | decision |  |  |  |  |  |  | 
02:07:30 | decision |  |  |  |  |  |  | 
02:07:30 | decision |  |  |  |  |  |  | 
02:07:30 | decision |  |  |  |  |  |  | 
02:07:30 | decision |  |  |  |  |  |  | 
02:07:30 | decision |  |  |  |  |  |  | 
02:07:30 | decision |  |  |  |  |  |  | 
02:07:30 | decision |  |  |  |  |  |  | 
02:07:30 | decision |  |  |  |  |  |  | 
02:07:30 | decision |  |  |  |  |  |  | 
02:07:30 | decision |  |  |  |  |  |  | 
02:07:30 | decision |  |  |  |  |  |  | 
02:07:30 | decision |  |  |  |  |  |  | 
02:07:30 | decision |  |  |  |  |  |  | 
02:07:30 | decision |  |  |  |  |  |  | 
02:07:30 | decision |  |  |  |  |  |  | 
02:07:30 | decision |  |  |  |  |  |  | 
02:07:30 | decision |  |  |  |  |  |  | 
02:07:30 | decision |  |  |  |  |  |  | 
02:07:30 | decision |  |  |  |  |  |  | 
02:07:30 | decision |  |  |  |  |  |  | 
02:07:30 | decision |  |  |  |  |  |  | 
02:07:30 | decision |  |  |  |  |  |  | 
02:07:30 | decision |  |  |  |  |  |  | 
02:07:30 | decision |  |  |  |  |  |  | 
02:07:30 | decision |  |  |  |  |  |  | 
02:07:30 | decision |  |  |  |  |  |  | 
02:07:30 | decision |  |  |  |  |  |  | 
02:07:30 | decision |  |  |  |  |  |  | 
02:07:30 | decision |  |  |  |  |  |  | 
02:07:30 | decision |  |  |  |  |  |  | 
02:07:30 | decision |  |  |  |  |  |  | 
02:07:30 | decision |  |  |  |  |  |  | 
02:07:30 | decision |  |  |  |  |  |  | 
02:07:30 | decision |  |  |  |  |  |  | 
02:07:30 | decision |  |  |  |  |  |  | 
02:07:30 | decision |  |  |  |  |  |  | 
02:07:30 | decision |  |  |  |  |  |  | 
02:07:30 | decision |  |  |  |  |  |  | 
02:07:30 | decision |  |  |  |  |  |  | 
02:07:30 | decision |  |  |  |  |  |  | 
02:07:30 | decision |  |  |  |  |  |  | 
02:07:30 | decision |  |  |  |  |  |  | 
02:07:30 | decision |  |  |  |  |  |  | 
02:07:30 | decision |  |  |  |  |  |  | 
02:07:30 | decision |  |  |  |  |  |  | 
02:07:30 | decision |  |  |  |  |  |  | 
02:07:30 | decision |  |  |  |  |  |  | 
02:07:30 | decision |  |  |  |  |  |  | 
02:07:30 | decision |  |  |  |  |  |  | 
02:07:30 | decision |  |  |  |  |  |  | 
02:07:30 | decision |  |  |  |  |  |  | 
02:07:30 | decision |  |  |  |  |  |  | 
02:07:30 | decision |  |  |  |  |  |  | 
02:07:30 | decision |  |  |  |  |  |  | 
02:07:30 | decision |  |  |  |  |  |  | 
02:07:30 | decision |  |  |  |  |  |  | 
02:07:30 | decision |  |  |  |  |  |  | 
02:07:30 | decision |  |  |  |  |  |  | 
02:07:30 | decision |  |  |  |  |  |  | 
02:07:30 | decision |  |  |  |  |  |  | 
02:07:30 | decision |  |  |  |  |  |  | 
02:07:30 | decision |  |  |  |  |  |  | 
02:07:30 | decision |  |  |  |  |  |  | 
02:07:30 | decision |  |  |  |  |  |  | 
02:07:30 | decision |  |  |  |  |  |  | 
02:07:30 | decision |  |  |  |  |  |  | 
02:07:30 | decision |  |  |  |  |  |  | 
02:07:30 | decision |  |  |  |  |  |  | 
02:07:30 | decision |  |  |  |  |  |  | 
02:07:30 | decision |  |  |  |  |  |  | 
02:07:30 | decision |  |  |  |  |  |  | 
02:07:30 | decision |  |  |  |  |  |  | 
02:07:30 | decision |  |  |  |  |  |  | 
02:07:30 | decision |  |  |  |  |  |  | 
02:07:30 | decision |  |  |  |  |  |  | 
02:07:30 | decision |  |  |  |  |  |  | 
02:07:30 | decision |  |  |  |  |  |  | 
02:07:30 | decision |  |  |  |  |  |  | 
02:07:30 | decision |  |  |  |  |  |  | 
02:07:30 | decision |  |  |  |  |  |  | 
02:07:30 | decision |  |  |  |  |  |  | 
02:07:30 | decision |  |  |  |  |  |  | 
02:07:30 | decision |  |  |  |  |  |  | 
02:07:30 | decision |  |  |  |  |  |  | 
02:07:30 | decision |  |  |  |  |  |  | 
02:07:30 | decision |  |  |  |  |  |  | 
02:07:30 | decision |  |  |  |  |  |  | 
02:07:30 | decision |  |  |  |  |  |  | 
02:07:30 | decision |  |  |  |  |  |  | 
02:07:30 | decision |  |  |  |  |  |  | 
02:07:30 | decision |  |  |  |  |  |  | 
02:07:30 | decision |  |  |  |  |  |  | 
02:07:30 | decision |  |  |  |  |  |  | 
02:07:30 | decision |  |  |  |  |  |  | 
02:07:30 | decision |  |  |  |  |  |  | 
02:07:30 | decision |  |  |  |  |  |  | 
02:07:30 | decision |  |  |  |  |  |  | 
02:07:30 | decision |  |  |  |  |  |  | 
02:07:30 | decision |  |  |  |  |  |  | 
02:07:30 | decision |  |  |  |  |  |  | 
02:07:30 | decision |  |  |  |  |  |  | 
02:07:30 | decision |  |  |  |  |  |  | 
02:07:30 | decision |  |  |  |  |  |  | 
02:07:30 | decision |  |  |  |  |  |  | 
02:07:30 | decision |  |  |  |  |  |  | 
02:07:30 | decision |  |  |  |  |  |  | 
02:07:30 | decision |  |  |  |  |  |  | 
02:07:30 | decision |  |  |  |  |  |  | 
02:07:30 | decision |  |  |  |  |  |  | 
02:07:30 | decision |  |  |  |  |  |  | 
02:07:30 | decision |  |  |  |  |  |  | 
02:07:30 | decision |  |  |  |  |  |  | 
02:07:30 | decision |  |  |  |  |  |  | 
02:07:30 | decision |  |  |  |  |  |  | 
02:07:30 | decision |  |  |  |  |  |  | 
02:07:30 | decision |  |  |  |  |  |  | 
02:07:30 | decision |  |  |  |  |  |  | 
02:07:30 | decision |  |  |  |  |  |  | 
02:07:30 | decision |  |  |  |  |  |  | 
02:07:30 | decision |  |  |  |  |  |  | 
02:07:30 | decision |  |  |  |  |  |  | 
02:07:30 | decision |  |  |  |  |  |  | 
02:07:30 | decision |  |  |  |  |  |  | 
02:07:30 | decision |  |  |  |  |  |  | 
02:07:30 | decision |  |  |  |  |  |  | 
02:07:30 | decision |  |  |  |  |  |  | 
02:07:30 | decision |  |  |  |  |  |  | 
02:07:30 | decision |  |  |  |  |  |  | 
02:07:30 | decision |  |  |  |  |  |  | 
02:07:30 | decision |  |  |  |  |  |  | 
02:07:30 | decision |  |  |  |  |  |  | 
02:07:30 | decision |  |  |  |  |  |  | 
02:07:30 | decision |  |  |  |  |  |  | 
02:07:30 | decision |  |  |  |  |  |  | 
02:07:30 | decision |  |  |  |  |  |  | 
02:07:30 | decision |  |  |  |  |  |  | 
02:07:30 | decision |  |  |  |  |  |  | 
02:07:30 | decision |  |  |  |  |  |  | 
02:07:30 | decision |  |  |  |  |  |  | 
02:07:30 | decision |  |  |  |  |  |  | 
02:07:30 | decision |  |  |  |  |  |  | 
02:07:30 | decision |  |  |  |  |  |  | 
02:07:30 | decision |  |  |  |  |  |  | 
02:07:30 | decision |  |  |  |  |  |  | 
02:07:30 | decision |  |  |  |  |  |  | 
02:07:30 | decision |  |  |  |  |  |  | 
02:07:30 | decision |  |  |  |  |  |  | 
02:07:30 | decision |  |  |  |  |  |  | 
02:07:30 | decision |  |  |  |  |  |  | 
02:07:30 | decision |  |  |  |  |  |  | 
02:07:30 | decision |  |  |  |  |  |  | 
02:07:30 | decision |  |  |  |  |  |  | 
02:07:30 | decision |  |  |  |  |  |  | 
02:07:30 | decision |  |  |  |  |  |  | 
02:07:30 | decision |  |  |  |  |  |  | 
02:07:30 | decision |  |  |  |  |  |  | 
02:07:30 | decision |  |  |  |  |  |  | 
02:07:30 | decision |  |  |  |  |  |  | 
02:07:30 | decision |  |  |  |  |  |  | 
02:07:30 | decision |  |  |  |  |  |  | 
02:07:30 | decision |  |  |  |  |  |  | 
02:07:30 | decision |  |  |  |  |  |  | 
02:07:30 | decision |  |  |  |  |  |  | 
02:07:30 | decision |  |  |  |  |  |  | 
02:07:30 | decision |  |  |  |  |  |  | 
02:07:30 | decision |  |  |  |  |  |  | 
02:07:30 | decision |  |  |  |  |  |  | 
02:07:30 | decision |  |  |  |  |  |  | 
02:07:30 | decision |  |  |  |  |  |  | 
02:07:30 | decision |  |  |  |  |  |  | 
02:07:30 | decision |  |  |  |  |  |  | 
02:07:30 | decision |  |  |  |  |  |  | 
02:07:30 | decision |  |  |  |  |  |  | 
02:07:30 | decision |  |  |  |  |  |  | 
02:07:30 | decision |  |  |  |  |  |  | 
02:07:30 | decision |  |  |  |  |  |  | 
02:07:30 | decision |  |  |  |  |  |  | 
02:07:30 | decision |  |  |  |  |  |  | 
02:07:30 | decision |  |  |  |  |  |  | 
02:07:30 | decision |  |  |  |  |  |  | 
02:07:30 | decision |  |  |  |  |  |  | 
02:07:30 | decision |  |  |  |  |  |  | 
02:07:30 | decision |  |  |  |  |  |  | 
02:07:30 | decision |  |  |  |  |  |  | 
02:07:30 | decision |  |  |  |  |  |  | 
02:07:30 | decision |  |  |  |  |  |  | 
02:07:30 | decision |  |  |  |  |  |  | 
02:07:30 | decision |  |  |  |  |  |  | 
02:07:30 | decision |  |  |  |  |  |  | 
02:07:30 | decision |  |  |  |  |  |  | 
02:07:30 | decision |  |  |  |  |  |  | 
02:07:30 | decision |  |  |  |  |  |  | 
02:07:30 | decision |  |  |  |  |  |  | 
02:07:30 | decision |  |  |  |  |  |  | 
02:07:30 | decision |  |  |  |  |  |  | 
02:07:30 | decision |  |  |  |  |  |  | 
02:07:30 | decision |  |  |  |  |  |  | 
02:07:30 | decision |  |  |  |  |  |  | 
02:07:30 | decision |  |  |  |  |  |  | 
02:07:30 | decision |  |  |  |  |  |  | 
02:07:30 | decision |  |  |  |  |  |  | 
02:07:30 | decision |  |  |  |  |  |  | 
02:07:30 | decision |  |  |  |  |  |  | 
02:07:30 | decision |  |  |  |  |  |  | 
02:07:30 | decision |  |  |  |  |  |  | 
02:07:30 | decision |  |  |  |  |  |  | 
02:07:30 | decision |  |  |  |  |  |  | 
02:07:30 | decision |  |  |  |  |  |  | 
02:07:30 | decision |  |  |  |  |  |  | 
02:07:30 | decision |  |  |  |  |  |  | 
02:07:30 | decision |  |  |  |  |  |  | 
02:07:30 | decision |  |  |  |  |  |  | 
02:07:30 | decision |  |  |  |  |  |  | 
02:07:30 | decision |  |  |  |  |  |  | 
02:07:30 | decision |  |  |  |  |  |  | 
02:07:30 | decision |  |  |  |  |  |  | 
02:07:30 | decision |  |  |  |  |  |  | 
02:07:30 | decision |  |  |  |  |  |  | 
02:07:30 | decision |  |  |  |  |  |  | 
02:07:30 | decision |  |  |  |  |  |  | 
02:07:30 | decision |  |  |  |  |  |  | 
02:07:30 | decision |  |  |  |  |  |  | 
02:07:30 | decision |  |  |  |  |  |  | 
02:07:30 | decision |  |  |  |  |  |  | 
02:07:30 | decision |  |  |  |  |  |  | 
02:07:30 | decision |  |  |  |  |  |  | 
02:07:30 | decision |  |  |  |  |  |  | 
02:07:30 | decision |  |  |  |  |  |  | 
02:07:30 | decision |  |  |  |  |  |  | 
02:07:30 | decision |  |  |  |  |  |  | 
02:07:30 | decision |  |  |  |  |  |  | 
02:07:30 | decision |  |  |  |  |  |  | 
02:07:30 | decision |  |  |  |  |  |  | 
02:07:30 | decision |  |  |  |  |  |  | 
02:07:30 | decision |  |  |  |  |  |  | 
02:07:30 | decision |  |  |  |  |  |  | 
02:07:30 | decision |  |  |  |  |  |  | 
02:07:30 | decision |  |  |  |  |  |  | 
02:07:30 | decision |  |  |  |  |  |  | 
02:07:30 | decision |  |  |  |  |  |  | 
02:07:30 | decision |  |  |  |  |  |  | 
02:07:30 | decision |  |  |  |  |  |  | 
02:07:30 | decision |  |  |  |  |  |  | 
02:07:30 | decision |  |  |  |  |  |  | 
02:07:30 | decision |  |  |  |  |  |  | 
02:07:30 | decision |  |  |  |  |  |  | 
02:07:30 | decision |  |  |  |  |  |  | 
02:07:30 | decision |  |  |  |  |  |  | 
02:07:30 | decision |  |  |  |  |  |  | 
02:07:30 | decision |  |  |  |  |  |  | 
02:07:30 | decision |  |  |  |  |  |  | 
02:07:30 | decision |  |  |  |  |  |  | 
02:07:30 | decision |  |  |  |  |  |  | 
02:07:30 | decision |  |  |  |  |  |  | 
02:07:30 | decision |  |  |  |  |  |  | 
02:07:30 | decision |  |  |  |  |  |  | 
02:07:30 | decision |  |  |  |  |  |  | 
02:07:30 | decision |  |  |  |  |  |  | 
02:07:30 | decision |  |  |  |  |  |  | 
02:07:30 | decision |  |  |  |  |  |  | 
02:07:30 | decision |  |  |  |  |  |  | 
02:07:30 | decision |  |  |  |  |  |  | 
02:07:30 | decision |  |  |  |  |  |  | 
02:07:30 | decision |  |  |  |  |  |  | 
02:07:30 | decision |  |  |  |  |  |  | 
02:07:30 | decision |  |  |  |  |  |  | 
02:07:30 | decision |  |  |  |  |  |  | 
02:07:30 | decision |  |  |  |  |  |  | 
02:07:30 | decision |  |  |  |  |  |  | 
02:07:30 | decision |  |  |  |  |  |  | 
02:07:30 | decision |  |  |  |  |  |  | 
02:07:30 | decision |  |  |  |  |  |  | 
02:07:30 | decision |  |  |  |  |  |  | 
02:07:30 | decision |  |  |  |  |  |  | 
02:07:30 | decision |  |  |  |  |  |  | 
02:07:30 | decision |  |  |  |  |  |  | 
02:07:30 | decision |  |  |  |  |  |  | 
02:07:30 | decision |  |  |  |  |  |  | 
02:07:30 | decision |  |  |  |  |  |  | 
02:07:30 | decision |  |  |  |  |  |  | 
02:07:30 | decision |  |  |  |  |  |  | 
02:07:30 | decision |  |  |  |  |  |  | 
02:07:30 | decision |  |  |  |  |  |  | 
02:07:30 | decision |  |  |  |  |  |  | 
02:07:30 | decision |  |  |  |  |  |  | 
02:07:30 | decision |  |  |  |  |  |  | 
02:07:30 | decision |  |  |  |  |  |  | 
02:07:30 | decision |  |  |  |  |  |  | 
02:07:30 | decision |  |  |  |  |  |  | 
02:07:30 | decision |  |  |  |  |  |  | 
02:07:30 | decision |  |  |  |  |  |  | 
02:07:30 | decision |  |  |  |  |  |  | 
02:07:30 | decision |  |  |  |  |  |  | 
02:07:30 | decision |  |  |  |  |  |  | 
02:07:30 | decision |  |  |  |  |  |  | 
02:07:30 | decision |  |  |  |  |  |  | 
02:07:30 | decision |  |  |  |  |  |  | 
02:07:30 | decision |  |  |  |  |  |  | 
02:07:30 | decision |  |  |  |  |  |  | 
02:07:30 | decision |  |  |  |  |  |  | 
02:07:30 | decision |  |  |  |  |  |  | 
02:07:30 | decision |  |  |  |  |  |  | 
02:07:30 | decision |  |  |  |  |  |  | 
02:07:30 | decision |  |  |  |  |  |  | 
02:07:30 | decision |  |  |  |  |  |  | 
02:07:30 | decision |  |  |  |  |  |  | 
02:07:30 | decision |  |  |  |  |  |  | 
02:07:30 | decision |  |  |  |  |  |  | 
02:07:30 | decision |  |  |  |  |  |  | 
02:07:30 | decision |  |  |  |  |  |  | 
02:07:30 | decision |  |  |  |  |  |  | 
02:07:30 | decision |  |  |  |  |  |  | 
02:07:30 | decision |  |  |  |  |  |  | 
02:07:30 | decision |  |  |  |  |  |  | 
02:07:30 | decision |  |  |  |  |  |  | 
02:07:30 | decision |  |  |  |  |  |  | 
02:07:30 | decision |  |  |  |  |  |  | 
02:07:30 | decision |  |  |  |  |  |  | 
02:07:30 | decision |  |  |  |  |  |  | 
02:07:30 | decision |  |  |  |  |  |  | 
02:07:30 | decision |  |  |  |  |  |  | 
02:07:30 | decision |  |  |  |  |  |  | 
02:07:30 | decision |  |  |  |  |  |  | 
02:07:30 | decision |  |  |  |  |  |  | 
02:07:30 | decision |  |  |  |  |  |  | 
02:07:30 | decision |  |  |  |  |  |  | 
02:07:30 | decision |  |  |  |  |  |  | 
02:07:30 | decision |  |  |  |  |  |  | 
02:07:30 | decision |  |  |  |  |  |  | 
02:07:30 | decision |  |  |  |  |  |  | 
02:07:30 | decision |  |  |  |  |  |  | 
02:07:30 | decision |  |  |  |  |  |  | 
02:07:30 | decision |  |  |  |  |  |  | 
02:07:30 | decision |  |  |  |  |  |  | 
02:07:30 | decision |  |  |  |  |  |  | 
02:07:30 | decision |  |  |  |  |  |  | 
02:07:30 | decision |  |  |  |  |  |  | 
02:07:30 | decision |  |  |  |  |  |  | 
02:07:30 | decision |  |  |  |  |  |  | 
02:07:30 | decision |  |  |  |  |  |  | 
02:07:30 | decision |  |  |  |  |  |  | 
02:07:30 | decision |  |  |  |  |  |  | 
02:07:30 | decision |  |  |  |  |  |  | 
02:07:30 | decision |  |  |  |  |  |  | 
02:07:30 | decision |  |  |  |  |  |  | 
02:07:30 | decision |  |  |  |  |  |  | 
02:07:30 | decision |  |  |  |  |  |  | 
02:07:30 | decision |  |  |  |  |  |  | 
02:07:30 | decision |  |  |  |  |  |  | 
02:07:30 | decision |  |  |  |  |  |  | 
02:07:30 | decision |  |  |  |  |  |  | 
02:07:30 | decision |  |  |  |  |  |  | 
02:07:30 | decision |  |  |  |  |  |  | 
02:07:30 | decision |  |  |  |  |  |  | 
02:07:30 | decision |  |  |  |  |  |  | 
02:07:30 | decision |  |  |  |  |  |  | 
02:07:30 | decision |  |  |  |  |  |  | 
02:07:30 | decision |  |  |  |  |  |  | 
02:07:30 | decision |  |  |  |  |  |  | 
02:07:30 | decision |  |  |  |  |  |  | 
02:07:30 | decision |  |  |  |  |  |  | 
02:07:30 | decision |  |  |  |  |  |  | 
02:07:30 | decision |  |  |  |  |  |  | 
02:07:30 | decision |  |  |  |  |  |  | 
02:07:30 | decision |  |  |  |  |  |  | 
02:07:30 | decision |  |  |  |  |  |  | 
02:07:30 | decision |  |  |  |  |  |  | 
02:07:30 | decision |  |  |  |  |  |  | 
02:07:30 | decision |  |  |  |  |  |  | 
02:07:30 | decision |  |  |  |  |  |  | 
02:07:30 | decision |  |  |  |  |  |  | 
02:07:30 | decision |  |  |  |  |  |  | 
02:07:30 | decision |  |  |  |  |  |  | 
02:07:30 | decision |  |  |  |  |  |  | 
02:07:30 | decision |  |  |  |  |  |  | 
02:07:30 | decision |  |  |  |  |  |  | 
02:07:30 | decision |  |  |  |  |  |  | 
02:07:30 | decision |  |  |  |  |  |  | 
02:07:30 | decision |  |  |  |  |  |  | 
02:07:30 | decision |  |  |  |  |  |  | 
02:07:30 | decision |  |  |  |  |  |  | 
02:07:30 | decision |  |  |  |  |  |  | 
02:07:30 | decision |  |  |  |  |  |  | 
02:07:30 | decision |  |  |  |  |  |  | 
02:07:30 | decision |  |  |  |  |  |  | 
02:07:30 | decision |  |  |  |  |  |  | 
02:07:30 | decision |  |  |  |  |  |  | 
02:07:30 | decision |  |  |  |  |  |  | 
02:07:30 | decision |  |  |  |  |  |  | 
02:07:30 | decision |  |  |  |  |  |  | 
02:07:30 | decision |  |  |  |  |  |  | 
02:07:30 | decision |  |  |  |  |  |  | 
02:07:30 | decision |  |  |  |  |  |  | 
02:07:30 | decision |  |  |  |  |  |  | 
02:07:30 | decision |  |  |  |  |  |  | 
02:07:30 | decision |  |  |  |  |  |  | 
02:07:30 | decision |  |  |  |  |  |  | 
02:07:30 | decision |  |  |  |  |  |  | 
02:07:30 | decision |  |  |  |  |  |  | 
02:07:30 | decision |  |  |  |  |  |  | 
02:07:30 | decision |  |  |  |  |  |  | 
02:07:30 | decision |  |  |  |  |  |  | 
02:07:30 | decision |  |  |  |  |  |  | 
02:07:30 | decision |  |  |  |  |  |  | 
02:07:30 | decision |  |  |  |  |  |  | 
02:07:30 | decision |  |  |  |  |  |  | 
02:07:30 | decision |  |  |  |  |  |  | 
02:07:30 | decision |  |  |  |  |  |  | 
02:07:30 | decision |  |  |  |  |  |  | 
02:07:30 | decision |  |  |  |  |  |  | 
02:07:30 | decision |  |  |  |  |  |  | 
02:07:30 | decision |  |  |  |  |  |  | 
02:07:30 | decision |  |  |  |  |  |  | 
02:07:30 | decision |  |  |  |  |  |  | 
02:07:30 | decision |  |  |  |  |  |  | 
02:07:30 | decision |  |  |  |  |  |  | 
02:07:30 | decision |  |  |  |  |  |  | 
02:07:30 | decision |  |  |  |  |  |  | 
02:07:30 | decision |  |  |  |  |  |  | 
02:07:30 | decision |  |  |  |  |  |  | 
02:07:30 | decision |  |  |  |  |  |  | 
02:07:30 | decision |  |  |  |  |  |  | 
02:07:30 | decision |  |  |  |  |  |  | 
02:07:30 | decision |  |  |  |  |  |  | 
02:07:30 | decision |  |  |  |  |  |  | 
02:07:30 | decision |  |  |  |  |  |  | 
02:07:30 | decision |  |  |  |  |  |  | 
02:07:30 | decision |  |  |  |  |  |  | 
02:07:30 | decision |  |  |  |  |  |  | 
02:07:30 | decision |  |  |  |  |  |  | 
02:07:30 | decision |  |  |  |  |  |  | 
02:07:30 | decision |  |  |  |  |  |  | 
02:07:30 | decision |  |  |  |  |  |  | 
02:07:30 | decision |  |  |  |  |  |  | 
02:07:30 | decision |  |  |  |  |  |  | 
02:07:30 | decision |  |  |  |  |  |  | 
02:07:30 | decision |  |  |  |  |  |  | 
02:07:30 | decision |  |  |  |  |  |  | 
02:07:30 | decision |  |  |  |  |  |  | 
02:07:30 | decision |  |  |  |  |  |  | 
02:07:30 | decision |  |  |  |  |  |  | 
02:07:30 | decision |  |  |  |  |  |  | 
02:07:30 | decision |  |  |  |  |  |  | 
02:07:30 | decision |  |  |  |  |  |  | 
02:07:30 | decision |  |  |  |  |  |  | 
02:07:30 | decision |  |  |  |  |  |  | 
02:07:30 | decision |  |  |  |  |  |  | 
02:07:30 | decision |  |  |  |  |  |  | 
02:07:30 | decision |  |  |  |  |  |  | 
02:07:30 | decision |  |  |  |  |  |  | 
02:07:30 | decision |  |  |  |  |  |  | 
02:07:30 | decision |  |  |  |  |  |  | 
02:07:30 | decision |  |  |  |  |  |  | 
02:07:32 | decision |  |  |  |  |  |  | 
02:07:32 | decision |  |  |  |  |  |  | 
02:07:32 | decision |  |  |  |  |  |  | 
02:07:32 | decision |  |  |  |  |  |  | 
02:07:32 | decision |  |  |  |  |  |  | 
02:07:32 | decision |  |  |  |  |  |  | 
02:07:32 | decision |  |  |  |  |  |  | 
02:07:32 | decision |  |  |  |  |  |  | 
02:07:32 | decision |  |  |  |  |  |  | 
02:07:32 | decision |  |  |  |  |  |  | 
02:07:32 | decision |  |  |  |  |  |  | 
02:07:32 | decision |  |  |  |  |  |  | 
02:07:32 | decision |  |  |  |  |  |  | 
02:07:32 | decision |  |  |  |  |  |  | 
02:07:32 | decision |  |  |  |  |  |  | 
02:07:32 | decision |  |  |  |  |  |  | 
02:07:32 | decision |  |  |  |  |  |  | 
02:07:32 | decision |  |  |  |  |  |  | 
02:07:32 | decision |  |  |  |  |  |  | 
02:07:32 | decision |  |  |  |  |  |  | 
02:07:32 | decision |  |  |  |  |  |  | 
02:07:32 | decision |  |  |  |  |  |  | 
02:07:32 | decision |  |  |  |  |  |  | 
02:07:32 | decision |  |  |  |  |  |  | 
02:07:32 | decision |  |  |  |  |  |  | 
02:07:32 | decision |  |  |  |  |  |  | 
02:07:32 | decision |  |  |  |  |  |  | 
02:07:32 | decision |  |  |  |  |  |  | 
02:07:32 | decision |  |  |  |  |  |  | 
02:07:32 | decision |  |  |  |  |  |  | 
02:07:32 | decision |  |  |  |  |  |  | 
02:07:32 | decision |  |  |  |  |  |  | 
02:07:32 | decision |  |  |  |  |  |  | 
02:07:32 | decision |  |  |  |  |  |  | 
02:07:32 | decision |  |  |  |  |  |  | 
02:07:32 | decision |  |  |  |  |  |  | 
02:07:32 | decision |  |  |  |  |  |  | 
02:07:32 | decision |  |  |  |  |  |  | 
02:07:32 | decision |  |  |  |  |  |  | 
02:07:32 | decision |  |  |  |  |  |  | 
02:07:32 | decision |  |  |  |  |  |  | 
02:07:32 | decision |  |  |  |  |  |  | 
02:07:32 | decision |  |  |  |  |  |  | 
02:07:32 | decision |  |  |  |  |  |  | 
02:07:32 | decision |  |  |  |  |  |  | 
02:07:32 | decision |  |  |  |  |  |  | 
02:07:32 | decision |  |  |  |  |  |  | 
02:07:32 | decision |  |  |  |  |  |  | 
02:07:32 | decision |  |  |  |  |  |  | 
02:07:32 | decision |  |  |  |  |  |  | 
02:07:32 | decision |  |  |  |  |  |  | 
02:07:32 | decision |  |  |  |  |  |  | 
02:07:32 | decision |  |  |  |  |  |  | 
02:07:32 | decision |  |  |  |  |  |  | 
02:07:32 | decision |  |  |  |  |  |  | 
02:07:32 | decision |  |  |  |  |  |  | 
02:07:32 | decision |  |  |  |  |  |  | 
02:07:32 | decision |  |  |  |  |  |  | 
02:07:32 | decision |  |  |  |  |  |  | 
02:07:32 | decision |  |  |  |  |  |  | 
02:07:32 | decision |  |  |  |  |  |  | 
02:07:32 | decision |  |  |  |  |  |  | 
02:07:32 | decision |  |  |  |  |  |  | 
02:07:32 | decision |  |  |  |  |  |  | 
02:07:32 | decision |  |  |  |  |  |  | 
02:07:32 | decision |  |  |  |  |  |  | 
02:07:32 | decision |  |  |  |  |  |  | 
02:07:32 | decision |  |  |  |  |  |  | 
02:07:32 | decision |  |  |  |  |  |  | 
02:07:32 | decision |  |  |  |  |  |  | 
02:07:32 | decision |  |  |  |  |  |  | 
02:07:32 | decision |  |  |  |  |  |  | 
02:07:32 | decision |  |  |  |  |  |  | 
02:07:32 | decision |  |  |  |  |  |  | 
02:07:32 | decision |  |  |  |  |  |  | 
02:07:32 | decision |  |  |  |  |  |  | 
02:07:32 | decision |  |  |  |  |  |  | 
02:07:32 | decision |  |  |  |  |  |  | 
02:07:32 | decision |  |  |  |  |  |  | 
02:07:32 | decision |  |  |  |  |  |  | 
02:07:32 | decision |  |  |  |  |  |  | 
02:07:32 | decision |  |  |  |  |  |  | 
02:07:32 | decision |  |  |  |  |  |  | 
02:07:32 | decision |  |  |  |  |  |  | 
02:07:32 | decision |  |  |  |  |  |  | 
02:07:32 | decision |  |  |  |  |  |  | 
02:07:32 | decision |  |  |  |  |  |  | 
02:07:32 | decision |  |  |  |  |  |  | 
02:07:32 | decision |  |  |  |  |  |  | 
02:07:32 | decision |  |  |  |  |  |  | 
02:07:32 | decision |  |  |  |  |  |  | 
02:07:32 | decision |  |  |  |  |  |  | 
02:07:32 | decision |  |  |  |  |  |  | 
02:07:32 | decision |  |  |  |  |  |  | 
02:07:32 | decision |  |  |  |  |  |  | 
=== 04:07:51
rule 17 | active | 1 attempts | The invoice's issuer_nif, normalised (uppercase, no spaces/h
rule 18 | active | 1 attempts | The invoice's iban, normalised (uppercase, no spaces), must 
rule 19 | active | 1 attempts | The invoice's purchase_order, normalised (uppercase, no spac
rule 20 | active | 1 attempts | The orders row for the invoice's purchase_order must have or
rule 21 | active | 1 attempts | The invoice's total must match the orders.total_amount of th
rule 22 | active | 1 attempts | The invoice's vat_amount must match base * vat_rate / 100 wi
rule 23 | active | 1 attempts | The invoice's total must match base + vat_amount within ±0.0
rule 24 | active | 1 attempts | The invoice's date must be a valid calendar date: it must pa
rule 25 | active | 1 attempts | The invoice's date must not be later than parameters.cut_off
rule 26 | active | 1 attempts | The erp entry for the invoice's purchase_order (erp.purchase
rule 27 | active | 1 attempts | No erp entry (in the erp source or in others) with the same 
=== 04:08:01
rule 17 | active | 1 attempts | The invoice's issuer_nif, normalised (uppercase, no spaces/h
rule 18 | active | 1 attempts | The invoice's iban, normalised (uppercase, no spaces), must 
rule 19 | active | 1 attempts | The invoice's purchase_order, normalised (uppercase, no spac
rule 20 | active | 1 attempts | The orders row for the invoice's purchase_order must have or
rule 21 | active | 1 attempts | The invoice's total must match the orders.total_amount of th
rule 22 | active | 1 attempts | The invoice's vat_amount must match base * vat_rate / 100 wi
rule 23 | active | 1 attempts | The invoice's total must match base + vat_amount within ±0.0
rule 24 | active | 1 attempts | The invoice's date must be a valid calendar date: it must pa
rule 25 | active | 1 attempts | The invoice's date must not be later than parameters.cut_off
rule 26 | active | 1 attempts | The erp entry for the invoice's purchase_order (erp.purchase
rule 27 | active | 1 attempts | No erp entry (in the erp source or in others) with the same 
=== 04:08:12
rule 17 | active | 1 attempts | The invoice's issuer_nif, normalised (uppercase, no spaces/h
rule 18 | active | 1 attempts | The invoice's iban, normalised (uppercase, no spaces), must 
rule 19 | active | 1 attempts | The invoice's purchase_order, normalised (uppercase, no spac
rule 20 | active | 1 attempts | The orders row for the invoice's purchase_order must have or
rule 21 | active | 1 attempts | The invoice's total must match the orders.total_amount of th
rule 22 | active | 1 attempts | The invoice's vat_amount must match base * vat_rate / 100 wi
rule 23 | active | 1 attempts | The invoice's total must match base + vat_amount within ±0.0
rule 24 | active | 1 attempts | The invoice's date must be a valid calendar date: it must pa
rule 25 | active | 1 attempts | The invoice's date must not be later than parameters.cut_off
rule 26 | active | 1 attempts | The erp entry for the invoice's purchase_order (erp.purchase
rule 27 | active | 1 attempts | No erp entry (in the erp source or in others) with the same 
=== 04:08:22
rule 17 | active | 1 attempts | The invoice's issuer_nif, normalised (uppercase, no spaces/h
rule 18 | active | 1 attempts | The invoice's iban, normalised (uppercase, no spaces), must 
rule 19 | active | 1 attempts | The invoice's purchase_order, normalised (uppercase, no spac
rule 20 | active | 1 attempts | The orders row for the invoice's purchase_order must have or
rule 21 | active | 1 attempts | The invoice's total must match the orders.total_amount of th
rule 22 | active | 1 attempts | The invoice's vat_amount must match base * vat_rate / 100 wi
rule 23 | active | 1 attempts | The invoice's total must match base + vat_amount within ±0.0
rule 24 | active | 1 attempts | The invoice's date must be a valid calendar date: it must pa
rule 25 | active | 1 attempts | The invoice's date must not be later than parameters.cut_off
rule 26 | active | 1 attempts | The erp entry for the invoice's purchase_order (erp.purchase
rule 27 | active | 1 attempts | No erp entry (in the erp source or in others) with the same 
=== 04:08:32
rule 17 | active | 1 attempts | The invoice's issuer_nif, normalised (uppercase, no spaces/h
rule 18 | active | 1 attempts | The invoice's iban, normalised (uppercase, no spaces), must 
rule 19 | active | 1 attempts | The invoice's purchase_order, normalised (uppercase, no spac
rule 20 | active | 1 attempts | The orders row for the invoice's purchase_order must have or
rule 21 | active | 1 attempts | The invoice's total must match the orders.total_amount of th
rule 22 | active | 1 attempts | The invoice's vat_amount must match base * vat_rate / 100 wi
rule 23 | active | 1 attempts | The invoice's total must match base + vat_amount within ±0.0
rule 24 | active | 1 attempts | The invoice's date must be a valid calendar date: it must pa
rule 25 | active | 1 attempts | The invoice's date must not be later than parameters.cut_off
rule 26 | active | 1 attempts | The erp entry for the invoice's purchase_order (erp.purchase
rule 27 | active | 1 attempts | No erp entry (in the erp source or in others) with the same 
=== 04:08:42
rule 17 | active | 1 attempts | The invoice's issuer_nif, normalised (uppercase, no spaces/h
rule 18 | active | 1 attempts | The invoice's iban, normalised (uppercase, no spaces), must 
rule 19 | active | 1 attempts | The invoice's purchase_order, normalised (uppercase, no spac
rule 20 | active | 1 attempts | The orders row for the invoice's purchase_order must have or
rule 21 | active | 1 attempts | The invoice's total must match the orders.total_amount of th
rule 22 | active | 1 attempts | The invoice's vat_amount must match base * vat_rate / 100 wi
rule 23 | active | 1 attempts | The invoice's total must match base + vat_amount within ±0.0
rule 24 | active | 1 attempts | The invoice's date must be a valid calendar date: it must pa
rule 25 | active | 1 attempts | The invoice's date must not be later than parameters.cut_off
rule 26 | active | 1 attempts | The erp entry for the invoice's purchase_order (erp.purchase
rule 27 | active | 1 attempts | No erp entry (in the erp source or in others) with the same 
=== 04:08:52
rule 17 | active | 1 attempts | The invoice's issuer_nif, normalised (uppercase, no spaces/h
rule 18 | active | 1 attempts | The invoice's iban, normalised (uppercase, no spaces), must 
rule 19 | active | 1 attempts | The invoice's purchase_order, normalised (uppercase, no spac
rule 20 | active | 1 attempts | The orders row for the invoice's purchase_order must have or
rule 21 | active | 1 attempts | The invoice's total must match the orders.total_amount of th
rule 22 | active | 1 attempts | The invoice's vat_amount must match base * vat_rate / 100 wi
rule 23 | active | 1 attempts | The invoice's total must match base + vat_amount within ±0.0
rule 24 | active | 1 attempts | The invoice's date must be a valid calendar date: it must pa
rule 25 | active | 1 attempts | The invoice's date must not be later than parameters.cut_off
rule 26 | active | 1 attempts | The erp entry for the invoice's purchase_order (erp.purchase
rule 27 | active | 1 attempts | No erp entry (in the erp source or in others) with the same 
=== 04:09:02
rule 17 | active | 1 attempts | The invoice's issuer_nif, normalised (uppercase, no spaces/h
rule 18 | active | 1 attempts | The invoice's iban, normalised (uppercase, no spaces), must 
rule 19 | active | 1 attempts | The invoice's purchase_order, normalised (uppercase, no spac
rule 20 | active | 1 attempts | The orders row for the invoice's purchase_order must have or
rule 21 | active | 1 attempts | The invoice's total must match the orders.total_amount of th
rule 22 | active | 1 attempts | The invoice's vat_amount must match base * vat_rate / 100 wi
rule 23 | active | 1 attempts | The invoice's total must match base + vat_amount within ±0.0
rule 24 | active | 1 attempts | The invoice's date must be a valid calendar date: it must pa
rule 25 | active | 1 attempts | The invoice's date must not be later than parameters.cut_off
rule 26 | active | 1 attempts | The erp entry for the invoice's purchase_order (erp.purchase
rule 27 | active | 1 attempts | No erp entry (in the erp source or in others) with the same 
=== 04:09:13
rule 17 | active | 1 attempts | The invoice's issuer_nif, normalised (uppercase, no spaces/h
rule 18 | active | 1 attempts | The invoice's iban, normalised (uppercase, no spaces), must 
rule 19 | active | 1 attempts | The invoice's purchase_order, normalised (uppercase, no spac
rule 20 | active | 1 attempts | The orders row for the invoice's purchase_order must have or
rule 21 | active | 1 attempts | The invoice's total must match the orders.total_amount of th
rule 22 | active | 1 attempts | The invoice's vat_amount must match base * vat_rate / 100 wi
rule 23 | active | 1 attempts | The invoice's total must match base + vat_amount within ±0.0
rule 24 | active | 1 attempts | The invoice's date must be a valid calendar date: it must pa
rule 25 | active | 1 attempts | The invoice's date must not be later than parameters.cut_off
rule 26 | active | 1 attempts | The erp entry for the invoice's purchase_order (erp.purchase
rule 27 | active | 1 attempts | No erp entry (in the erp source or in others) with the same 
=== 04:09:23
rule 17 | active | 1 attempts | The invoice's issuer_nif, normalised (uppercase, no spaces/h
rule 18 | active | 1 attempts | The invoice's iban, normalised (uppercase, no spaces), must 
rule 19 | active | 1 attempts | The invoice's purchase_order, normalised (uppercase, no spac
rule 20 | active | 1 attempts | The orders row for the invoice's purchase_order must have or
rule 21 | active | 1 attempts | The invoice's total must match the orders.total_amount of th
rule 22 | active | 1 attempts | The invoice's vat_amount must match base * vat_rate / 100 wi
rule 23 | active | 1 attempts | The invoice's total must match base + vat_amount within ±0.0
rule 24 | active | 1 attempts | The invoice's date must be a valid calendar date: it must pa
rule 25 | active | 1 attempts | The invoice's date must not be later than parameters.cut_off
rule 26 | active | 1 attempts | The erp entry for the invoice's purchase_order (erp.purchase
rule 27 | active | 1 attempts | No erp entry (in the erp source or in others) with the same 
=== 04:09:33
rule 17 | active | 1 attempts | The invoice's issuer_nif, normalised (uppercase, no spaces/h
rule 18 | active | 1 attempts | The invoice's iban, normalised (uppercase, no spaces), must 
rule 19 | active | 1 attempts | The invoice's purchase_order, normalised (uppercase, no spac
rule 20 | active | 1 attempts | The orders row for the invoice's purchase_order must have or
rule 21 | active | 1 attempts | The invoice's total must match the orders.total_amount of th
rule 22 | active | 1 attempts | The invoice's vat_amount must match base * vat_rate / 100 wi
rule 23 | active | 1 attempts | The invoice's total must match base + vat_amount within ±0.0
rule 24 | active | 1 attempts | The invoice's date must be a valid calendar date: it must pa
rule 25 | active | 1 attempts | The invoice's date must not be later than parameters.cut_off
rule 26 | active | 1 attempts | The erp entry for the invoice's purchase_order (erp.purchase
rule 27 | active | 1 attempts | No erp entry (in the erp source or in others) with the same 
=== 04:09:43
rule 17 | active | 1 attempts | The invoice's issuer_nif, normalised (uppercase, no spaces/h
rule 18 | active | 1 attempts | The invoice's iban, normalised (uppercase, no spaces), must 
rule 19 | active | 1 attempts | The invoice's purchase_order, normalised (uppercase, no spac
rule 20 | active | 1 attempts | The orders row for the invoice's purchase_order must have or
rule 21 | active | 1 attempts | The invoice's total must match the orders.total_amount of th
rule 22 | active | 1 attempts | The invoice's vat_amount must match base * vat_rate / 100 wi
rule 23 | active | 1 attempts | The invoice's total must match base + vat_amount within ±0.0
rule 24 | active | 1 attempts | The invoice's date must be a valid calendar date: it must pa
rule 25 | active | 1 attempts | The invoice's date must not be later than parameters.cut_off
rule 26 | active | 1 attempts | The erp entry for the invoice's purchase_order (erp.purchase
rule 27 | active | 1 attempts | No erp entry (in the erp source or in others) with the same 
=== 04:09:53
rule 17 | active | 1 attempts | The invoice's issuer_nif, normalised (uppercase, no spaces/h
rule 18 | active | 1 attempts | The invoice's iban, normalised (uppercase, no spaces), must 
rule 19 | active | 1 attempts | The invoice's purchase_order, normalised (uppercase, no spac
rule 20 | active | 1 attempts | The orders row for the invoice's purchase_order must have or
rule 21 | active | 1 attempts | The invoice's total must match the orders.total_amount of th
rule 22 | active | 1 attempts | The invoice's vat_amount must match base * vat_rate / 100 wi
rule 23 | active | 1 attempts | The invoice's total must match base + vat_amount within ±0.0
rule 24 | active | 1 attempts | The invoice's date must be a valid calendar date: it must pa
rule 25 | active | 1 attempts | The invoice's date must not be later than parameters.cut_off
rule 26 | active | 1 attempts | The erp entry for the invoice's purchase_order (erp.purchase
rule 27 | active | 1 attempts | No erp entry (in the erp source or in others) with the same 
=== 04:10:03
rule 17 | active | 1 attempts | The invoice's issuer_nif, normalised (uppercase, no spaces/h
rule 18 | active | 1 attempts | The invoice's iban, normalised (uppercase, no spaces), must 
rule 19 | active | 1 attempts | The invoice's purchase_order, normalised (uppercase, no spac
rule 20 | active | 1 attempts | The orders row for the invoice's purchase_order must have or
rule 21 | active | 1 attempts | The invoice's total must match the orders.total_amount of th
rule 22 | active | 1 attempts | The invoice's vat_amount must match base * vat_rate / 100 wi
rule 23 | active | 1 attempts | The invoice's total must match base + vat_amount within ±0.0
rule 24 | active | 1 attempts | The invoice's date must be a valid calendar date: it must pa
rule 25 | active | 1 attempts | The invoice's date must not be later than parameters.cut_off
rule 26 | active | 1 attempts | The erp entry for the invoice's purchase_order (erp.purchase
rule 27 | active | 1 attempts | No erp entry (in the erp source or in others) with the same 
=== 04:10:14
rule 17 | active | 1 attempts | The invoice's issuer_nif, normalised (uppercase, no spaces/h
rule 18 | active | 1 attempts | The invoice's iban, normalised (uppercase, no spaces), must 
rule 19 | active | 1 attempts | The invoice's purchase_order, normalised (uppercase, no spac
rule 20 | active | 1 attempts | The orders row for the invoice's purchase_order must have or
rule 21 | active | 1 attempts | The invoice's total must match the orders.total_amount of th
rule 22 | active | 1 attempts | The invoice's vat_amount must match base * vat_rate / 100 wi
rule 23 | active | 1 attempts | The invoice's total must match base + vat_amount within ±0.0
rule 24 | active | 1 attempts | The invoice's date must be a valid calendar date: it must pa
rule 25 | active | 1 attempts | The invoice's date must not be later than parameters.cut_off
rule 26 | active | 1 attempts | The erp entry for the invoice's purchase_order (erp.purchase
rule 27 | active | 1 attempts | No erp entry (in the erp source or in others) with the same 
=== 04:10:24
rule 17 | active | 1 attempts | The invoice's issuer_nif, normalised (uppercase, no spaces/h
rule 18 | active | 1 attempts | The invoice's iban, normalised (uppercase, no spaces), must 
rule 19 | active | 1 attempts | The invoice's purchase_order, normalised (uppercase, no spac
rule 20 | active | 1 attempts | The orders row for the invoice's purchase_order must have or
rule 21 | active | 1 attempts | The invoice's total must match the orders.total_amount of th
rule 22 | active | 1 attempts | The invoice's vat_amount must match base * vat_rate / 100 wi
rule 23 | active | 1 attempts | The invoice's total must match base + vat_amount within ±0.0
rule 24 | active | 1 attempts | The invoice's date must be a valid calendar date: it must pa
rule 25 | active | 1 attempts | The invoice's date must not be later than parameters.cut_off
rule 26 | active | 1 attempts | The erp entry for the invoice's purchase_order (erp.purchase
rule 27 | active | 1 attempts | No erp entry (in the erp source or in others) with the same 
=== 04:10:34
rule 17 | active | 1 attempts | The invoice's issuer_nif, normalised (uppercase, no spaces/h
rule 18 | active | 1 attempts | The invoice's iban, normalised (uppercase, no spaces), must 
rule 19 | active | 1 attempts | The invoice's purchase_order, normalised (uppercase, no spac
rule 20 | active | 1 attempts | The orders row for the invoice's purchase_order must have or
rule 21 | active | 1 attempts | The invoice's total must match the orders.total_amount of th
rule 22 | active | 1 attempts | The invoice's vat_amount must match base * vat_rate / 100 wi
rule 23 | active | 1 attempts | The invoice's total must match base + vat_amount within ±0.0
rule 24 | active | 1 attempts | The invoice's date must be a valid calendar date: it must pa
rule 25 | active | 1 attempts | The invoice's date must not be later than parameters.cut_off
rule 26 | active | 1 attempts | The erp entry for the invoice's purchase_order (erp.purchase
rule 27 | active | 1 attempts | No erp entry (in the erp source or in others) with the same 
=== 04:10:44
rule 17 | active | 1 attempts | The invoice's issuer_nif, normalised (uppercase, no spaces/h
rule 18 | active | 1 attempts | The invoice's iban, normalised (uppercase, no spaces), must 
rule 19 | active | 1 attempts | The invoice's purchase_order, normalised (uppercase, no spac
rule 20 | active | 1 attempts | The orders row for the invoice's purchase_order must have or
rule 21 | active | 1 attempts | The invoice's total must match the orders.total_amount of th
rule 22 | active | 1 attempts | The invoice's vat_amount must match base * vat_rate / 100 wi
rule 23 | active | 1 attempts | The invoice's total must match base + vat_amount within ±0.0
rule 24 | active | 1 attempts | The invoice's date must be a valid calendar date: it must pa
rule 25 | active | 1 attempts | The invoice's date must not be later than parameters.cut_off
rule 26 | active | 1 attempts | The erp entry for the invoice's purchase_order (erp.purchase
rule 27 | active | 1 attempts | No erp entry (in the erp source or in others) with the same 
=== 04:10:54
rule 17 | active | 1 attempts | The invoice's issuer_nif, normalised (uppercase, no spaces/h
rule 18 | active | 1 attempts | The invoice's iban, normalised (uppercase, no spaces), must 
rule 19 | active | 1 attempts | The invoice's purchase_order, normalised (uppercase, no spac
rule 20 | active | 1 attempts | The orders row for the invoice's purchase_order must have or
rule 21 | active | 1 attempts | The invoice's total must match the orders.total_amount of th
rule 22 | active | 1 attempts | The invoice's vat_amount must match base * vat_rate / 100 wi
rule 23 | active | 1 attempts | The invoice's total must match base + vat_amount within ±0.0
rule 24 | active | 1 attempts | The invoice's date must be a valid calendar date: it must pa
rule 25 | active | 1 attempts | The invoice's date must not be later than parameters.cut_off
rule 26 | active | 1 attempts | The erp entry for the invoice's purchase_order (erp.purchase
rule 27 | active | 1 attempts | No erp entry (in the erp source or in others) with the same 
=== 04:11:04
rule 17 | active | 1 attempts | The invoice's issuer_nif, normalised (uppercase, no spaces/h
rule 18 | active | 1 attempts | The invoice's iban, normalised (uppercase, no spaces), must 
rule 19 | active | 1 attempts | The invoice's purchase_order, normalised (uppercase, no spac
rule 20 | active | 1 attempts | The orders row for the invoice's purchase_order must have or
rule 21 | active | 1 attempts | The invoice's total must match the orders.total_amount of th
rule 22 | active | 1 attempts | The invoice's vat_amount must match base * vat_rate / 100 wi
rule 23 | active | 1 attempts | The invoice's total must match base + vat_amount within ±0.0
rule 24 | active | 1 attempts | The invoice's date must be a valid calendar date: it must pa
rule 25 | active | 1 attempts | The invoice's date must not be later than parameters.cut_off
rule 26 | active | 1 attempts | The erp entry for the invoice's purchase_order (erp.purchase
rule 27 | active | 1 attempts | No erp entry (in the erp source or in others) with the same 
=== 04:11:15
rule 17 | active | 1 attempts | The invoice's issuer_nif, normalised (uppercase, no spaces/h
rule 18 | active | 1 attempts | The invoice's iban, normalised (uppercase, no spaces), must 
rule 19 | active | 1 attempts | The invoice's purchase_order, normalised (uppercase, no spac
rule 20 | active | 1 attempts | The orders row for the invoice's purchase_order must have or
rule 21 | active | 1 attempts | The invoice's total must match the orders.total_amount of th
rule 22 | active | 1 attempts | The invoice's vat_amount must match base * vat_rate / 100 wi
rule 23 | active | 1 attempts | The invoice's total must match base + vat_amount within ±0.0
rule 24 | active | 1 attempts | The invoice's date must be a valid calendar date: it must pa
rule 25 | active | 1 attempts | The invoice's date must not be later than parameters.cut_off
rule 26 | active | 1 attempts | The erp entry for the invoice's purchase_order (erp.purchase
rule 27 | active | 1 attempts | No erp entry (in the erp source or in others) with the same 
=== 04:11:25
rule 17 | active | 1 attempts | The invoice's issuer_nif, normalised (uppercase, no spaces/h
rule 18 | active | 1 attempts | The invoice's iban, normalised (uppercase, no spaces), must 
rule 19 | active | 1 attempts | The invoice's purchase_order, normalised (uppercase, no spac
rule 20 | active | 1 attempts | The orders row for the invoice's purchase_order must have or
rule 21 | active | 1 attempts | The invoice's total must match the orders.total_amount of th
rule 22 | active | 1 attempts | The invoice's vat_amount must match base * vat_rate / 100 wi
rule 23 | active | 1 attempts | The invoice's total must match base + vat_amount within ±0.0
rule 24 | active | 1 attempts | The invoice's date must be a valid calendar date: it must pa
rule 25 | active | 1 attempts | The invoice's date must not be later than parameters.cut_off
rule 26 | active | 1 attempts | The erp entry for the invoice's purchase_order (erp.purchase
rule 27 | active | 1 attempts | No erp entry (in the erp source or in others) with the same 
=== 04:11:35
rule 17 | active | 1 attempts | The invoice's issuer_nif, normalised (uppercase, no spaces/h
rule 18 | active | 1 attempts | The invoice's iban, normalised (uppercase, no spaces), must 
rule 19 | active | 1 attempts | The invoice's purchase_order, normalised (uppercase, no spac
rule 20 | active | 1 attempts | The orders row for the invoice's purchase_order must have or
rule 21 | active | 1 attempts | The invoice's total must match the orders.total_amount of th
rule 22 | active | 1 attempts | The invoice's vat_amount must match base * vat_rate / 100 wi
rule 23 | active | 1 attempts | The invoice's total must match base + vat_amount within ±0.0
rule 24 | active | 1 attempts | The invoice's date must be a valid calendar date: it must pa
rule 25 | active | 1 attempts | The invoice's date must not be later than parameters.cut_off
rule 26 | active | 1 attempts | The erp entry for the invoice's purchase_order (erp.purchase
rule 27 | active | 1 attempts | No erp entry (in the erp source or in others) with the same 
=== 04:11:45
rule 17 | active | 1 attempts | The invoice's issuer_nif, normalised (uppercase, no spaces/h
rule 18 | active | 1 attempts | The invoice's iban, normalised (uppercase, no spaces), must 
rule 19 | active | 1 attempts | The invoice's purchase_order, normalised (uppercase, no spac
rule 20 | active | 1 attempts | The orders row for the invoice's purchase_order must have or
rule 21 | active | 1 attempts | The invoice's total must match the orders.total_amount of th
rule 22 | active | 1 attempts | The invoice's vat_amount must match base * vat_rate / 100 wi
rule 23 | active | 1 attempts | The invoice's total must match base + vat_amount within ±0.0
rule 24 | active | 1 attempts | The invoice's date must be a valid calendar date: it must pa
rule 25 | active | 1 attempts | The invoice's date must not be later than parameters.cut_off
rule 26 | active | 1 attempts | The erp entry for the invoice's purchase_order (erp.purchase
rule 27 | active | 1 attempts | No erp entry (in the erp source or in others) with the same 
=== 04:11:55
rule 17 | active | 1 attempts | The invoice's issuer_nif, normalised (uppercase, no spaces/h
rule 18 | active | 1 attempts | The invoice's iban, normalised (uppercase, no spaces), must 
rule 19 | active | 1 attempts | The invoice's purchase_order, normalised (uppercase, no spac
rule 20 | active | 1 attempts | The orders row for the invoice's purchase_order must have or
rule 21 | active | 1 attempts | The invoice's total must match the orders.total_amount of th
rule 22 | active | 1 attempts | The invoice's vat_amount must match base * vat_rate / 100 wi
rule 23 | active | 1 attempts | The invoice's total must match base + vat_amount within ±0.0
rule 24 | active | 1 attempts | The invoice's date must be a valid calendar date: it must pa
rule 25 | active | 1 attempts | The invoice's date must not be later than parameters.cut_off
rule 26 | active | 1 attempts | The erp entry for the invoice's purchase_order (erp.purchase
rule 27 | active | 1 attempts | No erp entry (in the erp source or in others) with the same 
=== 04:12:05
rule 17 | active | 1 attempts | The invoice's issuer_nif, normalised (uppercase, no spaces/h
rule 18 | active | 1 attempts | The invoice's iban, normalised (uppercase, no spaces), must 
rule 19 | active | 1 attempts | The invoice's purchase_order, normalised (uppercase, no spac
rule 20 | active | 1 attempts | The orders row for the invoice's purchase_order must have or
rule 21 | active | 1 attempts | The invoice's total must match the orders.total_amount of th
rule 22 | active | 1 attempts | The invoice's vat_amount must match base * vat_rate / 100 wi
rule 23 | active | 1 attempts | The invoice's total must match base + vat_amount within ±0.0
rule 24 | active | 1 attempts | The invoice's date must be a valid calendar date: it must pa
rule 25 | active | 1 attempts | The invoice's date must not be later than parameters.cut_off
rule 26 | active | 1 attempts | The erp entry for the invoice's purchase_order (erp.purchase
rule 27 | active | 1 attempts | No erp entry (in the erp source or in others) with the same 
=== 04:12:15
rule 17 | active | 1 attempts | The invoice's issuer_nif, normalised (uppercase, no spaces/h
rule 18 | active | 1 attempts | The invoice's iban, normalised (uppercase, no spaces), must 
rule 19 | active | 1 attempts | The invoice's purchase_order, normalised (uppercase, no spac
rule 20 | active | 1 attempts | The orders row for the invoice's purchase_order must have or
rule 21 | active | 1 attempts | The invoice's total must match the orders.total_amount of th
rule 22 | active | 1 attempts | The invoice's vat_amount must match base * vat_rate / 100 wi
rule 23 | active | 1 attempts | The invoice's total must match base + vat_amount within ±0.0
rule 24 | active | 1 attempts | The invoice's date must be a valid calendar date: it must pa
rule 25 | active | 1 attempts | The invoice's date must not be later than parameters.cut_off
rule 26 | active | 1 attempts | The erp entry for the invoice's purchase_order (erp.purchase
rule 27 | active | 1 attempts | No erp entry (in the erp source or in others) with the same 
=== 04:12:26
rule 17 | active | 1 attempts | The invoice's issuer_nif, normalised (uppercase, no spaces/h
rule 18 | active | 1 attempts | The invoice's iban, normalised (uppercase, no spaces), must 
rule 19 | active | 1 attempts | The invoice's purchase_order, normalised (uppercase, no spac
rule 20 | active | 1 attempts | The orders row for the invoice's purchase_order must have or
rule 21 | active | 1 attempts | The invoice's total must match the orders.total_amount of th
rule 22 | active | 1 attempts | The invoice's vat_amount must match base * vat_rate / 100 wi
rule 23 | active | 1 attempts | The invoice's total must match base + vat_amount within ±0.0
rule 24 | active | 1 attempts | The invoice's date must be a valid calendar date: it must pa
rule 25 | active | 1 attempts | The invoice's date must not be later than parameters.cut_off
rule 26 | active | 1 attempts | The erp entry for the invoice's purchase_order (erp.purchase
rule 27 | active | 1 attempts | No erp entry (in the erp source or in others) with the same 
=== 04:12:36
rule 17 | active | 1 attempts | The invoice's issuer_nif, normalised (uppercase, no spaces/h
rule 18 | active | 1 attempts | The invoice's iban, normalised (uppercase, no spaces), must 
rule 19 | active | 1 attempts | The invoice's purchase_order, normalised (uppercase, no spac
rule 20 | active | 1 attempts | The orders row for the invoice's purchase_order must have or
rule 21 | active | 1 attempts | The invoice's total must match the orders.total_amount of th
rule 22 | active | 1 attempts | The invoice's vat_amount must match base * vat_rate / 100 wi
rule 23 | active | 1 attempts | The invoice's total must match base + vat_amount within ±0.0
rule 24 | active | 1 attempts | The invoice's date must be a valid calendar date: it must pa
rule 25 | active | 1 attempts | The invoice's date must not be later than parameters.cut_off
rule 26 | active | 1 attempts | The erp entry for the invoice's purchase_order (erp.purchase
rule 27 | active | 1 attempts | No erp entry (in the erp source or in others) with the same 
=== 04:12:46
rule 17 | active | 1 attempts | The invoice's issuer_nif, normalised (uppercase, no spaces/h
rule 18 | active | 1 attempts | The invoice's iban, normalised (uppercase, no spaces), must 
rule 19 | active | 1 attempts | The invoice's purchase_order, normalised (uppercase, no spac
rule 20 | active | 1 attempts | The orders row for the invoice's purchase_order must have or
rule 21 | active | 1 attempts | The invoice's total must match the orders.total_amount of th
rule 22 | active | 1 attempts | The invoice's vat_amount must match base * vat_rate / 100 wi
rule 23 | active | 1 attempts | The invoice's total must match base + vat_amount within ±0.0
rule 24 | active | 1 attempts | The invoice's date must be a valid calendar date: it must pa
rule 25 | active | 1 attempts | The invoice's date must not be later than parameters.cut_off
rule 26 | active | 1 attempts | The erp entry for the invoice's purchase_order (erp.purchase
rule 27 | active | 1 attempts | No erp entry (in the erp source or in others) with the same 
=== 04:12:56
rule 17 | active | 1 attempts | The invoice's issuer_nif, normalised (uppercase, no spaces/h
rule 18 | active | 1 attempts | The invoice's iban, normalised (uppercase, no spaces), must 
rule 19 | active | 1 attempts | The invoice's purchase_order, normalised (uppercase, no spac
rule 20 | active | 1 attempts | The orders row for the invoice's purchase_order must have or
rule 21 | active | 1 attempts | The invoice's total must match the orders.total_amount of th
rule 22 | active | 1 attempts | The invoice's vat_amount must match base * vat_rate / 100 wi
rule 23 | active | 1 attempts | The invoice's total must match base + vat_amount within ±0.0
rule 24 | active | 1 attempts | The invoice's date must be a valid calendar date: it must pa
rule 25 | active | 1 attempts | The invoice's date must not be later than parameters.cut_off
rule 26 | active | 1 attempts | The erp entry for the invoice's purchase_order (erp.purchase
rule 27 | active | 1 attempts | No erp entry (in the erp source or in others) with the same 
=== 04:13:06
rule 17 | active | 1 attempts | The invoice's issuer_nif, normalised (uppercase, no spaces/h
rule 18 | active | 1 attempts | The invoice's iban, normalised (uppercase, no spaces), must 
rule 19 | active | 1 attempts | The invoice's purchase_order, normalised (uppercase, no spac
rule 20 | active | 1 attempts | The orders row for the invoice's purchase_order must have or
rule 21 | active | 1 attempts | The invoice's total must match the orders.total_amount of th
rule 22 | active | 1 attempts | The invoice's vat_amount must match base * vat_rate / 100 wi
rule 23 | active | 1 attempts | The invoice's total must match base + vat_amount within ±0.0
rule 24 | active | 1 attempts | The invoice's date must be a valid calendar date: it must pa
rule 25 | active | 1 attempts | The invoice's date must not be later than parameters.cut_off
rule 26 | active | 1 attempts | The erp entry for the invoice's purchase_order (erp.purchase
rule 27 | active | 1 attempts | No erp entry (in the erp source or in others) with the same 
=== 04:13:16
rule 17 | active | 1 attempts | The invoice's issuer_nif, normalised (uppercase, no spaces/h
rule 18 | active | 1 attempts | The invoice's iban, normalised (uppercase, no spaces), must 
rule 19 | active | 1 attempts | The invoice's purchase_order, normalised (uppercase, no spac
rule 20 | active | 1 attempts | The orders row for the invoice's purchase_order must have or
rule 21 | active | 1 attempts | The invoice's total must match the orders.total_amount of th
rule 22 | active | 1 attempts | The invoice's vat_amount must match base * vat_rate / 100 wi
rule 23 | active | 1 attempts | The invoice's total must match base + vat_amount within ±0.0
rule 24 | active | 1 attempts | The invoice's date must be a valid calendar date: it must pa
rule 25 | active | 1 attempts | The invoice's date must not be later than parameters.cut_off
rule 26 | active | 1 attempts | The erp entry for the invoice's purchase_order (erp.purchase
rule 27 | active | 1 attempts | No erp entry (in the erp source or in others) with the same 
=== 04:13:27
rule 17 | active | 1 attempts | The invoice's issuer_nif, normalised (uppercase, no spaces/h
rule 18 | active | 1 attempts | The invoice's iban, normalised (uppercase, no spaces), must 
rule 19 | active | 1 attempts | The invoice's purchase_order, normalised (uppercase, no spac
rule 20 | active | 1 attempts | The orders row for the invoice's purchase_order must have or
rule 21 | active | 1 attempts | The invoice's total must match the orders.total_amount of th
rule 22 | active | 1 attempts | The invoice's vat_amount must match base * vat_rate / 100 wi
rule 23 | active | 1 attempts | The invoice's total must match base + vat_amount within ±0.0
rule 24 | active | 1 attempts | The invoice's date must be a valid calendar date: it must pa
rule 25 | active | 1 attempts | The invoice's date must not be later than parameters.cut_off
rule 26 | active | 1 attempts | The erp entry for the invoice's purchase_order (erp.purchase
rule 27 | active | 1 attempts | No erp entry (in the erp source or in others) with the same 
=== 04:13:37
rule 17 | active | 1 attempts | The invoice's issuer_nif, normalised (uppercase, no spaces/h
rule 18 | active | 1 attempts | The invoice's iban, normalised (uppercase, no spaces), must 
rule 19 | active | 1 attempts | The invoice's purchase_order, normalised (uppercase, no spac
rule 20 | active | 1 attempts | The orders row for the invoice's purchase_order must have or
rule 21 | active | 1 attempts | The invoice's total must match the orders.total_amount of th
rule 22 | active | 1 attempts | The invoice's vat_amount must match base * vat_rate / 100 wi
rule 23 | active | 1 attempts | The invoice's total must match base + vat_amount within ±0.0
rule 24 | active | 1 attempts | The invoice's date must be a valid calendar date: it must pa
rule 25 | active | 1 attempts | The invoice's date must not be later than parameters.cut_off
rule 26 | active | 1 attempts | The erp entry for the invoice's purchase_order (erp.purchase
rule 27 | active | 1 attempts | No erp entry (in the erp source or in others) with the same 
=== 04:13:47
rule 17 | active | 1 attempts | The invoice's issuer_nif, normalised (uppercase, no spaces/h
rule 18 | active | 1 attempts | The invoice's iban, normalised (uppercase, no spaces), must 
rule 19 | active | 1 attempts | The invoice's purchase_order, normalised (uppercase, no spac
rule 20 | active | 1 attempts | The orders row for the invoice's purchase_order must have or
rule 21 | active | 1 attempts | The invoice's total must match the orders.total_amount of th
rule 22 | active | 1 attempts | The invoice's vat_amount must match base * vat_rate / 100 wi
rule 23 | active | 1 attempts | The invoice's total must match base + vat_amount within ±0.0
rule 24 | active | 1 attempts | The invoice's date must be a valid calendar date: it must pa
rule 25 | active | 1 attempts | The invoice's date must not be later than parameters.cut_off
rule 26 | active | 1 attempts | The erp entry for the invoice's purchase_order (erp.purchase
rule 27 | active | 1 attempts | No erp entry (in the erp source or in others) with the same 
=== 04:13:57
rule 17 | active | 1 attempts | The invoice's issuer_nif, normalised (uppercase, no spaces/h
rule 18 | active | 1 attempts | The invoice's iban, normalised (uppercase, no spaces), must 
rule 19 | active | 1 attempts | The invoice's purchase_order, normalised (uppercase, no spac
rule 20 | active | 1 attempts | The orders row for the invoice's purchase_order must have or
rule 21 | active | 1 attempts | The invoice's total must match the orders.total_amount of th
rule 22 | active | 1 attempts | The invoice's vat_amount must match base * vat_rate / 100 wi
rule 23 | active | 1 attempts | The invoice's total must match base + vat_amount within ±0.0
rule 24 | active | 1 attempts | The invoice's date must be a valid calendar date: it must pa
rule 25 | active | 1 attempts | The invoice's date must not be later than parameters.cut_off
rule 26 | active | 1 attempts | The erp entry for the invoice's purchase_order (erp.purchase
rule 27 | active | 1 attempts | No erp entry (in the erp source or in others) with the same 
=== 04:14:07
rule 17 | active | 1 attempts | The invoice's issuer_nif, normalised (uppercase, no spaces/h
rule 18 | active | 1 attempts | The invoice's iban, normalised (uppercase, no spaces), must 
rule 19 | active | 1 attempts | The invoice's purchase_order, normalised (uppercase, no spac
rule 20 | active | 1 attempts | The orders row for the invoice's purchase_order must have or
rule 21 | active | 1 attempts | The invoice's total must match the orders.total_amount of th
rule 22 | active | 1 attempts | The invoice's vat_amount must match base * vat_rate / 100 wi
rule 23 | active | 1 attempts | The invoice's total must match base + vat_amount within ±0.0
rule 24 | active | 1 attempts | The invoice's date must be a valid calendar date: it must pa
rule 25 | active | 1 attempts | The invoice's date must not be later than parameters.cut_off
rule 26 | active | 1 attempts | The erp entry for the invoice's purchase_order (erp.purchase
rule 27 | active | 1 attempts | No erp entry (in the erp source or in others) with the same 
=== 04:14:17
rule 17 | active | 1 attempts | The invoice's issuer_nif, normalised (uppercase, no spaces/h
rule 18 | active | 1 attempts | The invoice's iban, normalised (uppercase, no spaces), must 
rule 19 | active | 1 attempts | The invoice's purchase_order, normalised (uppercase, no spac
rule 20 | active | 1 attempts | The orders row for the invoice's purchase_order must have or
rule 21 | active | 1 attempts | The invoice's total must match the orders.total_amount of th
rule 22 | active | 1 attempts | The invoice's vat_amount must match base * vat_rate / 100 wi
rule 23 | active | 1 attempts | The invoice's total must match base + vat_amount within ±0.0
rule 24 | active | 1 attempts | The invoice's date must be a valid calendar date: it must pa
rule 25 | active | 1 attempts | The invoice's date must not be later than parameters.cut_off
rule 26 | active | 1 attempts | The erp entry for the invoice's purchase_order (erp.purchase
rule 27 | active | 1 attempts | No erp entry (in the erp source or in others) with the same 
=== 04:14:28
rule 17 | active | 1 attempts | The invoice's issuer_nif, normalised (uppercase, no spaces/h
rule 18 | active | 1 attempts | The invoice's iban, normalised (uppercase, no spaces), must 
rule 19 | active | 1 attempts | The invoice's purchase_order, normalised (uppercase, no spac
rule 20 | active | 1 attempts | The orders row for the invoice's purchase_order must have or
rule 21 | active | 1 attempts | The invoice's total must match the orders.total_amount of th
rule 22 | active | 1 attempts | The invoice's vat_amount must match base * vat_rate / 100 wi
rule 23 | active | 1 attempts | The invoice's total must match base + vat_amount within ±0.0
rule 24 | active | 1 attempts | The invoice's date must be a valid calendar date: it must pa
rule 25 | active | 1 attempts | The invoice's date must not be later than parameters.cut_off
rule 26 | active | 1 attempts | The erp entry for the invoice's purchase_order (erp.purchase
rule 27 | active | 1 attempts | No erp entry (in the erp source or in others) with the same 
=== 04:14:38
rule 17 | active | 1 attempts | The invoice's issuer_nif, normalised (uppercase, no spaces/h
rule 18 | active | 1 attempts | The invoice's iban, normalised (uppercase, no spaces), must 
rule 19 | active | 1 attempts | The invoice's purchase_order, normalised (uppercase, no spac
rule 20 | active | 1 attempts | The orders row for the invoice's purchase_order must have or
rule 21 | active | 1 attempts | The invoice's total must match the orders.total_amount of th
rule 22 | active | 1 attempts | The invoice's vat_amount must match base * vat_rate / 100 wi
rule 23 | active | 1 attempts | The invoice's total must match base + vat_amount within ±0.0
rule 24 | active | 1 attempts | The invoice's date must be a valid calendar date: it must pa
rule 25 | active | 1 attempts | The invoice's date must not be later than parameters.cut_off
rule 26 | active | 1 attempts | The erp entry for the invoice's purchase_order (erp.purchase
rule 27 | active | 1 attempts | No erp entry (in the erp source or in others) with the same 
=== 04:14:48
rule 17 | active | 1 attempts | The invoice's issuer_nif, normalised (uppercase, no spaces/h
rule 18 | active | 1 attempts | The invoice's iban, normalised (uppercase, no spaces), must 
rule 19 | active | 1 attempts | The invoice's purchase_order, normalised (uppercase, no spac
rule 20 | active | 1 attempts | The orders row for the invoice's purchase_order must have or
rule 21 | active | 1 attempts | The invoice's total must match the orders.total_amount of th
rule 22 | active | 1 attempts | The invoice's vat_amount must match base * vat_rate / 100 wi
rule 23 | active | 1 attempts | The invoice's total must match base + vat_amount within ±0.0
rule 24 | active | 1 attempts | The invoice's date must be a valid calendar date: it must pa
rule 25 | active | 1 attempts | The invoice's date must not be later than parameters.cut_off
rule 26 | active | 1 attempts | The erp entry for the invoice's purchase_order (erp.purchase
rule 27 | active | 1 attempts | No erp entry (in the erp source or in others) with the same 
=== 04:14:58
rule 17 | active | 1 attempts | The invoice's issuer_nif, normalised (uppercase, no spaces/h
rule 18 | active | 1 attempts | The invoice's iban, normalised (uppercase, no spaces), must 
rule 19 | active | 1 attempts | The invoice's purchase_order, normalised (uppercase, no spac
rule 20 | active | 1 attempts | The orders row for the invoice's purchase_order must have or
rule 21 | active | 1 attempts | The invoice's total must match the orders.total_amount of th
rule 22 | active | 1 attempts | The invoice's vat_amount must match base * vat_rate / 100 wi
rule 23 | active | 1 attempts | The invoice's total must match base + vat_amount within ±0.0
rule 24 | active | 1 attempts | The invoice's date must be a valid calendar date: it must pa
rule 25 | active | 1 attempts | The invoice's date must not be later than parameters.cut_off
rule 26 | active | 1 attempts | The erp entry for the invoice's purchase_order (erp.purchase
rule 27 | active | 1 attempts | No erp entry (in the erp source or in others) with the same 
=== 04:15:08
rule 17 | active | 1 attempts | The invoice's issuer_nif, normalised (uppercase, no spaces/h
rule 18 | active | 1 attempts | The invoice's iban, normalised (uppercase, no spaces), must 
rule 19 | active | 1 attempts | The invoice's purchase_order, normalised (uppercase, no spac
rule 20 | active | 1 attempts | The orders row for the invoice's purchase_order must have or
rule 21 | active | 1 attempts | The invoice's total must match the orders.total_amount of th
rule 22 | active | 1 attempts | The invoice's vat_amount must match base * vat_rate / 100 wi
rule 23 | active | 1 attempts | The invoice's total must match base + vat_amount within ±0.0
rule 24 | active | 1 attempts | The invoice's date must be a valid calendar date: it must pa
rule 25 | active | 1 attempts | The invoice's date must not be later than parameters.cut_off
rule 26 | active | 1 attempts | The erp entry for the invoice's purchase_order (erp.purchase
rule 27 | active | 1 attempts | No erp entry (in the erp source or in others) with the same 
=== 04:15:18
rule 17 | active | 1 attempts | The invoice's issuer_nif, normalised (uppercase, no spaces/h
rule 18 | active | 1 attempts | The invoice's iban, normalised (uppercase, no spaces), must 
rule 19 | active | 1 attempts | The invoice's purchase_order, normalised (uppercase, no spac
rule 20 | active | 1 attempts | The orders row for the invoice's purchase_order must have or
rule 21 | active | 1 attempts | The invoice's total must match the orders.total_amount of th
rule 22 | active | 1 attempts | The invoice's vat_amount must match base * vat_rate / 100 wi
rule 23 | active | 1 attempts | The invoice's total must match base + vat_amount within ±0.0
rule 24 | active | 1 attempts | The invoice's date must be a valid calendar date: it must pa
rule 25 | active | 1 attempts | The invoice's date must not be later than parameters.cut_off
rule 26 | active | 1 attempts | The erp entry for the invoice's purchase_order (erp.purchase
rule 27 | active | 1 attempts | No erp entry (in the erp source or in others) with the same 
=== 04:15:29
rule 17 | active | 1 attempts | The invoice's issuer_nif, normalised (uppercase, no spaces/h
rule 18 | active | 1 attempts | The invoice's iban, normalised (uppercase, no spaces), must 
rule 19 | active | 1 attempts | The invoice's purchase_order, normalised (uppercase, no spac
rule 20 | active | 1 attempts | The orders row for the invoice's purchase_order must have or
rule 21 | active | 1 attempts | The invoice's total must match the orders.total_amount of th
rule 22 | active | 1 attempts | The invoice's vat_amount must match base * vat_rate / 100 wi
rule 23 | active | 1 attempts | The invoice's total must match base + vat_amount within ±0.0
rule 24 | active | 1 attempts | The invoice's date must be a valid calendar date: it must pa
rule 25 | active | 1 attempts | The invoice's date must not be later than parameters.cut_off
rule 26 | active | 1 attempts | The erp entry for the invoice's purchase_order (erp.purchase
rule 27 | active | 1 attempts | No erp entry (in the erp source or in others) with the same 
=== 04:15:39
rule 17 | active | 1 attempts | The invoice's issuer_nif, normalised (uppercase, no spaces/h
rule 18 | active | 1 attempts | The invoice's iban, normalised (uppercase, no spaces), must 
rule 19 | active | 1 attempts | The invoice's purchase_order, normalised (uppercase, no spac
rule 20 | active | 1 attempts | The orders row for the invoice's purchase_order must have or
rule 21 | active | 1 attempts | The invoice's total must match the orders.total_amount of th
rule 22 | active | 1 attempts | The invoice's vat_amount must match base * vat_rate / 100 wi
rule 23 | active | 1 attempts | The invoice's total must match base + vat_amount within ±0.0
rule 24 | active | 1 attempts | The invoice's date must be a valid calendar date: it must pa
rule 25 | active | 1 attempts | The invoice's date must not be later than parameters.cut_off
rule 26 | active | 1 attempts | The erp entry for the invoice's purchase_order (erp.purchase
rule 27 | active | 1 attempts | No erp entry (in the erp source or in others) with the same 
=== 04:15:49
rule 17 | active | 1 attempts | The invoice's issuer_nif, normalised (uppercase, no spaces/h
rule 18 | active | 1 attempts | The invoice's iban, normalised (uppercase, no spaces), must 
rule 19 | active | 1 attempts | The invoice's purchase_order, normalised (uppercase, no spac
rule 20 | active | 1 attempts | The orders row for the invoice's purchase_order must have or
rule 21 | active | 1 attempts | The invoice's total must match the orders.total_amount of th
rule 22 | active | 1 attempts | The invoice's vat_amount must match base * vat_rate / 100 wi
rule 23 | active | 1 attempts | The invoice's total must match base + vat_amount within ±0.0
rule 24 | active | 1 attempts | The invoice's date must be a valid calendar date: it must pa
rule 25 | active | 1 attempts | The invoice's date must not be later than parameters.cut_off
rule 26 | active | 1 attempts | The erp entry for the invoice's purchase_order (erp.purchase
rule 27 | active | 1 attempts | No erp entry (in the erp source or in others) with the same 
=== 04:15:59
rule 17 | active | 1 attempts | The invoice's issuer_nif, normalised (uppercase, no spaces/h
rule 18 | active | 1 attempts | The invoice's iban, normalised (uppercase, no spaces), must 
rule 19 | active | 1 attempts | The invoice's purchase_order, normalised (uppercase, no spac
rule 20 | active | 1 attempts | The orders row for the invoice's purchase_order must have or
rule 21 | active | 1 attempts | The invoice's total must match the orders.total_amount of th
rule 22 | active | 1 attempts | The invoice's vat_amount must match base * vat_rate / 100 wi
rule 23 | active | 1 attempts | The invoice's total must match base + vat_amount within ±0.0
rule 24 | active | 1 attempts | The invoice's date must be a valid calendar date: it must pa
rule 25 | active | 1 attempts | The invoice's date must not be later than parameters.cut_off
rule 26 | active | 1 attempts | The erp entry for the invoice's purchase_order (erp.purchase
rule 27 | active | 1 attempts | No erp entry (in the erp source or in others) with the same 
=== 04:16:09
rule 17 | active | 1 attempts | The invoice's issuer_nif, normalised (uppercase, no spaces/h
rule 18 | active | 1 attempts | The invoice's iban, normalised (uppercase, no spaces), must 
rule 19 | active | 1 attempts | The invoice's purchase_order, normalised (uppercase, no spac
rule 20 | active | 1 attempts | The orders row for the invoice's purchase_order must have or
rule 21 | active | 1 attempts | The invoice's total must match the orders.total_amount of th
rule 22 | active | 1 attempts | The invoice's vat_amount must match base * vat_rate / 100 wi
rule 23 | active | 1 attempts | The invoice's total must match base + vat_amount within ±0.0
rule 24 | active | 1 attempts | The invoice's date must be a valid calendar date: it must pa
rule 25 | active | 1 attempts | The invoice's date must not be later than parameters.cut_off
rule 26 | active | 1 attempts | The erp entry for the invoice's purchase_order (erp.purchase
rule 27 | active | 1 attempts | No erp entry (in the erp source or in others) with the same 
=== 04:16:19
rule 17 | active | 1 attempts | The invoice's issuer_nif, normalised (uppercase, no spaces/h
rule 18 | active | 1 attempts | The invoice's iban, normalised (uppercase, no spaces), must 
rule 19 | active | 1 attempts | The invoice's purchase_order, normalised (uppercase, no spac
rule 20 | active | 1 attempts | The orders row for the invoice's purchase_order must have or
rule 21 | active | 1 attempts | The invoice's total must match the orders.total_amount of th
rule 22 | active | 1 attempts | The invoice's vat_amount must match base * vat_rate / 100 wi
rule 23 | active | 1 attempts | The invoice's total must match base + vat_amount within ±0.0
rule 24 | active | 1 attempts | The invoice's date must be a valid calendar date: it must pa
rule 25 | active | 1 attempts | The invoice's date must not be later than parameters.cut_off
rule 26 | active | 1 attempts | The erp entry for the invoice's purchase_order (erp.purchase
rule 27 | active | 1 attempts | No erp entry (in the erp source or in others) with the same 
=== 04:16:30
rule 17 | active | 1 attempts | The invoice's issuer_nif, normalised (uppercase, no spaces/h
rule 18 | active | 1 attempts | The invoice's iban, normalised (uppercase, no spaces), must 
rule 19 | active | 1 attempts | The invoice's purchase_order, normalised (uppercase, no spac
rule 20 | active | 1 attempts | The orders row for the invoice's purchase_order must have or
rule 21 | active | 1 attempts | The invoice's total must match the orders.total_amount of th
rule 22 | active | 1 attempts | The invoice's vat_amount must match base * vat_rate / 100 wi
rule 23 | active | 1 attempts | The invoice's total must match base + vat_amount within ±0.0
rule 24 | active | 1 attempts | The invoice's date must be a valid calendar date: it must pa
rule 25 | active | 1 attempts | The invoice's date must not be later than parameters.cut_off
rule 26 | active | 1 attempts | The erp entry for the invoice's purchase_order (erp.purchase
rule 27 | active | 1 attempts | No erp entry (in the erp source or in others) with the same 
=== 04:16:40
rule 17 | active | 1 attempts | The invoice's issuer_nif, normalised (uppercase, no spaces/h
rule 18 | active | 1 attempts | The invoice's iban, normalised (uppercase, no spaces), must 
rule 19 | active | 1 attempts | The invoice's purchase_order, normalised (uppercase, no spac
rule 20 | active | 1 attempts | The orders row for the invoice's purchase_order must have or
rule 21 | active | 1 attempts | The invoice's total must match the orders.total_amount of th
rule 22 | active | 1 attempts | The invoice's vat_amount must match base * vat_rate / 100 wi
rule 23 | active | 1 attempts | The invoice's total must match base + vat_amount within ±0.0
rule 24 | active | 1 attempts | The invoice's date must be a valid calendar date: it must pa
rule 25 | active | 1 attempts | The invoice's date must not be later than parameters.cut_off
rule 26 | active | 1 attempts | The erp entry for the invoice's purchase_order (erp.purchase
rule 27 | active | 1 attempts | No erp entry (in the erp source or in others) with the same 
=== 04:16:50
rule 17 | active | 1 attempts | The invoice's issuer_nif, normalised (uppercase, no spaces/h
rule 18 | active | 1 attempts | The invoice's iban, normalised (uppercase, no spaces), must 
rule 19 | active | 1 attempts | The invoice's purchase_order, normalised (uppercase, no spac
rule 20 | active | 1 attempts | The orders row for the invoice's purchase_order must have or
rule 21 | active | 1 attempts | The invoice's total must match the orders.total_amount of th
rule 22 | active | 1 attempts | The invoice's vat_amount must match base * vat_rate / 100 wi
rule 23 | active | 1 attempts | The invoice's total must match base + vat_amount within ±0.0
rule 24 | active | 1 attempts | The invoice's date must be a valid calendar date: it must pa
rule 25 | active | 1 attempts | The invoice's date must not be later than parameters.cut_off
rule 26 | active | 1 attempts | The erp entry for the invoice's purchase_order (erp.purchase
rule 27 | active | 1 attempts | No erp entry (in the erp source or in others) with the same 
=== 04:17:00
rule 17 | active | 1 attempts | The invoice's issuer_nif, normalised (uppercase, no spaces/h
rule 18 | active | 1 attempts | The invoice's iban, normalised (uppercase, no spaces), must 
rule 19 | active | 1 attempts | The invoice's purchase_order, normalised (uppercase, no spac
rule 20 | active | 1 attempts | The orders row for the invoice's purchase_order must have or
rule 21 | active | 1 attempts | The invoice's total must match the orders.total_amount of th
rule 22 | active | 1 attempts | The invoice's vat_amount must match base * vat_rate / 100 wi
rule 23 | active | 1 attempts | The invoice's total must match base + vat_amount within ±0.0
rule 24 | active | 1 attempts | The invoice's date must be a valid calendar date: it must pa
rule 25 | active | 1 attempts | The invoice's date must not be later than parameters.cut_off
rule 26 | active | 1 attempts | The erp entry for the invoice's purchase_order (erp.purchase
rule 27 | active | 1 attempts | No erp entry (in the erp source or in others) with the same 
=== 04:17:10
rule 17 | active | 1 attempts | The invoice's issuer_nif, normalised (uppercase, no spaces/h
rule 18 | active | 1 attempts | The invoice's iban, normalised (uppercase, no spaces), must 
rule 19 | active | 1 attempts | The invoice's purchase_order, normalised (uppercase, no spac
rule 20 | active | 1 attempts | The orders row for the invoice's purchase_order must have or
rule 21 | active | 1 attempts | The invoice's total must match the orders.total_amount of th
rule 22 | active | 1 attempts | The invoice's vat_amount must match base * vat_rate / 100 wi
rule 23 | active | 1 attempts | The invoice's total must match base + vat_amount within ±0.0
rule 24 | active | 1 attempts | The invoice's date must be a valid calendar date: it must pa
rule 25 | active | 1 attempts | The invoice's date must not be later than parameters.cut_off
rule 26 | active | 1 attempts | The erp entry for the invoice's purchase_order (erp.purchase
rule 27 | active | 1 attempts | No erp entry (in the erp source or in others) with the same 
=== 04:17:20
rule 17 | active | 1 attempts | The invoice's issuer_nif, normalised (uppercase, no spaces/h
rule 18 | active | 1 attempts | The invoice's iban, normalised (uppercase, no spaces), must 
rule 19 | active | 1 attempts | The invoice's purchase_order, normalised (uppercase, no spac
rule 20 | active | 1 attempts | The orders row for the invoice's purchase_order must have or
rule 21 | active | 1 attempts | The invoice's total must match the orders.total_amount of th
rule 22 | active | 1 attempts | The invoice's vat_amount must match base * vat_rate / 100 wi
rule 23 | active | 1 attempts | The invoice's total must match base + vat_amount within ±0.0
rule 24 | active | 1 attempts | The invoice's date must be a valid calendar date: it must pa
rule 25 | active | 1 attempts | The invoice's date must not be later than parameters.cut_off
rule 26 | active | 1 attempts | The erp entry for the invoice's purchase_order (erp.purchase
rule 27 | active | 1 attempts | No erp entry (in the erp source or in others) with the same 
=== 04:17:31
rule 17 | active | 1 attempts | The invoice's issuer_nif, normalised (uppercase, no spaces/h
rule 18 | active | 1 attempts | The invoice's iban, normalised (uppercase, no spaces), must 
rule 19 | active | 1 attempts | The invoice's purchase_order, normalised (uppercase, no spac
rule 20 | active | 1 attempts | The orders row for the invoice's purchase_order must have or
rule 21 | active | 1 attempts | The invoice's total must match the orders.total_amount of th
rule 22 | active | 1 attempts | The invoice's vat_amount must match base * vat_rate / 100 wi
rule 23 | active | 1 attempts | The invoice's total must match base + vat_amount within ±0.0
rule 24 | active | 1 attempts | The invoice's date must be a valid calendar date: it must pa
rule 25 | active | 1 attempts | The invoice's date must not be later than parameters.cut_off
rule 26 | active | 1 attempts | The erp entry for the invoice's purchase_order (erp.purchase
rule 27 | active | 1 attempts | No erp entry (in the erp source or in others) with the same 
=== 04:17:41
rule 17 | active | 1 attempts | The invoice's issuer_nif, normalised (uppercase, no spaces/h
rule 18 | active | 1 attempts | The invoice's iban, normalised (uppercase, no spaces), must 
rule 19 | active | 1 attempts | The invoice's purchase_order, normalised (uppercase, no spac
rule 20 | active | 1 attempts | The orders row for the invoice's purchase_order must have or
rule 21 | active | 1 attempts | The invoice's total must match the orders.total_amount of th
rule 22 | active | 1 attempts | The invoice's vat_amount must match base * vat_rate / 100 wi
rule 23 | active | 1 attempts | The invoice's total must match base + vat_amount within ±0.0
rule 24 | active | 1 attempts | The invoice's date must be a valid calendar date: it must pa
rule 25 | active | 1 attempts | The invoice's date must not be later than parameters.cut_off
rule 26 | active | 1 attempts | The erp entry for the invoice's purchase_order (erp.purchase
rule 27 | active | 1 attempts | No erp entry (in the erp source or in others) with the same 
=== 04:17:51
rule 17 | active | 1 attempts | The invoice's issuer_nif, normalised (uppercase, no spaces/h
rule 18 | active | 1 attempts | The invoice's iban, normalised (uppercase, no spaces), must 
rule 19 | active | 1 attempts | The invoice's purchase_order, normalised (uppercase, no spac
rule 20 | active | 1 attempts | The orders row for the invoice's purchase_order must have or
rule 21 | active | 1 attempts | The invoice's total must match the orders.total_amount of th
rule 22 | active | 1 attempts | The invoice's vat_amount must match base * vat_rate / 100 wi
rule 23 | active | 1 attempts | The invoice's total must match base + vat_amount within ±0.0
rule 24 | active | 1 attempts | The invoice's date must be a valid calendar date: it must pa
rule 25 | active | 1 attempts | The invoice's date must not be later than parameters.cut_off
rule 26 | active | 1 attempts | The erp entry for the invoice's purchase_order (erp.purchase
rule 27 | active | 1 attempts | No erp entry (in the erp source or in others) with the same 
=== 04:18:01
rule 17 | active | 1 attempts | The invoice's issuer_nif, normalised (uppercase, no spaces/h
rule 18 | active | 1 attempts | The invoice's iban, normalised (uppercase, no spaces), must 
rule 19 | active | 1 attempts | The invoice's purchase_order, normalised (uppercase, no spac
rule 20 | active | 1 attempts | The orders row for the invoice's purchase_order must have or
rule 21 | active | 1 attempts | The invoice's total must match the orders.total_amount of th
rule 22 | active | 1 attempts | The invoice's vat_amount must match base * vat_rate / 100 wi
rule 23 | active | 1 attempts | The invoice's total must match base + vat_amount within ±0.0
rule 24 | active | 1 attempts | The invoice's date must be a valid calendar date: it must pa
rule 25 | active | 1 attempts | The invoice's date must not be later than parameters.cut_off
rule 26 | active | 1 attempts | The erp entry for the invoice's purchase_order (erp.purchase
rule 27 | active | 1 attempts | No erp entry (in the erp source or in others) with the same 
=== 04:18:11
rule 17 | active | 1 attempts | The invoice's issuer_nif, normalised (uppercase, no spaces/h
rule 18 | active | 1 attempts | The invoice's iban, normalised (uppercase, no spaces), must 
rule 19 | active | 1 attempts | The invoice's purchase_order, normalised (uppercase, no spac
rule 20 | active | 1 attempts | The orders row for the invoice's purchase_order must have or
rule 21 | active | 1 attempts | The invoice's total must match the orders.total_amount of th
rule 22 | active | 1 attempts | The invoice's vat_amount must match base * vat_rate / 100 wi
rule 23 | active | 1 attempts | The invoice's total must match base + vat_amount within ±0.0
rule 24 | active | 1 attempts | The invoice's date must be a valid calendar date: it must pa
rule 25 | active | 1 attempts | The invoice's date must not be later than parameters.cut_off
rule 26 | active | 1 attempts | The erp entry for the invoice's purchase_order (erp.purchase
rule 27 | active | 1 attempts | No erp entry (in the erp source or in others) with the same 
=== 04:18:21
rule 17 | active | 1 attempts | The invoice's issuer_nif, normalised (uppercase, no spaces/h
rule 18 | active | 1 attempts | The invoice's iban, normalised (uppercase, no spaces), must 
rule 19 | active | 1 attempts | The invoice's purchase_order, normalised (uppercase, no spac
rule 20 | active | 1 attempts | The orders row for the invoice's purchase_order must have or
rule 21 | active | 1 attempts | The invoice's total must match the orders.total_amount of th
rule 22 | active | 1 attempts | The invoice's vat_amount must match base * vat_rate / 100 wi
rule 23 | active | 1 attempts | The invoice's total must match base + vat_amount within ±0.0
rule 24 | active | 1 attempts | The invoice's date must be a valid calendar date: it must pa
rule 25 | active | 1 attempts | The invoice's date must not be later than parameters.cut_off
rule 26 | active | 1 attempts | The erp entry for the invoice's purchase_order (erp.purchase
rule 27 | active | 1 attempts | No erp entry (in the erp source or in others) with the same 
=== 04:18:32
rule 17 | active | 1 attempts | The invoice's issuer_nif, normalised (uppercase, no spaces/h
rule 18 | active | 1 attempts | The invoice's iban, normalised (uppercase, no spaces), must 
rule 19 | active | 1 attempts | The invoice's purchase_order, normalised (uppercase, no spac
rule 20 | active | 1 attempts | The orders row for the invoice's purchase_order must have or
rule 21 | active | 1 attempts | The invoice's total must match the orders.total_amount of th
rule 22 | active | 1 attempts | The invoice's vat_amount must match base * vat_rate / 100 wi
rule 23 | active | 1 attempts | The invoice's total must match base + vat_amount within ±0.0
rule 24 | active | 1 attempts | The invoice's date must be a valid calendar date: it must pa
rule 25 | active | 1 attempts | The invoice's date must not be later than parameters.cut_off
rule 26 | active | 1 attempts | The erp entry for the invoice's purchase_order (erp.purchase
rule 27 | active | 1 attempts | No erp entry (in the erp source or in others) with the same 
=== 04:18:42
rule 17 | active | 1 attempts | The invoice's issuer_nif, normalised (uppercase, no spaces/h
rule 18 | active | 1 attempts | The invoice's iban, normalised (uppercase, no spaces), must 
rule 19 | active | 1 attempts | The invoice's purchase_order, normalised (uppercase, no spac
rule 20 | active | 1 attempts | The orders row for the invoice's purchase_order must have or
rule 21 | active | 1 attempts | The invoice's total must match the orders.total_amount of th
rule 22 | active | 1 attempts | The invoice's vat_amount must match base * vat_rate / 100 wi
rule 23 | active | 1 attempts | The invoice's total must match base + vat_amount within ±0.0
rule 24 | active | 1 attempts | The invoice's date must be a valid calendar date: it must pa
rule 25 | active | 1 attempts | The invoice's date must not be later than parameters.cut_off
rule 26 | active | 1 attempts | The erp entry for the invoice's purchase_order (erp.purchase
rule 27 | active | 1 attempts | No erp entry (in the erp source or in others) with the same 
=== 04:18:52
rule 17 | active | 1 attempts | The invoice's issuer_nif, normalised (uppercase, no spaces/h
rule 18 | active | 1 attempts | The invoice's iban, normalised (uppercase, no spaces), must 
rule 19 | active | 1 attempts | The invoice's purchase_order, normalised (uppercase, no spac
rule 20 | active | 1 attempts | The orders row for the invoice's purchase_order must have or
rule 21 | active | 1 attempts | The invoice's total must match the orders.total_amount of th
rule 22 | active | 1 attempts | The invoice's vat_amount must match base * vat_rate / 100 wi
rule 23 | active | 1 attempts | The invoice's total must match base + vat_amount within ±0.0
rule 24 | active | 1 attempts | The invoice's date must be a valid calendar date: it must pa
rule 25 | active | 1 attempts | The invoice's date must not be later than parameters.cut_off
rule 26 | active | 1 attempts | The erp entry for the invoice's purchase_order (erp.purchase
rule 27 | active | 1 attempts | No erp entry (in the erp source or in others) with the same 
=== 04:19:02
rule 17 | active | 1 attempts | The invoice's issuer_nif, normalised (uppercase, no spaces/h
rule 18 | active | 1 attempts | The invoice's iban, normalised (uppercase, no spaces), must 
rule 19 | active | 1 attempts | The invoice's purchase_order, normalised (uppercase, no spac
rule 20 | active | 1 attempts | The orders row for the invoice's purchase_order must have or
rule 21 | active | 1 attempts | The invoice's total must match the orders.total_amount of th
rule 22 | active | 1 attempts | The invoice's vat_amount must match base * vat_rate / 100 wi
rule 23 | active | 1 attempts | The invoice's total must match base + vat_amount within ±0.0
rule 24 | active | 1 attempts | The invoice's date must be a valid calendar date: it must pa
rule 25 | active | 1 attempts | The invoice's date must not be later than parameters.cut_off
rule 26 | active | 1 attempts | The erp entry for the invoice's purchase_order (erp.purchase
rule 27 | active | 1 attempts | No erp entry (in the erp source or in others) with the same 
=== 04:19:12
rule 17 | active | 1 attempts | The invoice's issuer_nif, normalised (uppercase, no spaces/h
rule 18 | active | 1 attempts | The invoice's iban, normalised (uppercase, no spaces), must 
rule 19 | active | 1 attempts | The invoice's purchase_order, normalised (uppercase, no spac
rule 20 | active | 1 attempts | The orders row for the invoice's purchase_order must have or
rule 21 | active | 1 attempts | The invoice's total must match the orders.total_amount of th
rule 22 | active | 1 attempts | The invoice's vat_amount must match base * vat_rate / 100 wi
rule 23 | active | 1 attempts | The invoice's total must match base + vat_amount within ±0.0
rule 24 | active | 1 attempts | The invoice's date must be a valid calendar date: it must pa
rule 25 | active | 1 attempts | The invoice's date must not be later than parameters.cut_off
rule 26 | active | 1 attempts | The erp entry for the invoice's purchase_order (erp.purchase
rule 27 | active | 1 attempts | No erp entry (in the erp source or in others) with the same 
=== 04:19:22
rule 17 | active | 1 attempts | The invoice's issuer_nif, normalised (uppercase, no spaces/h
rule 18 | active | 1 attempts | The invoice's iban, normalised (uppercase, no spaces), must 
rule 19 | active | 1 attempts | The invoice's purchase_order, normalised (uppercase, no spac
rule 20 | active | 1 attempts | The orders row for the invoice's purchase_order must have or
rule 21 | active | 1 attempts | The invoice's total must match the orders.total_amount of th
rule 22 | active | 1 attempts | The invoice's vat_amount must match base * vat_rate / 100 wi
rule 23 | active | 1 attempts | The invoice's total must match base + vat_amount within ±0.0
rule 24 | active | 1 attempts | The invoice's date must be a valid calendar date: it must pa
rule 25 | active | 1 attempts | The invoice's date must not be later than parameters.cut_off
rule 26 | active | 1 attempts | The erp entry for the invoice's purchase_order (erp.purchase
rule 27 | active | 1 attempts | No erp entry (in the erp source or in others) with the same 
=== 04:19:33
rule 17 | active | 1 attempts | The invoice's issuer_nif, normalised (uppercase, no spaces/h
rule 18 | active | 1 attempts | The invoice's iban, normalised (uppercase, no spaces), must 
rule 19 | active | 1 attempts | The invoice's purchase_order, normalised (uppercase, no spac
rule 20 | active | 1 attempts | The orders row for the invoice's purchase_order must have or
rule 21 | active | 1 attempts | The invoice's total must match the orders.total_amount of th
rule 22 | active | 1 attempts | The invoice's vat_amount must match base * vat_rate / 100 wi
rule 23 | active | 1 attempts | The invoice's total must match base + vat_amount within ±0.0
rule 24 | active | 1 attempts | The invoice's date must be a valid calendar date: it must pa
rule 25 | active | 1 attempts | The invoice's date must not be later than parameters.cut_off
rule 26 | active | 1 attempts | The erp entry for the invoice's purchase_order (erp.purchase
rule 27 | active | 1 attempts | No erp entry (in the erp source or in others) with the same 
=== 04:19:43
rule 17 | active | 1 attempts | The invoice's issuer_nif, normalised (uppercase, no spaces/h
rule 18 | active | 1 attempts | The invoice's iban, normalised (uppercase, no spaces), must 
rule 19 | active | 1 attempts | The invoice's purchase_order, normalised (uppercase, no spac
rule 20 | active | 1 attempts | The orders row for the invoice's purchase_order must have or
rule 21 | active | 1 attempts | The invoice's total must match the orders.total_amount of th
rule 22 | active | 1 attempts | The invoice's vat_amount must match base * vat_rate / 100 wi
rule 23 | active | 1 attempts | The invoice's total must match base + vat_amount within ±0.0
rule 24 | active | 1 attempts | The invoice's date must be a valid calendar date: it must pa
rule 25 | active | 1 attempts | The invoice's date must not be later than parameters.cut_off
rule 26 | active | 1 attempts | The erp entry for the invoice's purchase_order (erp.purchase
rule 27 | active | 1 attempts | No erp entry (in the erp source or in others) with the same 
=== 04:19:53
rule 17 | active | 1 attempts | The invoice's issuer_nif, normalised (uppercase, no spaces/h
rule 18 | active | 1 attempts | The invoice's iban, normalised (uppercase, no spaces), must 
rule 19 | active | 1 attempts | The invoice's purchase_order, normalised (uppercase, no spac
rule 20 | active | 1 attempts | The orders row for the invoice's purchase_order must have or
rule 21 | active | 1 attempts | The invoice's total must match the orders.total_amount of th
rule 22 | active | 1 attempts | The invoice's vat_amount must match base * vat_rate / 100 wi
rule 23 | active | 1 attempts | The invoice's total must match base + vat_amount within ±0.0
rule 24 | active | 1 attempts | The invoice's date must be a valid calendar date: it must pa
rule 25 | active | 1 attempts | The invoice's date must not be later than parameters.cut_off
rule 26 | active | 1 attempts | The erp entry for the invoice's purchase_order (erp.purchase
rule 27 | active | 1 attempts | No erp entry (in the erp source or in others) with the same 
=== 04:20:03
rule 17 | active | 1 attempts | The invoice's issuer_nif, normalised (uppercase, no spaces/h
rule 18 | active | 1 attempts | The invoice's iban, normalised (uppercase, no spaces), must 
rule 19 | active | 1 attempts | The invoice's purchase_order, normalised (uppercase, no spac
rule 20 | active | 1 attempts | The orders row for the invoice's purchase_order must have or
rule 21 | active | 1 attempts | The invoice's total must match the orders.total_amount of th
rule 22 | active | 1 attempts | The invoice's vat_amount must match base * vat_rate / 100 wi
rule 23 | active | 1 attempts | The invoice's total must match base + vat_amount within ±0.0
rule 24 | active | 1 attempts | The invoice's date must be a valid calendar date: it must pa
rule 25 | active | 1 attempts | The invoice's date must not be later than parameters.cut_off
rule 26 | active | 1 attempts | The erp entry for the invoice's purchase_order (erp.purchase
rule 27 | active | 1 attempts | No erp entry (in the erp source or in others) with the same 
=== 04:20:13
rule 17 | active | 1 attempts | The invoice's issuer_nif, normalised (uppercase, no spaces/h
rule 18 | active | 1 attempts | The invoice's iban, normalised (uppercase, no spaces), must 
rule 19 | active | 1 attempts | The invoice's purchase_order, normalised (uppercase, no spac
rule 20 | active | 1 attempts | The orders row for the invoice's purchase_order must have or
rule 21 | active | 1 attempts | The invoice's total must match the orders.total_amount of th
rule 22 | active | 1 attempts | The invoice's vat_amount must match base * vat_rate / 100 wi
rule 23 | active | 1 attempts | The invoice's total must match base + vat_amount within ±0.0
rule 24 | active | 1 attempts | The invoice's date must be a valid calendar date: it must pa
rule 25 | active | 1 attempts | The invoice's date must not be later than parameters.cut_off
rule 26 | active | 1 attempts | The erp entry for the invoice's purchase_order (erp.purchase
rule 27 | active | 1 attempts | No erp entry (in the erp source or in others) with the same 
=== 04:20:23
rule 17 | active | 1 attempts | The invoice's issuer_nif, normalised (uppercase, no spaces/h
rule 18 | active | 1 attempts | The invoice's iban, normalised (uppercase, no spaces), must 
rule 19 | active | 1 attempts | The invoice's purchase_order, normalised (uppercase, no spac
rule 20 | active | 1 attempts | The orders row for the invoice's purchase_order must have or
rule 21 | active | 1 attempts | The invoice's total must match the orders.total_amount of th
rule 22 | active | 1 attempts | The invoice's vat_amount must match base * vat_rate / 100 wi
rule 23 | active | 1 attempts | The invoice's total must match base + vat_amount within ±0.0
rule 24 | active | 1 attempts | The invoice's date must be a valid calendar date: it must pa
rule 25 | active | 1 attempts | The invoice's date must not be later than parameters.cut_off
rule 26 | active | 1 attempts | The erp entry for the invoice's purchase_order (erp.purchase
rule 27 | active | 1 attempts | No erp entry (in the erp source or in others) with the same 
=== 04:20:34
rule 17 | active | 1 attempts | The invoice's issuer_nif, normalised (uppercase, no spaces/h
rule 18 | active | 1 attempts | The invoice's iban, normalised (uppercase, no spaces), must 
rule 19 | active | 1 attempts | The invoice's purchase_order, normalised (uppercase, no spac
rule 20 | active | 1 attempts | The orders row for the invoice's purchase_order must have or
rule 21 | active | 1 attempts | The invoice's total must match the orders.total_amount of th
rule 22 | active | 1 attempts | The invoice's vat_amount must match base * vat_rate / 100 wi
rule 23 | active | 1 attempts | The invoice's total must match base + vat_amount within ±0.0
rule 24 | active | 1 attempts | The invoice's date must be a valid calendar date: it must pa
rule 25 | active | 1 attempts | The invoice's date must not be later than parameters.cut_off
rule 26 | active | 1 attempts | The erp entry for the invoice's purchase_order (erp.purchase
rule 27 | active | 1 attempts | No erp entry (in the erp source or in others) with the same 
=== 04:20:44
rule 17 | active | 1 attempts | The invoice's issuer_nif, normalised (uppercase, no spaces/h
rule 18 | active | 1 attempts | The invoice's iban, normalised (uppercase, no spaces), must 
rule 19 | active | 1 attempts | The invoice's purchase_order, normalised (uppercase, no spac
rule 20 | active | 1 attempts | The orders row for the invoice's purchase_order must have or
rule 21 | active | 1 attempts | The invoice's total must match the orders.total_amount of th
rule 22 | active | 1 attempts | The invoice's vat_amount must match base * vat_rate / 100 wi
rule 23 | active | 1 attempts | The invoice's total must match base + vat_amount within ±0.0
rule 24 | active | 1 attempts | The invoice's date must be a valid calendar date: it must pa
rule 25 | active | 1 attempts | The invoice's date must not be later than parameters.cut_off
rule 26 | active | 1 attempts | The erp entry for the invoice's purchase_order (erp.purchase
rule 27 | active | 1 attempts | No erp entry (in the erp source or in others) with the same 
=== 04:20:54
rule 17 | active | 1 attempts | The invoice's issuer_nif, normalised (uppercase, no spaces/h
rule 18 | active | 1 attempts | The invoice's iban, normalised (uppercase, no spaces), must 
rule 19 | active | 1 attempts | The invoice's purchase_order, normalised (uppercase, no spac
rule 20 | active | 1 attempts | The orders row for the invoice's purchase_order must have or
rule 21 | active | 1 attempts | The invoice's total must match the orders.total_amount of th
rule 22 | active | 1 attempts | The invoice's vat_amount must match base * vat_rate / 100 wi
rule 23 | active | 1 attempts | The invoice's total must match base + vat_amount within ±0.0
rule 24 | active | 1 attempts | The invoice's date must be a valid calendar date: it must pa
rule 25 | active | 1 attempts | The invoice's date must not be later than parameters.cut_off
rule 26 | active | 1 attempts | The erp entry for the invoice's purchase_order (erp.purchase
rule 27 | active | 1 attempts | No erp entry (in the erp source or in others) with the same 
=== 04:21:04
rule 17 | active | 1 attempts | The invoice's issuer_nif, normalised (uppercase, no spaces/h
rule 18 | active | 1 attempts | The invoice's iban, normalised (uppercase, no spaces), must 
rule 19 | active | 1 attempts | The invoice's purchase_order, normalised (uppercase, no spac
rule 20 | active | 1 attempts | The orders row for the invoice's purchase_order must have or
rule 21 | active | 1 attempts | The invoice's total must match the orders.total_amount of th
rule 22 | active | 1 attempts | The invoice's vat_amount must match base * vat_rate / 100 wi
rule 23 | active | 1 attempts | The invoice's total must match base + vat_amount within ±0.0
rule 24 | active | 1 attempts | The invoice's date must be a valid calendar date: it must pa
rule 25 | active | 1 attempts | The invoice's date must not be later than parameters.cut_off
rule 26 | active | 1 attempts | The erp entry for the invoice's purchase_order (erp.purchase
rule 27 | active | 1 attempts | No erp entry (in the erp source or in others) with the same 
=== 04:21:14
rule 17 | active | 1 attempts | The invoice's issuer_nif, normalised (uppercase, no spaces/h
rule 18 | active | 1 attempts | The invoice's iban, normalised (uppercase, no spaces), must 
rule 19 | active | 1 attempts | The invoice's purchase_order, normalised (uppercase, no spac
rule 20 | active | 1 attempts | The orders row for the invoice's purchase_order must have or
rule 21 | active | 1 attempts | The invoice's total must match the orders.total_amount of th
rule 22 | active | 1 attempts | The invoice's vat_amount must match base * vat_rate / 100 wi
rule 23 | active | 1 attempts | The invoice's total must match base + vat_amount within ±0.0
rule 24 | active | 1 attempts | The invoice's date must be a valid calendar date: it must pa
rule 25 | active | 1 attempts | The invoice's date must not be later than parameters.cut_off
rule 26 | active | 1 attempts | The erp entry for the invoice's purchase_order (erp.purchase
rule 27 | active | 1 attempts | No erp entry (in the erp source or in others) with the same 
=== 04:21:24
rule 17 | active | 1 attempts | The invoice's issuer_nif, normalised (uppercase, no spaces/h
rule 18 | active | 1 attempts | The invoice's iban, normalised (uppercase, no spaces), must 
rule 19 | active | 1 attempts | The invoice's purchase_order, normalised (uppercase, no spac
rule 20 | active | 1 attempts | The orders row for the invoice's purchase_order must have or
rule 21 | active | 1 attempts | The invoice's total must match the orders.total_amount of th
rule 22 | active | 1 attempts | The invoice's vat_amount must match base * vat_rate / 100 wi
rule 23 | active | 1 attempts | The invoice's total must match base + vat_amount within ±0.0
rule 24 | active | 1 attempts | The invoice's date must be a valid calendar date: it must pa
rule 25 | active | 1 attempts | The invoice's date must not be later than parameters.cut_off
rule 26 | active | 1 attempts | The erp entry for the invoice's purchase_order (erp.purchase
rule 27 | active | 1 attempts | No erp entry (in the erp source or in others) with the same 
=== 04:21:35
rule 17 | active | 1 attempts | The invoice's issuer_nif, normalised (uppercase, no spaces/h
rule 18 | active | 1 attempts | The invoice's iban, normalised (uppercase, no spaces), must 
rule 19 | active | 1 attempts | The invoice's purchase_order, normalised (uppercase, no spac
rule 20 | active | 1 attempts | The orders row for the invoice's purchase_order must have or
rule 21 | active | 1 attempts | The invoice's total must match the orders.total_amount of th
rule 22 | active | 1 attempts | The invoice's vat_amount must match base * vat_rate / 100 wi
rule 23 | active | 1 attempts | The invoice's total must match base + vat_amount within ±0.0
rule 24 | active | 1 attempts | The invoice's date must be a valid calendar date: it must pa
rule 25 | active | 1 attempts | The invoice's date must not be later than parameters.cut_off
rule 26 | active | 1 attempts | The erp entry for the invoice's purchase_order (erp.purchase
rule 27 | active | 1 attempts | No erp entry (in the erp source or in others) with the same 
=== 04:21:45
rule 17 | active | 1 attempts | The invoice's issuer_nif, normalised (uppercase, no spaces/h
rule 18 | active | 1 attempts | The invoice's iban, normalised (uppercase, no spaces), must 
rule 19 | active | 1 attempts | The invoice's purchase_order, normalised (uppercase, no spac
rule 20 | active | 1 attempts | The orders row for the invoice's purchase_order must have or
rule 21 | active | 1 attempts | The invoice's total must match the orders.total_amount of th
rule 22 | active | 1 attempts | The invoice's vat_amount must match base * vat_rate / 100 wi
rule 23 | active | 1 attempts | The invoice's total must match base + vat_amount within ±0.0
rule 24 | active | 1 attempts | The invoice's date must be a valid calendar date: it must pa
rule 25 | active | 1 attempts | The invoice's date must not be later than parameters.cut_off
rule 26 | active | 1 attempts | The erp entry for the invoice's purchase_order (erp.purchase
rule 27 | active | 1 attempts | No erp entry (in the erp source or in others) with the same 
=== 04:21:55
rule 17 | active | 1 attempts | The invoice's issuer_nif, normalised (uppercase, no spaces/h
rule 18 | active | 1 attempts | The invoice's iban, normalised (uppercase, no spaces), must 
rule 19 | active | 1 attempts | The invoice's purchase_order, normalised (uppercase, no spac
rule 20 | active | 1 attempts | The orders row for the invoice's purchase_order must have or
rule 21 | active | 1 attempts | The invoice's total must match the orders.total_amount of th
rule 22 | active | 1 attempts | The invoice's vat_amount must match base * vat_rate / 100 wi
rule 23 | active | 1 attempts | The invoice's total must match base + vat_amount within ±0.0
rule 24 | active | 1 attempts | The invoice's date must be a valid calendar date: it must pa
rule 25 | active | 1 attempts | The invoice's date must not be later than parameters.cut_off
rule 26 | active | 1 attempts | The erp entry for the invoice's purchase_order (erp.purchase
rule 27 | active | 1 attempts | No erp entry (in the erp source or in others) with the same 
=== 04:22:05
rule 17 | active | 1 attempts | The invoice's issuer_nif, normalised (uppercase, no spaces/h
rule 18 | active | 1 attempts | The invoice's iban, normalised (uppercase, no spaces), must 
rule 19 | active | 1 attempts | The invoice's purchase_order, normalised (uppercase, no spac
rule 20 | active | 1 attempts | The orders row for the invoice's purchase_order must have or
rule 21 | active | 1 attempts | The invoice's total must match the orders.total_amount of th
rule 22 | active | 1 attempts | The invoice's vat_amount must match base * vat_rate / 100 wi
rule 23 | active | 1 attempts | The invoice's total must match base + vat_amount within ±0.0
rule 24 | active | 1 attempts | The invoice's date must be a valid calendar date: it must pa
rule 25 | active | 1 attempts | The invoice's date must not be later than parameters.cut_off
rule 26 | active | 1 attempts | The erp entry for the invoice's purchase_order (erp.purchase
rule 27 | active | 1 attempts | No erp entry (in the erp source or in others) with the same 
=== 04:22:15
rule 17 | active | 1 attempts | The invoice's issuer_nif, normalised (uppercase, no spaces/h
rule 18 | active | 1 attempts | The invoice's iban, normalised (uppercase, no spaces), must 
rule 19 | active | 1 attempts | The invoice's purchase_order, normalised (uppercase, no spac
rule 20 | active | 1 attempts | The orders row for the invoice's purchase_order must have or
rule 21 | active | 1 attempts | The invoice's total must match the orders.total_amount of th
rule 22 | active | 1 attempts | The invoice's vat_amount must match base * vat_rate / 100 wi
rule 23 | active | 1 attempts | The invoice's total must match base + vat_amount within ±0.0
rule 24 | active | 1 attempts | The invoice's date must be a valid calendar date: it must pa
rule 25 | active | 1 attempts | The invoice's date must not be later than parameters.cut_off
rule 26 | active | 1 attempts | The erp entry for the invoice's purchase_order (erp.purchase
rule 27 | active | 1 attempts | No erp entry (in the erp source or in others) with the same 
=== 04:22:25
rule 17 | active | 1 attempts | The invoice's issuer_nif, normalised (uppercase, no spaces/h
rule 18 | active | 1 attempts | The invoice's iban, normalised (uppercase, no spaces), must 
rule 19 | active | 1 attempts | The invoice's purchase_order, normalised (uppercase, no spac
rule 20 | active | 1 attempts | The orders row for the invoice's purchase_order must have or
rule 21 | active | 1 attempts | The invoice's total must match the orders.total_amount of th
rule 22 | active | 1 attempts | The invoice's vat_amount must match base * vat_rate / 100 wi
rule 23 | active | 1 attempts | The invoice's total must match base + vat_amount within ±0.0
rule 24 | active | 1 attempts | The invoice's date must be a valid calendar date: it must pa
rule 25 | active | 1 attempts | The invoice's date must not be later than parameters.cut_off
rule 26 | active | 1 attempts | The erp entry for the invoice's purchase_order (erp.purchase
rule 27 | active | 1 attempts | No erp entry (in the erp source or in others) with the same 
=== 04:22:36
rule 17 | active | 1 attempts | The invoice's issuer_nif, normalised (uppercase, no spaces/h
rule 18 | active | 1 attempts | The invoice's iban, normalised (uppercase, no spaces), must 
rule 19 | active | 1 attempts | The invoice's purchase_order, normalised (uppercase, no spac
rule 20 | active | 1 attempts | The orders row for the invoice's purchase_order must have or
rule 21 | active | 1 attempts | The invoice's total must match the orders.total_amount of th
rule 22 | active | 1 attempts | The invoice's vat_amount must match base * vat_rate / 100 wi
rule 23 | active | 1 attempts | The invoice's total must match base + vat_amount within ±0.0
rule 24 | active | 1 attempts | The invoice's date must be a valid calendar date: it must pa
rule 25 | active | 1 attempts | The invoice's date must not be later than parameters.cut_off
rule 26 | active | 1 attempts | The erp entry for the invoice's purchase_order (erp.purchase
rule 27 | active | 1 attempts | No erp entry (in the erp source or in others) with the same 
=== 04:22:46
rule 17 | active | 1 attempts | The invoice's issuer_nif, normalised (uppercase, no spaces/h
rule 18 | active | 1 attempts | The invoice's iban, normalised (uppercase, no spaces), must 
rule 19 | active | 1 attempts | The invoice's purchase_order, normalised (uppercase, no spac
rule 20 | active | 1 attempts | The orders row for the invoice's purchase_order must have or
rule 21 | active | 1 attempts | The invoice's total must match the orders.total_amount of th
rule 22 | active | 1 attempts | The invoice's vat_amount must match base * vat_rate / 100 wi
rule 23 | active | 1 attempts | The invoice's total must match base + vat_amount within ±0.0
rule 24 | active | 1 attempts | The invoice's date must be a valid calendar date: it must pa
rule 25 | active | 1 attempts | The invoice's date must not be later than parameters.cut_off
rule 26 | active | 1 attempts | The erp entry for the invoice's purchase_order (erp.purchase
rule 27 | active | 1 attempts | No erp entry (in the erp source or in others) with the same 
=== 04:22:56
rule 17 | active | 1 attempts | The invoice's issuer_nif, normalised (uppercase, no spaces/h
rule 18 | active | 1 attempts | The invoice's iban, normalised (uppercase, no spaces), must 
rule 19 | active | 1 attempts | The invoice's purchase_order, normalised (uppercase, no spac
rule 20 | active | 1 attempts | The orders row for the invoice's purchase_order must have or
rule 21 | active | 1 attempts | The invoice's total must match the orders.total_amount of th
rule 22 | active | 1 attempts | The invoice's vat_amount must match base * vat_rate / 100 wi
rule 23 | active | 1 attempts | The invoice's total must match base + vat_amount within ±0.0
rule 24 | active | 1 attempts | The invoice's date must be a valid calendar date: it must pa
rule 25 | active | 1 attempts | The invoice's date must not be later than parameters.cut_off
rule 26 | active | 1 attempts | The erp entry for the invoice's purchase_order (erp.purchase
rule 27 | active | 1 attempts | No erp entry (in the erp source or in others) with the same 
=== 04:23:06
rule 17 | active | 1 attempts | The invoice's issuer_nif, normalised (uppercase, no spaces/h
rule 18 | active | 1 attempts | The invoice's iban, normalised (uppercase, no spaces), must 
rule 19 | active | 1 attempts | The invoice's purchase_order, normalised (uppercase, no spac
rule 20 | active | 1 attempts | The orders row for the invoice's purchase_order must have or
rule 21 | active | 1 attempts | The invoice's total must match the orders.total_amount of th
rule 22 | active | 1 attempts | The invoice's vat_amount must match base * vat_rate / 100 wi
rule 23 | active | 1 attempts | The invoice's total must match base + vat_amount within ±0.0
rule 24 | active | 1 attempts | The invoice's date must be a valid calendar date: it must pa
rule 25 | active | 1 attempts | The invoice's date must not be later than parameters.cut_off
rule 26 | active | 1 attempts | The erp entry for the invoice's purchase_order (erp.purchase
rule 27 | active | 1 attempts | No erp entry (in the erp source or in others) with the same 
=== 04:23:16
rule 17 | active | 1 attempts | The invoice's issuer_nif, normalised (uppercase, no spaces/h
rule 18 | active | 1 attempts | The invoice's iban, normalised (uppercase, no spaces), must 
rule 19 | active | 1 attempts | The invoice's purchase_order, normalised (uppercase, no spac
rule 20 | active | 1 attempts | The orders row for the invoice's purchase_order must have or
rule 21 | active | 1 attempts | The invoice's total must match the orders.total_amount of th
rule 22 | active | 1 attempts | The invoice's vat_amount must match base * vat_rate / 100 wi
rule 23 | active | 1 attempts | The invoice's total must match base + vat_amount within ±0.0
rule 24 | active | 1 attempts | The invoice's date must be a valid calendar date: it must pa
rule 25 | active | 1 attempts | The invoice's date must not be later than parameters.cut_off
rule 26 | active | 1 attempts | The erp entry for the invoice's purchase_order (erp.purchase
rule 27 | active | 1 attempts | No erp entry (in the erp source or in others) with the same 
=== 04:23:26
rule 17 | active | 1 attempts | The invoice's issuer_nif, normalised (uppercase, no spaces/h
rule 18 | active | 1 attempts | The invoice's iban, normalised (uppercase, no spaces), must 
rule 19 | active | 1 attempts | The invoice's purchase_order, normalised (uppercase, no spac
rule 20 | active | 1 attempts | The orders row for the invoice's purchase_order must have or
rule 21 | active | 1 attempts | The invoice's total must match the orders.total_amount of th
rule 22 | active | 1 attempts | The invoice's vat_amount must match base * vat_rate / 100 wi
rule 23 | active | 1 attempts | The invoice's total must match base + vat_amount within ±0.0
rule 24 | active | 1 attempts | The invoice's date must be a valid calendar date: it must pa
rule 25 | active | 1 attempts | The invoice's date must not be later than parameters.cut_off
rule 26 | active | 1 attempts | The erp entry for the invoice's purchase_order (erp.purchase
rule 27 | active | 1 attempts | No erp entry (in the erp source or in others) with the same 
=== 04:23:37
rule 17 | active | 1 attempts | The invoice's issuer_nif, normalised (uppercase, no spaces/h
rule 18 | active | 1 attempts | The invoice's iban, normalised (uppercase, no spaces), must 
rule 19 | active | 1 attempts | The invoice's purchase_order, normalised (uppercase, no spac
rule 20 | active | 1 attempts | The orders row for the invoice's purchase_order must have or
rule 21 | active | 1 attempts | The invoice's total must match the orders.total_amount of th
rule 22 | active | 1 attempts | The invoice's vat_amount must match base * vat_rate / 100 wi
rule 23 | active | 1 attempts | The invoice's total must match base + vat_amount within ±0.0
rule 24 | active | 1 attempts | The invoice's date must be a valid calendar date: it must pa
rule 25 | active | 1 attempts | The invoice's date must not be later than parameters.cut_off
rule 26 | active | 1 attempts | The erp entry for the invoice's purchase_order (erp.purchase
rule 27 | active | 1 attempts | No erp entry (in the erp source or in others) with the same 
=== 04:23:47
rule 17 | active | 1 attempts | The invoice's issuer_nif, normalised (uppercase, no spaces/h
rule 18 | active | 1 attempts | The invoice's iban, normalised (uppercase, no spaces), must 
rule 19 | active | 1 attempts | The invoice's purchase_order, normalised (uppercase, no spac
rule 20 | active | 1 attempts | The orders row for the invoice's purchase_order must have or
rule 21 | active | 1 attempts | The invoice's total must match the orders.total_amount of th
rule 22 | active | 1 attempts | The invoice's vat_amount must match base * vat_rate / 100 wi
rule 23 | active | 1 attempts | The invoice's total must match base + vat_amount within ±0.0
rule 24 | active | 1 attempts | The invoice's date must be a valid calendar date: it must pa
rule 25 | active | 1 attempts | The invoice's date must not be later than parameters.cut_off
rule 26 | active | 1 attempts | The erp entry for the invoice's purchase_order (erp.purchase
rule 27 | active | 1 attempts | No erp entry (in the erp source or in others) with the same 
=== 04:23:57
rule 17 | active | 1 attempts | The invoice's issuer_nif, normalised (uppercase, no spaces/h
rule 18 | active | 1 attempts | The invoice's iban, normalised (uppercase, no spaces), must 
rule 19 | active | 1 attempts | The invoice's purchase_order, normalised (uppercase, no spac
rule 20 | active | 1 attempts | The orders row for the invoice's purchase_order must have or
rule 21 | active | 1 attempts | The invoice's total must match the orders.total_amount of th
rule 22 | active | 1 attempts | The invoice's vat_amount must match base * vat_rate / 100 wi
rule 23 | active | 1 attempts | The invoice's total must match base + vat_amount within ±0.0
rule 24 | active | 1 attempts | The invoice's date must be a valid calendar date: it must pa
rule 25 | active | 1 attempts | The invoice's date must not be later than parameters.cut_off
rule 26 | active | 1 attempts | The erp entry for the invoice's purchase_order (erp.purchase
rule 27 | active | 1 attempts | No erp entry (in the erp source or in others) with the same 
=== 04:24:07
rule 17 | active | 1 attempts | The invoice's issuer_nif, normalised (uppercase, no spaces/h
rule 18 | active | 1 attempts | The invoice's iban, normalised (uppercase, no spaces), must 
rule 19 | active | 1 attempts | The invoice's purchase_order, normalised (uppercase, no spac
rule 20 | active | 1 attempts | The orders row for the invoice's purchase_order must have or
rule 21 | active | 1 attempts | The invoice's total must match the orders.total_amount of th
rule 22 | active | 1 attempts | The invoice's vat_amount must match base * vat_rate / 100 wi
rule 23 | active | 1 attempts | The invoice's total must match base + vat_amount within ±0.0
rule 24 | active | 1 attempts | The invoice's date must be a valid calendar date: it must pa
rule 25 | active | 1 attempts | The invoice's date must not be later than parameters.cut_off
rule 26 | active | 1 attempts | The erp entry for the invoice's purchase_order (erp.purchase
rule 27 | active | 1 attempts | No erp entry (in the erp source or in others) with the same 
=== 04:24:17
rule 17 | active | 1 attempts | The invoice's issuer_nif, normalised (uppercase, no spaces/h
rule 18 | active | 1 attempts | The invoice's iban, normalised (uppercase, no spaces), must 
rule 19 | active | 1 attempts | The invoice's purchase_order, normalised (uppercase, no spac
rule 20 | active | 1 attempts | The orders row for the invoice's purchase_order must have or
rule 21 | active | 1 attempts | The invoice's total must match the orders.total_amount of th
rule 22 | active | 1 attempts | The invoice's vat_amount must match base * vat_rate / 100 wi
rule 23 | active | 1 attempts | The invoice's total must match base + vat_amount within ±0.0
rule 24 | active | 1 attempts | The invoice's date must be a valid calendar date: it must pa
rule 25 | active | 1 attempts | The invoice's date must not be later than parameters.cut_off
rule 26 | active | 1 attempts | The erp entry for the invoice's purchase_order (erp.purchase
rule 27 | active | 1 attempts | No erp entry (in the erp source or in others) with the same 
=== 04:24:27
rule 17 | active | 1 attempts | The invoice's issuer_nif, normalised (uppercase, no spaces/h
rule 18 | active | 1 attempts | The invoice's iban, normalised (uppercase, no spaces), must 
rule 19 | active | 1 attempts | The invoice's purchase_order, normalised (uppercase, no spac
rule 20 | active | 1 attempts | The orders row for the invoice's purchase_order must have or
rule 21 | active | 1 attempts | The invoice's total must match the orders.total_amount of th
rule 22 | active | 1 attempts | The invoice's vat_amount must match base * vat_rate / 100 wi
rule 23 | active | 1 attempts | The invoice's total must match base + vat_amount within ±0.0
rule 24 | active | 1 attempts | The invoice's date must be a valid calendar date: it must pa
rule 25 | active | 1 attempts | The invoice's date must not be later than parameters.cut_off
rule 26 | active | 1 attempts | The erp entry for the invoice's purchase_order (erp.purchase
rule 27 | active | 1 attempts | No erp entry (in the erp source or in others) with the same 
=== 04:24:38
rule 17 | active | 1 attempts | The invoice's issuer_nif, normalised (uppercase, no spaces/h
rule 18 | active | 1 attempts | The invoice's iban, normalised (uppercase, no spaces), must 
rule 19 | active | 1 attempts | The invoice's purchase_order, normalised (uppercase, no spac
rule 20 | active | 1 attempts | The orders row for the invoice's purchase_order must have or
rule 21 | active | 1 attempts | The invoice's total must match the orders.total_amount of th
rule 22 | active | 1 attempts | The invoice's vat_amount must match base * vat_rate / 100 wi
rule 23 | active | 1 attempts | The invoice's total must match base + vat_amount within ±0.0
rule 24 | active | 1 attempts | The invoice's date must be a valid calendar date: it must pa
rule 25 | active | 1 attempts | The invoice's date must not be later than parameters.cut_off
rule 26 | active | 1 attempts | The erp entry for the invoice's purchase_order (erp.purchase
rule 27 | active | 1 attempts | No erp entry (in the erp source or in others) with the same 
=== 04:24:48
rule 17 | active | 1 attempts | The invoice's issuer_nif, normalised (uppercase, no spaces/h
rule 18 | active | 1 attempts | The invoice's iban, normalised (uppercase, no spaces), must 
rule 19 | active | 1 attempts | The invoice's purchase_order, normalised (uppercase, no spac
rule 20 | active | 1 attempts | The orders row for the invoice's purchase_order must have or
rule 21 | active | 1 attempts | The invoice's total must match the orders.total_amount of th
rule 22 | active | 1 attempts | The invoice's vat_amount must match base * vat_rate / 100 wi
rule 23 | active | 1 attempts | The invoice's total must match base + vat_amount within ±0.0
rule 24 | active | 1 attempts | The invoice's date must be a valid calendar date: it must pa
rule 25 | active | 1 attempts | The invoice's date must not be later than parameters.cut_off
rule 26 | active | 1 attempts | The erp entry for the invoice's purchase_order (erp.purchase
rule 27 | active | 1 attempts | No erp entry (in the erp source or in others) with the same 
=== 04:24:58
rule 17 | active | 1 attempts | The invoice's issuer_nif, normalised (uppercase, no spaces/h
rule 18 | active | 1 attempts | The invoice's iban, normalised (uppercase, no spaces), must 
rule 19 | active | 1 attempts | The invoice's purchase_order, normalised (uppercase, no spac
rule 20 | active | 1 attempts | The orders row for the invoice's purchase_order must have or
rule 21 | active | 1 attempts | The invoice's total must match the orders.total_amount of th
rule 22 | active | 1 attempts | The invoice's vat_amount must match base * vat_rate / 100 wi
rule 23 | active | 1 attempts | The invoice's total must match base + vat_amount within ±0.0
rule 24 | active | 1 attempts | The invoice's date must be a valid calendar date: it must pa
rule 25 | active | 1 attempts | The invoice's date must not be later than parameters.cut_off
rule 26 | active | 1 attempts | The erp entry for the invoice's purchase_order (erp.purchase
rule 27 | active | 1 attempts | No erp entry (in the erp source or in others) with the same 
=== 04:25:08
rule 17 | active | 1 attempts | The invoice's issuer_nif, normalised (uppercase, no spaces/h
rule 18 | active | 1 attempts | The invoice's iban, normalised (uppercase, no spaces), must 
rule 19 | active | 1 attempts | The invoice's purchase_order, normalised (uppercase, no spac
rule 20 | active | 1 attempts | The orders row for the invoice's purchase_order must have or
rule 21 | active | 1 attempts | The invoice's total must match the orders.total_amount of th
rule 22 | active | 1 attempts | The invoice's vat_amount must match base * vat_rate / 100 wi
rule 23 | active | 1 attempts | The invoice's total must match base + vat_amount within ±0.0
rule 24 | active | 1 attempts | The invoice's date must be a valid calendar date: it must pa
rule 25 | active | 1 attempts | The invoice's date must not be later than parameters.cut_off
rule 26 | active | 1 attempts | The erp entry for the invoice's purchase_order (erp.purchase
rule 27 | active | 1 attempts | No erp entry (in the erp source or in others) with the same 
=== 04:25:18
rule 17 | active | 1 attempts | The invoice's issuer_nif, normalised (uppercase, no spaces/h
rule 18 | active | 1 attempts | The invoice's iban, normalised (uppercase, no spaces), must 
rule 19 | active | 1 attempts | The invoice's purchase_order, normalised (uppercase, no spac
rule 20 | active | 1 attempts | The orders row for the invoice's purchase_order must have or
rule 21 | active | 1 attempts | The invoice's total must match the orders.total_amount of th
rule 22 | active | 1 attempts | The invoice's vat_amount must match base * vat_rate / 100 wi
rule 23 | active | 1 attempts | The invoice's total must match base + vat_amount within ±0.0
rule 24 | active | 1 attempts | The invoice's date must be a valid calendar date: it must pa
rule 25 | active | 1 attempts | The invoice's date must not be later than parameters.cut_off
rule 26 | active | 1 attempts | The erp entry for the invoice's purchase_order (erp.purchase
rule 27 | active | 1 attempts | No erp entry (in the erp source or in others) with the same 
=== 04:25:28
rule 17 | active | 1 attempts | The invoice's issuer_nif, normalised (uppercase, no spaces/h
rule 18 | active | 1 attempts | The invoice's iban, normalised (uppercase, no spaces), must 
rule 19 | active | 1 attempts | The invoice's purchase_order, normalised (uppercase, no spac
rule 20 | active | 1 attempts | The orders row for the invoice's purchase_order must have or
rule 21 | active | 1 attempts | The invoice's total must match the orders.total_amount of th
rule 22 | active | 1 attempts | The invoice's vat_amount must match base * vat_rate / 100 wi
rule 23 | active | 1 attempts | The invoice's total must match base + vat_amount within ±0.0
rule 24 | active | 1 attempts | The invoice's date must be a valid calendar date: it must pa
rule 25 | active | 1 attempts | The invoice's date must not be later than parameters.cut_off
rule 26 | active | 1 attempts | The erp entry for the invoice's purchase_order (erp.purchase
rule 27 | active | 1 attempts | No erp entry (in the erp source or in others) with the same 
=== 04:25:39
rule 17 | active | 1 attempts | The invoice's issuer_nif, normalised (uppercase, no spaces/h
rule 18 | active | 1 attempts | The invoice's iban, normalised (uppercase, no spaces), must 
rule 19 | active | 1 attempts | The invoice's purchase_order, normalised (uppercase, no spac
rule 20 | active | 1 attempts | The orders row for the invoice's purchase_order must have or
rule 21 | active | 1 attempts | The invoice's total must match the orders.total_amount of th
rule 22 | active | 1 attempts | The invoice's vat_amount must match base * vat_rate / 100 wi
rule 23 | active | 1 attempts | The invoice's total must match base + vat_amount within ±0.0
rule 24 | active | 1 attempts | The invoice's date must be a valid calendar date: it must pa
rule 25 | active | 1 attempts | The invoice's date must not be later than parameters.cut_off
rule 26 | active | 1 attempts | The erp entry for the invoice's purchase_order (erp.purchase
rule 27 | active | 1 attempts | No erp entry (in the erp source or in others) with the same 
=== 04:25:49
rule 17 | active | 1 attempts | The invoice's issuer_nif, normalised (uppercase, no spaces/h
rule 18 | active | 1 attempts | The invoice's iban, normalised (uppercase, no spaces), must 
rule 19 | active | 1 attempts | The invoice's purchase_order, normalised (uppercase, no spac
rule 20 | active | 1 attempts | The orders row for the invoice's purchase_order must have or
rule 21 | active | 1 attempts | The invoice's total must match the orders.total_amount of th
rule 22 | active | 1 attempts | The invoice's vat_amount must match base * vat_rate / 100 wi
rule 23 | active | 1 attempts | The invoice's total must match base + vat_amount within ±0.0
rule 24 | active | 1 attempts | The invoice's date must be a valid calendar date: it must pa
rule 25 | active | 1 attempts | The invoice's date must not be later than parameters.cut_off
rule 26 | active | 1 attempts | The erp entry for the invoice's purchase_order (erp.purchase
rule 27 | active | 1 attempts | No erp entry (in the erp source or in others) with the same 
=== 04:25:59
rule 17 | active | 1 attempts | The invoice's issuer_nif, normalised (uppercase, no spaces/h
rule 18 | active | 1 attempts | The invoice's iban, normalised (uppercase, no spaces), must 
rule 19 | active | 1 attempts | The invoice's purchase_order, normalised (uppercase, no spac
rule 20 | active | 1 attempts | The orders row for the invoice's purchase_order must have or
rule 21 | active | 1 attempts | The invoice's total must match the orders.total_amount of th
rule 22 | active | 1 attempts | The invoice's vat_amount must match base * vat_rate / 100 wi
rule 23 | active | 1 attempts | The invoice's total must match base + vat_amount within ±0.0
rule 24 | active | 1 attempts | The invoice's date must be a valid calendar date: it must pa
rule 25 | active | 1 attempts | The invoice's date must not be later than parameters.cut_off
rule 26 | active | 1 attempts | The erp entry for the invoice's purchase_order (erp.purchase
rule 27 | active | 1 attempts | No erp entry (in the erp source or in others) with the same 
=== 04:26:09
rule 17 | active | 1 attempts | The invoice's issuer_nif, normalised (uppercase, no spaces/h
rule 18 | active | 1 attempts | The invoice's iban, normalised (uppercase, no spaces), must 
rule 19 | active | 1 attempts | The invoice's purchase_order, normalised (uppercase, no spac
rule 20 | active | 1 attempts | The orders row for the invoice's purchase_order must have or
rule 21 | active | 1 attempts | The invoice's total must match the orders.total_amount of th
rule 22 | active | 1 attempts | The invoice's vat_amount must match base * vat_rate / 100 wi
rule 23 | active | 1 attempts | The invoice's total must match base + vat_amount within ±0.0
rule 24 | active | 1 attempts | The invoice's date must be a valid calendar date: it must pa
rule 25 | active | 1 attempts | The invoice's date must not be later than parameters.cut_off
rule 26 | active | 1 attempts | The erp entry for the invoice's purchase_order (erp.purchase
rule 27 | active | 1 attempts | No erp entry (in the erp source or in others) with the same 
=== 04:26:19
rule 17 | active | 1 attempts | The invoice's issuer_nif, normalised (uppercase, no spaces/h
rule 18 | active | 1 attempts | The invoice's iban, normalised (uppercase, no spaces), must 
rule 19 | active | 1 attempts | The invoice's purchase_order, normalised (uppercase, no spac
rule 20 | active | 1 attempts | The orders row for the invoice's purchase_order must have or
rule 21 | active | 1 attempts | The invoice's total must match the orders.total_amount of th
rule 22 | active | 1 attempts | The invoice's vat_amount must match base * vat_rate / 100 wi
rule 23 | active | 1 attempts | The invoice's total must match base + vat_amount within ±0.0
rule 24 | active | 1 attempts | The invoice's date must be a valid calendar date: it must pa
rule 25 | active | 1 attempts | The invoice's date must not be later than parameters.cut_off
rule 26 | active | 1 attempts | The erp entry for the invoice's purchase_order (erp.purchase
rule 27 | active | 1 attempts | No erp entry (in the erp source or in others) with the same 
=== 04:26:30
rule 17 | active | 1 attempts | The invoice's issuer_nif, normalised (uppercase, no spaces/h
rule 18 | active | 1 attempts | The invoice's iban, normalised (uppercase, no spaces), must 
rule 19 | active | 1 attempts | The invoice's purchase_order, normalised (uppercase, no spac
rule 20 | active | 1 attempts | The orders row for the invoice's purchase_order must have or
rule 21 | active | 1 attempts | The invoice's total must match the orders.total_amount of th
rule 22 | active | 1 attempts | The invoice's vat_amount must match base * vat_rate / 100 wi
rule 23 | active | 1 attempts | The invoice's total must match base + vat_amount within ±0.0
rule 24 | active | 1 attempts | The invoice's date must be a valid calendar date: it must pa
rule 25 | active | 1 attempts | The invoice's date must not be later than parameters.cut_off
rule 26 | active | 1 attempts | The erp entry for the invoice's purchase_order (erp.purchase
rule 27 | active | 1 attempts | No erp entry (in the erp source or in others) with the same 
=== 04:26:40
rule 17 | active | 1 attempts | The invoice's issuer_nif, normalised (uppercase, no spaces/h
rule 18 | active | 1 attempts | The invoice's iban, normalised (uppercase, no spaces), must 
rule 19 | active | 1 attempts | The invoice's purchase_order, normalised (uppercase, no spac
rule 20 | active | 1 attempts | The orders row for the invoice's purchase_order must have or
rule 21 | active | 1 attempts | The invoice's total must match the orders.total_amount of th
rule 22 | active | 1 attempts | The invoice's vat_amount must match base * vat_rate / 100 wi
rule 23 | active | 1 attempts | The invoice's total must match base + vat_amount within ±0.0
rule 24 | active | 1 attempts | The invoice's date must be a valid calendar date: it must pa
rule 25 | active | 1 attempts | The invoice's date must not be later than parameters.cut_off
rule 26 | active | 1 attempts | The erp entry for the invoice's purchase_order (erp.purchase
rule 27 | active | 1 attempts | No erp entry (in the erp source or in others) with the same 
=== 04:26:50
rule 17 | active | 1 attempts | The invoice's issuer_nif, normalised (uppercase, no spaces/h
rule 18 | active | 1 attempts | The invoice's iban, normalised (uppercase, no spaces), must 
rule 19 | active | 1 attempts | The invoice's purchase_order, normalised (uppercase, no spac
rule 20 | active | 1 attempts | The orders row for the invoice's purchase_order must have or
rule 21 | active | 1 attempts | The invoice's total must match the orders.total_amount of th
rule 22 | active | 1 attempts | The invoice's vat_amount must match base * vat_rate / 100 wi
rule 23 | active | 1 attempts | The invoice's total must match base + vat_amount within ±0.0
rule 24 | active | 1 attempts | The invoice's date must be a valid calendar date: it must pa
rule 25 | active | 1 attempts | The invoice's date must not be later than parameters.cut_off
rule 26 | active | 1 attempts | The erp entry for the invoice's purchase_order (erp.purchase
rule 27 | active | 1 attempts | No erp entry (in the erp source or in others) with the same 
=== 04:27:00
rule 17 | active | 1 attempts | The invoice's issuer_nif, normalised (uppercase, no spaces/h
rule 18 | active | 1 attempts | The invoice's iban, normalised (uppercase, no spaces), must 
rule 19 | active | 1 attempts | The invoice's purchase_order, normalised (uppercase, no spac
rule 20 | active | 1 attempts | The orders row for the invoice's purchase_order must have or
rule 21 | active | 1 attempts | The invoice's total must match the orders.total_amount of th
rule 22 | active | 1 attempts | The invoice's vat_amount must match base * vat_rate / 100 wi
rule 23 | active | 1 attempts | The invoice's total must match base + vat_amount within ±0.0
rule 24 | active | 1 attempts | The invoice's date must be a valid calendar date: it must pa
rule 25 | active | 1 attempts | The invoice's date must not be later than parameters.cut_off
rule 26 | active | 1 attempts | The erp entry for the invoice's purchase_order (erp.purchase
rule 27 | active | 1 attempts | No erp entry (in the erp source or in others) with the same 
=== 04:27:10
rule 17 | active | 1 attempts | The invoice's issuer_nif, normalised (uppercase, no spaces/h
rule 18 | active | 1 attempts | The invoice's iban, normalised (uppercase, no spaces), must 
rule 19 | active | 1 attempts | The invoice's purchase_order, normalised (uppercase, no spac
rule 20 | active | 1 attempts | The orders row for the invoice's purchase_order must have or
rule 21 | active | 1 attempts | The invoice's total must match the orders.total_amount of th
rule 22 | active | 1 attempts | The invoice's vat_amount must match base * vat_rate / 100 wi
rule 23 | active | 1 attempts | The invoice's total must match base + vat_amount within ±0.0
rule 24 | active | 1 attempts | The invoice's date must be a valid calendar date: it must pa
rule 25 | active | 1 attempts | The invoice's date must not be later than parameters.cut_off
rule 26 | active | 1 attempts | The erp entry for the invoice's purchase_order (erp.purchase
rule 27 | active | 1 attempts | No erp entry (in the erp source or in others) with the same 
=== 04:27:20
rule 17 | active | 1 attempts | The invoice's issuer_nif, normalised (uppercase, no spaces/h
rule 18 | active | 1 attempts | The invoice's iban, normalised (uppercase, no spaces), must 
rule 19 | active | 1 attempts | The invoice's purchase_order, normalised (uppercase, no spac
rule 20 | active | 1 attempts | The orders row for the invoice's purchase_order must have or
rule 21 | active | 1 attempts | The invoice's total must match the orders.total_amount of th
rule 22 | active | 1 attempts | The invoice's vat_amount must match base * vat_rate / 100 wi
rule 23 | active | 1 attempts | The invoice's total must match base + vat_amount within ±0.0
rule 24 | active | 1 attempts | The invoice's date must be a valid calendar date: it must pa
rule 25 | active | 1 attempts | The invoice's date must not be later than parameters.cut_off
rule 26 | active | 1 attempts | The erp entry for the invoice's purchase_order (erp.purchase
rule 27 | active | 1 attempts | No erp entry (in the erp source or in others) with the same 
=== 04:27:31
rule 17 | active | 1 attempts | The invoice's issuer_nif, normalised (uppercase, no spaces/h
rule 18 | active | 1 attempts | The invoice's iban, normalised (uppercase, no spaces), must 
rule 19 | active | 1 attempts | The invoice's purchase_order, normalised (uppercase, no spac
rule 20 | active | 1 attempts | The orders row for the invoice's purchase_order must have or
rule 21 | active | 1 attempts | The invoice's total must match the orders.total_amount of th
rule 22 | active | 1 attempts | The invoice's vat_amount must match base * vat_rate / 100 wi
rule 23 | active | 1 attempts | The invoice's total must match base + vat_amount within ±0.0
rule 24 | active | 1 attempts | The invoice's date must be a valid calendar date: it must pa
rule 25 | active | 1 attempts | The invoice's date must not be later than parameters.cut_off
rule 26 | active | 1 attempts | The erp entry for the invoice's purchase_order (erp.purchase
rule 27 | active | 1 attempts | No erp entry (in the erp source or in others) with the same 
=== 04:27:41
rule 17 | active | 1 attempts | The invoice's issuer_nif, normalised (uppercase, no spaces/h
rule 18 | active | 1 attempts | The invoice's iban, normalised (uppercase, no spaces), must 
rule 19 | active | 1 attempts | The invoice's purchase_order, normalised (uppercase, no spac
rule 20 | active | 1 attempts | The orders row for the invoice's purchase_order must have or
rule 21 | active | 1 attempts | The invoice's total must match the orders.total_amount of th
rule 22 | active | 1 attempts | The invoice's vat_amount must match base * vat_rate / 100 wi
rule 23 | active | 1 attempts | The invoice's total must match base + vat_amount within ±0.0
rule 24 | active | 1 attempts | The invoice's date must be a valid calendar date: it must pa
rule 25 | active | 1 attempts | The invoice's date must not be later than parameters.cut_off
rule 26 | active | 1 attempts | The erp entry for the invoice's purchase_order (erp.purchase
rule 27 | active | 1 attempts | No erp entry (in the erp source or in others) with the same 
=== 04:27:51
rule 17 | active | 1 attempts | The invoice's issuer_nif, normalised (uppercase, no spaces/h
rule 18 | active | 1 attempts | The invoice's iban, normalised (uppercase, no spaces), must 
rule 19 | active | 1 attempts | The invoice's purchase_order, normalised (uppercase, no spac
rule 20 | active | 1 attempts | The orders row for the invoice's purchase_order must have or
rule 21 | active | 1 attempts | The invoice's total must match the orders.total_amount of th
rule 22 | active | 1 attempts | The invoice's vat_amount must match base * vat_rate / 100 wi
rule 23 | active | 1 attempts | The invoice's total must match base + vat_amount within ±0.0
rule 24 | active | 1 attempts | The invoice's date must be a valid calendar date: it must pa
rule 25 | active | 1 attempts | The invoice's date must not be later than parameters.cut_off
rule 26 | active | 1 attempts | The erp entry for the invoice's purchase_order (erp.purchase
rule 27 | active | 1 attempts | No erp entry (in the erp source or in others) with the same 
=== 04:28:01
rule 17 | active | 1 attempts | The invoice's issuer_nif, normalised (uppercase, no spaces/h
rule 18 | active | 1 attempts | The invoice's iban, normalised (uppercase, no spaces), must 
rule 19 | active | 1 attempts | The invoice's purchase_order, normalised (uppercase, no spac
rule 20 | active | 1 attempts | The orders row for the invoice's purchase_order must have or
rule 21 | active | 1 attempts | The invoice's total must match the orders.total_amount of th
rule 22 | active | 1 attempts | The invoice's vat_amount must match base * vat_rate / 100 wi
rule 23 | active | 1 attempts | The invoice's total must match base + vat_amount within ±0.0
rule 24 | active | 1 attempts | The invoice's date must be a valid calendar date: it must pa
rule 25 | active | 1 attempts | The invoice's date must not be later than parameters.cut_off
rule 26 | active | 1 attempts | The erp entry for the invoice's purchase_order (erp.purchase
rule 27 | active | 1 attempts | No erp entry (in the erp source or in others) with the same 
=== 04:28:11
rule 17 | active | 1 attempts | The invoice's issuer_nif, normalised (uppercase, no spaces/h
rule 18 | active | 1 attempts | The invoice's iban, normalised (uppercase, no spaces), must 
rule 19 | active | 1 attempts | The invoice's purchase_order, normalised (uppercase, no spac
rule 20 | active | 1 attempts | The orders row for the invoice's purchase_order must have or
rule 21 | active | 1 attempts | The invoice's total must match the orders.total_amount of th
rule 22 | active | 1 attempts | The invoice's vat_amount must match base * vat_rate / 100 wi
rule 23 | active | 1 attempts | The invoice's total must match base + vat_amount within ±0.0
rule 24 | active | 1 attempts | The invoice's date must be a valid calendar date: it must pa
rule 25 | active | 1 attempts | The invoice's date must not be later than parameters.cut_off
rule 26 | active | 1 attempts | The erp entry for the invoice's purchase_order (erp.purchase
rule 27 | active | 1 attempts | No erp entry (in the erp source or in others) with the same 
=== 04:28:21
rule 17 | active | 1 attempts | The invoice's issuer_nif, normalised (uppercase, no spaces/h
rule 18 | active | 1 attempts | The invoice's iban, normalised (uppercase, no spaces), must 
rule 19 | active | 1 attempts | The invoice's purchase_order, normalised (uppercase, no spac
rule 20 | active | 1 attempts | The orders row for the invoice's purchase_order must have or
rule 21 | active | 1 attempts | The invoice's total must match the orders.total_amount of th
rule 22 | active | 1 attempts | The invoice's vat_amount must match base * vat_rate / 100 wi
rule 23 | active | 1 attempts | The invoice's total must match base + vat_amount within ±0.0
rule 24 | active | 1 attempts | The invoice's date must be a valid calendar date: it must pa
rule 25 | active | 1 attempts | The invoice's date must not be later than parameters.cut_off
rule 26 | active | 1 attempts | The erp entry for the invoice's purchase_order (erp.purchase
rule 27 | active | 1 attempts | No erp entry (in the erp source or in others) with the same 
=== 04:28:32
rule 17 | active | 1 attempts | The invoice's issuer_nif, normalised (uppercase, no spaces/h
rule 18 | active | 1 attempts | The invoice's iban, normalised (uppercase, no spaces), must 
rule 19 | active | 1 attempts | The invoice's purchase_order, normalised (uppercase, no spac
rule 20 | active | 1 attempts | The orders row for the invoice's purchase_order must have or
rule 21 | active | 1 attempts | The invoice's total must match the orders.total_amount of th
rule 22 | active | 1 attempts | The invoice's vat_amount must match base * vat_rate / 100 wi
rule 23 | active | 1 attempts | The invoice's total must match base + vat_amount within ±0.0
rule 24 | active | 1 attempts | The invoice's date must be a valid calendar date: it must pa
rule 25 | active | 1 attempts | The invoice's date must not be later than parameters.cut_off
rule 26 | active | 1 attempts | The erp entry for the invoice's purchase_order (erp.purchase
rule 27 | active | 1 attempts | No erp entry (in the erp source or in others) with the same 
=== 04:28:42
rule 17 | active | 1 attempts | The invoice's issuer_nif, normalised (uppercase, no spaces/h
rule 18 | active | 1 attempts | The invoice's iban, normalised (uppercase, no spaces), must 
rule 19 | active | 1 attempts | The invoice's purchase_order, normalised (uppercase, no spac
rule 20 | active | 1 attempts | The orders row for the invoice's purchase_order must have or
rule 21 | active | 1 attempts | The invoice's total must match the orders.total_amount of th
rule 22 | active | 1 attempts | The invoice's vat_amount must match base * vat_rate / 100 wi
rule 23 | active | 1 attempts | The invoice's total must match base + vat_amount within ±0.0
rule 24 | active | 1 attempts | The invoice's date must be a valid calendar date: it must pa
rule 25 | active | 1 attempts | The invoice's date must not be later than parameters.cut_off
rule 26 | active | 1 attempts | The erp entry for the invoice's purchase_order (erp.purchase
rule 27 | active | 1 attempts | No erp entry (in the erp source or in others) with the same 
=== 04:28:52
rule 17 | active | 1 attempts | The invoice's issuer_nif, normalised (uppercase, no spaces/h
rule 18 | active | 1 attempts | The invoice's iban, normalised (uppercase, no spaces), must 
rule 19 | active | 1 attempts | The invoice's purchase_order, normalised (uppercase, no spac
rule 20 | active | 1 attempts | The orders row for the invoice's purchase_order must have or
rule 21 | active | 1 attempts | The invoice's total must match the orders.total_amount of th
rule 22 | active | 1 attempts | The invoice's vat_amount must match base * vat_rate / 100 wi
rule 23 | active | 1 attempts | The invoice's total must match base + vat_amount within ±0.0
rule 24 | active | 1 attempts | The invoice's date must be a valid calendar date: it must pa
rule 25 | active | 1 attempts | The invoice's date must not be later than parameters.cut_off
rule 26 | active | 1 attempts | The erp entry for the invoice's purchase_order (erp.purchase
rule 27 | active | 1 attempts | No erp entry (in the erp source or in others) with the same 
=== 04:29:02
rule 17 | active | 1 attempts | The invoice's issuer_nif, normalised (uppercase, no spaces/h
rule 18 | active | 1 attempts | The invoice's iban, normalised (uppercase, no spaces), must 
rule 19 | active | 1 attempts | The invoice's purchase_order, normalised (uppercase, no spac
rule 20 | active | 1 attempts | The orders row for the invoice's purchase_order must have or
rule 21 | active | 1 attempts | The invoice's total must match the orders.total_amount of th
rule 22 | active | 1 attempts | The invoice's vat_amount must match base * vat_rate / 100 wi
rule 23 | active | 1 attempts | The invoice's total must match base + vat_amount within ±0.0
rule 24 | active | 1 attempts | The invoice's date must be a valid calendar date: it must pa
rule 25 | active | 1 attempts | The invoice's date must not be later than parameters.cut_off
rule 26 | active | 1 attempts | The erp entry for the invoice's purchase_order (erp.purchase
rule 27 | active | 1 attempts | No erp entry (in the erp source or in others) with the same 
=== 04:29:12
rule 17 | active | 1 attempts | The invoice's issuer_nif, normalised (uppercase, no spaces/h
rule 18 | active | 1 attempts | The invoice's iban, normalised (uppercase, no spaces), must 
rule 19 | active | 1 attempts | The invoice's purchase_order, normalised (uppercase, no spac
rule 20 | active | 1 attempts | The orders row for the invoice's purchase_order must have or
rule 21 | active | 1 attempts | The invoice's total must match the orders.total_amount of th
rule 22 | active | 1 attempts | The invoice's vat_amount must match base * vat_rate / 100 wi
rule 23 | active | 1 attempts | The invoice's total must match base + vat_amount within ±0.0
rule 24 | active | 1 attempts | The invoice's date must be a valid calendar date: it must pa
rule 25 | active | 1 attempts | The invoice's date must not be later than parameters.cut_off
rule 26 | active | 1 attempts | The erp entry for the invoice's purchase_order (erp.purchase
rule 27 | active | 1 attempts | No erp entry (in the erp source or in others) with the same 
=== 04:29:22
rule 17 | active | 1 attempts | The invoice's issuer_nif, normalised (uppercase, no spaces/h
rule 18 | active | 1 attempts | The invoice's iban, normalised (uppercase, no spaces), must 
rule 19 | active | 1 attempts | The invoice's purchase_order, normalised (uppercase, no spac
rule 20 | active | 1 attempts | The orders row for the invoice's purchase_order must have or
rule 21 | active | 1 attempts | The invoice's total must match the orders.total_amount of th
rule 22 | active | 1 attempts | The invoice's vat_amount must match base * vat_rate / 100 wi
rule 23 | active | 1 attempts | The invoice's total must match base + vat_amount within ±0.0
rule 24 | active | 1 attempts | The invoice's date must be a valid calendar date: it must pa
rule 25 | active | 1 attempts | The invoice's date must not be later than parameters.cut_off
rule 26 | active | 1 attempts | The erp entry for the invoice's purchase_order (erp.purchase
rule 27 | active | 1 attempts | No erp entry (in the erp source or in others) with the same 
=== 04:29:33
rule 17 | active | 1 attempts | The invoice's issuer_nif, normalised (uppercase, no spaces/h
rule 18 | active | 1 attempts | The invoice's iban, normalised (uppercase, no spaces), must 
rule 19 | active | 1 attempts | The invoice's purchase_order, normalised (uppercase, no spac
rule 20 | active | 1 attempts | The orders row for the invoice's purchase_order must have or
rule 21 | active | 1 attempts | The invoice's total must match the orders.total_amount of th
rule 22 | active | 1 attempts | The invoice's vat_amount must match base * vat_rate / 100 wi
rule 23 | active | 1 attempts | The invoice's total must match base + vat_amount within ±0.0
rule 24 | active | 1 attempts | The invoice's date must be a valid calendar date: it must pa
rule 25 | active | 1 attempts | The invoice's date must not be later than parameters.cut_off
rule 26 | active | 1 attempts | The erp entry for the invoice's purchase_order (erp.purchase
rule 27 | active | 1 attempts | No erp entry (in the erp source or in others) with the same 
=== 04:29:43
rule 17 | active | 1 attempts | The invoice's issuer_nif, normalised (uppercase, no spaces/h
rule 18 | active | 1 attempts | The invoice's iban, normalised (uppercase, no spaces), must 
rule 19 | active | 1 attempts | The invoice's purchase_order, normalised (uppercase, no spac
rule 20 | active | 1 attempts | The orders row for the invoice's purchase_order must have or
rule 21 | active | 1 attempts | The invoice's total must match the orders.total_amount of th
rule 22 | active | 1 attempts | The invoice's vat_amount must match base * vat_rate / 100 wi
rule 23 | active | 1 attempts | The invoice's total must match base + vat_amount within ±0.0
rule 24 | active | 1 attempts | The invoice's date must be a valid calendar date: it must pa
rule 25 | active | 1 attempts | The invoice's date must not be later than parameters.cut_off
rule 26 | active | 1 attempts | The erp entry for the invoice's purchase_order (erp.purchase
rule 27 | active | 1 attempts | No erp entry (in the erp source or in others) with the same 
=== 04:29:53
rule 17 | active | 1 attempts | The invoice's issuer_nif, normalised (uppercase, no spaces/h
rule 18 | active | 1 attempts | The invoice's iban, normalised (uppercase, no spaces), must 
rule 19 | active | 1 attempts | The invoice's purchase_order, normalised (uppercase, no spac
rule 20 | active | 1 attempts | The orders row for the invoice's purchase_order must have or
rule 21 | active | 1 attempts | The invoice's total must match the orders.total_amount of th
rule 22 | active | 1 attempts | The invoice's vat_amount must match base * vat_rate / 100 wi
rule 23 | active | 1 attempts | The invoice's total must match base + vat_amount within ±0.0
rule 24 | active | 1 attempts | The invoice's date must be a valid calendar date: it must pa
rule 25 | active | 1 attempts | The invoice's date must not be later than parameters.cut_off
rule 26 | active | 1 attempts | The erp entry for the invoice's purchase_order (erp.purchase
rule 27 | active | 1 attempts | No erp entry (in the erp source or in others) with the same 
=== 04:30:03
rule 17 | active | 1 attempts | The invoice's issuer_nif, normalised (uppercase, no spaces/h
rule 18 | active | 1 attempts | The invoice's iban, normalised (uppercase, no spaces), must 
rule 19 | active | 1 attempts | The invoice's purchase_order, normalised (uppercase, no spac
rule 20 | active | 1 attempts | The orders row for the invoice's purchase_order must have or
rule 21 | active | 1 attempts | The invoice's total must match the orders.total_amount of th
rule 22 | active | 1 attempts | The invoice's vat_amount must match base * vat_rate / 100 wi
rule 23 | active | 1 attempts | The invoice's total must match base + vat_amount within ±0.0
rule 24 | active | 1 attempts | The invoice's date must be a valid calendar date: it must pa
rule 25 | active | 1 attempts | The invoice's date must not be later than parameters.cut_off
rule 26 | active | 1 attempts | The erp entry for the invoice's purchase_order (erp.purchase
rule 27 | active | 1 attempts | No erp entry (in the erp source or in others) with the same 
=== 04:30:13
rule 17 | active | 1 attempts | The invoice's issuer_nif, normalised (uppercase, no spaces/h
rule 18 | active | 1 attempts | The invoice's iban, normalised (uppercase, no spaces), must 
rule 19 | active | 1 attempts | The invoice's purchase_order, normalised (uppercase, no spac
rule 20 | active | 1 attempts | The orders row for the invoice's purchase_order must have or
rule 21 | active | 1 attempts | The invoice's total must match the orders.total_amount of th
rule 22 | active | 1 attempts | The invoice's vat_amount must match base * vat_rate / 100 wi
rule 23 | active | 1 attempts | The invoice's total must match base + vat_amount within ±0.0
rule 24 | active | 1 attempts | The invoice's date must be a valid calendar date: it must pa
rule 25 | active | 1 attempts | The invoice's date must not be later than parameters.cut_off
rule 26 | active | 1 attempts | The erp entry for the invoice's purchase_order (erp.purchase
rule 27 | active | 1 attempts | No erp entry (in the erp source or in others) with the same 
=== 04:30:23
rule 17 | active | 1 attempts | The invoice's issuer_nif, normalised (uppercase, no spaces/h
rule 18 | active | 1 attempts | The invoice's iban, normalised (uppercase, no spaces), must 
rule 19 | active | 1 attempts | The invoice's purchase_order, normalised (uppercase, no spac
rule 20 | active | 1 attempts | The orders row for the invoice's purchase_order must have or
rule 21 | active | 1 attempts | The invoice's total must match the orders.total_amount of th
rule 22 | active | 1 attempts | The invoice's vat_amount must match base * vat_rate / 100 wi
rule 23 | active | 1 attempts | The invoice's total must match base + vat_amount within ±0.0
rule 24 | active | 1 attempts | The invoice's date must be a valid calendar date: it must pa
rule 25 | active | 1 attempts | The invoice's date must not be later than parameters.cut_off
rule 26 | active | 1 attempts | The erp entry for the invoice's purchase_order (erp.purchase
rule 27 | active | 1 attempts | No erp entry (in the erp source or in others) with the same 
=== 04:30:34
rule 17 | active | 1 attempts | The invoice's issuer_nif, normalised (uppercase, no spaces/h
rule 18 | active | 1 attempts | The invoice's iban, normalised (uppercase, no spaces), must 
rule 19 | active | 1 attempts | The invoice's purchase_order, normalised (uppercase, no spac
rule 20 | active | 1 attempts | The orders row for the invoice's purchase_order must have or
rule 21 | active | 1 attempts | The invoice's total must match the orders.total_amount of th
rule 22 | active | 1 attempts | The invoice's vat_amount must match base * vat_rate / 100 wi
rule 23 | active | 1 attempts | The invoice's total must match base + vat_amount within ±0.0
rule 24 | active | 1 attempts | The invoice's date must be a valid calendar date: it must pa
rule 25 | active | 1 attempts | The invoice's date must not be later than parameters.cut_off
rule 26 | active | 1 attempts | The erp entry for the invoice's purchase_order (erp.purchase
rule 27 | active | 1 attempts | No erp entry (in the erp source or in others) with the same 
=== 04:30:44
rule 17 | active | 1 attempts | The invoice's issuer_nif, normalised (uppercase, no spaces/h
rule 18 | active | 1 attempts | The invoice's iban, normalised (uppercase, no spaces), must 
rule 19 | active | 1 attempts | The invoice's purchase_order, normalised (uppercase, no spac
rule 20 | active | 1 attempts | The orders row for the invoice's purchase_order must have or
rule 21 | active | 1 attempts | The invoice's total must match the orders.total_amount of th
rule 22 | active | 1 attempts | The invoice's vat_amount must match base * vat_rate / 100 wi
rule 23 | active | 1 attempts | The invoice's total must match base + vat_amount within ±0.0
rule 24 | active | 1 attempts | The invoice's date must be a valid calendar date: it must pa
rule 25 | active | 1 attempts | The invoice's date must not be later than parameters.cut_off
rule 26 | active | 1 attempts | The erp entry for the invoice's purchase_order (erp.purchase
rule 27 | active | 1 attempts | No erp entry (in the erp source or in others) with the same 
=== 04:30:54
rule 17 | active | 1 attempts | The invoice's issuer_nif, normalised (uppercase, no spaces/h
rule 18 | active | 1 attempts | The invoice's iban, normalised (uppercase, no spaces), must 
rule 19 | active | 1 attempts | The invoice's purchase_order, normalised (uppercase, no spac
rule 20 | active | 1 attempts | The orders row for the invoice's purchase_order must have or
rule 21 | active | 1 attempts | The invoice's total must match the orders.total_amount of th
rule 22 | active | 1 attempts | The invoice's vat_amount must match base * vat_rate / 100 wi
rule 23 | active | 1 attempts | The invoice's total must match base + vat_amount within ±0.0
rule 24 | active | 1 attempts | The invoice's date must be a valid calendar date: it must pa
rule 25 | active | 1 attempts | The invoice's date must not be later than parameters.cut_off
rule 26 | active | 1 attempts | The erp entry for the invoice's purchase_order (erp.purchase
rule 27 | active | 1 attempts | No erp entry (in the erp source or in others) with the same 
=== 04:31:04
rule 17 | active | 1 attempts | The invoice's issuer_nif, normalised (uppercase, no spaces/h
rule 18 | active | 1 attempts | The invoice's iban, normalised (uppercase, no spaces), must 
rule 19 | active | 1 attempts | The invoice's purchase_order, normalised (uppercase, no spac
rule 20 | active | 1 attempts | The orders row for the invoice's purchase_order must have or
rule 21 | active | 1 attempts | The invoice's total must match the orders.total_amount of th
rule 22 | active | 1 attempts | The invoice's vat_amount must match base * vat_rate / 100 wi
rule 23 | active | 1 attempts | The invoice's total must match base + vat_amount within ±0.0
rule 24 | active | 1 attempts | The invoice's date must be a valid calendar date: it must pa
rule 25 | active | 1 attempts | The invoice's date must not be later than parameters.cut_off
rule 26 | active | 1 attempts | The erp entry for the invoice's purchase_order (erp.purchase
rule 27 | active | 1 attempts | No erp entry (in the erp source or in others) with the same 
=== 04:31:14
rule 17 | active | 1 attempts | The invoice's issuer_nif, normalised (uppercase, no spaces/h
rule 18 | active | 1 attempts | The invoice's iban, normalised (uppercase, no spaces), must 
rule 19 | active | 1 attempts | The invoice's purchase_order, normalised (uppercase, no spac
rule 20 | active | 1 attempts | The orders row for the invoice's purchase_order must have or
rule 21 | active | 1 attempts | The invoice's total must match the orders.total_amount of th
rule 22 | active | 1 attempts | The invoice's vat_amount must match base * vat_rate / 100 wi
rule 23 | active | 1 attempts | The invoice's total must match base + vat_amount within ±0.0
rule 24 | active | 1 attempts | The invoice's date must be a valid calendar date: it must pa
rule 25 | active | 1 attempts | The invoice's date must not be later than parameters.cut_off
rule 26 | active | 1 attempts | The erp entry for the invoice's purchase_order (erp.purchase
rule 27 | active | 1 attempts | No erp entry (in the erp source or in others) with the same 
=== 04:31:24
rule 17 | active | 1 attempts | The invoice's issuer_nif, normalised (uppercase, no spaces/h
rule 18 | active | 1 attempts | The invoice's iban, normalised (uppercase, no spaces), must 
rule 19 | active | 1 attempts | The invoice's purchase_order, normalised (uppercase, no spac
rule 20 | active | 1 attempts | The orders row for the invoice's purchase_order must have or
rule 21 | active | 1 attempts | The invoice's total must match the orders.total_amount of th
rule 22 | active | 1 attempts | The invoice's vat_amount must match base * vat_rate / 100 wi
rule 23 | active | 1 attempts | The invoice's total must match base + vat_amount within ±0.0
rule 24 | active | 1 attempts | The invoice's date must be a valid calendar date: it must pa
rule 25 | active | 1 attempts | The invoice's date must not be later than parameters.cut_off
rule 26 | active | 1 attempts | The erp entry for the invoice's purchase_order (erp.purchase
rule 27 | active | 1 attempts | No erp entry (in the erp source or in others) with the same 
=== 04:31:35
rule 17 | active | 1 attempts | The invoice's issuer_nif, normalised (uppercase, no spaces/h
rule 18 | active | 1 attempts | The invoice's iban, normalised (uppercase, no spaces), must 
rule 19 | active | 1 attempts | The invoice's purchase_order, normalised (uppercase, no spac
rule 20 | active | 1 attempts | The orders row for the invoice's purchase_order must have or
rule 21 | active | 1 attempts | The invoice's total must match the orders.total_amount of th
rule 22 | active | 1 attempts | The invoice's vat_amount must match base * vat_rate / 100 wi
rule 23 | active | 1 attempts | The invoice's total must match base + vat_amount within ±0.0
rule 24 | active | 1 attempts | The invoice's date must be a valid calendar date: it must pa
rule 25 | active | 1 attempts | The invoice's date must not be later than parameters.cut_off
rule 26 | active | 1 attempts | The erp entry for the invoice's purchase_order (erp.purchase
rule 27 | active | 1 attempts | No erp entry (in the erp source or in others) with the same 
=== 04:31:45
rule 17 | active | 1 attempts | The invoice's issuer_nif, normalised (uppercase, no spaces/h
rule 18 | active | 1 attempts | The invoice's iban, normalised (uppercase, no spaces), must 
rule 19 | active | 1 attempts | The invoice's purchase_order, normalised (uppercase, no spac
rule 20 | active | 1 attempts | The orders row for the invoice's purchase_order must have or
rule 21 | active | 1 attempts | The invoice's total must match the orders.total_amount of th
rule 22 | active | 1 attempts | The invoice's vat_amount must match base * vat_rate / 100 wi
rule 23 | active | 1 attempts | The invoice's total must match base + vat_amount within ±0.0
rule 24 | active | 1 attempts | The invoice's date must be a valid calendar date: it must pa
rule 25 | active | 1 attempts | The invoice's date must not be later than parameters.cut_off
rule 26 | active | 1 attempts | The erp entry for the invoice's purchase_order (erp.purchase
rule 27 | active | 1 attempts | No erp entry (in the erp source or in others) with the same 
=== 04:31:55
rule 17 | active | 1 attempts | The invoice's issuer_nif, normalised (uppercase, no spaces/h
rule 18 | active | 1 attempts | The invoice's iban, normalised (uppercase, no spaces), must 
rule 19 | active | 1 attempts | The invoice's purchase_order, normalised (uppercase, no spac
rule 20 | active | 1 attempts | The orders row for the invoice's purchase_order must have or
rule 21 | active | 1 attempts | The invoice's total must match the orders.total_amount of th
rule 22 | active | 1 attempts | The invoice's vat_amount must match base * vat_rate / 100 wi
rule 23 | active | 1 attempts | The invoice's total must match base + vat_amount within ±0.0
rule 24 | active | 1 attempts | The invoice's date must be a valid calendar date: it must pa
rule 25 | active | 1 attempts | The invoice's date must not be later than parameters.cut_off
rule 26 | active | 1 attempts | The erp entry for the invoice's purchase_order (erp.purchase
rule 27 | active | 1 attempts | No erp entry (in the erp source or in others) with the same 
=== 04:32:05
rule 17 | active | 1 attempts | The invoice's issuer_nif, normalised (uppercase, no spaces/h
rule 18 | active | 1 attempts | The invoice's iban, normalised (uppercase, no spaces), must 
rule 19 | active | 1 attempts | The invoice's purchase_order, normalised (uppercase, no spac
rule 20 | active | 1 attempts | The orders row for the invoice's purchase_order must have or
rule 21 | active | 1 attempts | The invoice's total must match the orders.total_amount of th
rule 22 | active | 1 attempts | The invoice's vat_amount must match base * vat_rate / 100 wi
rule 23 | active | 1 attempts | The invoice's total must match base + vat_amount within ±0.0
rule 24 | active | 1 attempts | The invoice's date must be a valid calendar date: it must pa
rule 25 | active | 1 attempts | The invoice's date must not be later than parameters.cut_off
rule 26 | active | 1 attempts | The erp entry for the invoice's purchase_order (erp.purchase
rule 27 | active | 1 attempts | No erp entry (in the erp source or in others) with the same 
=== 04:32:15
rule 17 | active | 1 attempts | The invoice's issuer_nif, normalised (uppercase, no spaces/h
rule 18 | active | 1 attempts | The invoice's iban, normalised (uppercase, no spaces), must 
rule 19 | active | 1 attempts | The invoice's purchase_order, normalised (uppercase, no spac
rule 20 | active | 1 attempts | The orders row for the invoice's purchase_order must have or
rule 21 | active | 1 attempts | The invoice's total must match the orders.total_amount of th
rule 22 | active | 1 attempts | The invoice's vat_amount must match base * vat_rate / 100 wi
rule 23 | active | 1 attempts | The invoice's total must match base + vat_amount within ±0.0
rule 24 | active | 1 attempts | The invoice's date must be a valid calendar date: it must pa
rule 25 | active | 1 attempts | The invoice's date must not be later than parameters.cut_off
rule 26 | active | 1 attempts | The erp entry for the invoice's purchase_order (erp.purchase
rule 27 | active | 1 attempts | No erp entry (in the erp source or in others) with the same 
=== 04:32:26
rule 17 | active | 1 attempts | The invoice's issuer_nif, normalised (uppercase, no spaces/h
rule 18 | active | 1 attempts | The invoice's iban, normalised (uppercase, no spaces), must 
rule 19 | active | 1 attempts | The invoice's purchase_order, normalised (uppercase, no spac
rule 20 | active | 1 attempts | The orders row for the invoice's purchase_order must have or
rule 21 | active | 1 attempts | The invoice's total must match the orders.total_amount of th
rule 22 | active | 1 attempts | The invoice's vat_amount must match base * vat_rate / 100 wi
rule 23 | active | 1 attempts | The invoice's total must match base + vat_amount within ±0.0
rule 24 | active | 1 attempts | The invoice's date must be a valid calendar date: it must pa
rule 25 | active | 1 attempts | The invoice's date must not be later than parameters.cut_off
rule 26 | active | 1 attempts | The erp entry for the invoice's purchase_order (erp.purchase
rule 27 | active | 1 attempts | No erp entry (in the erp source or in others) with the same 
=== 04:32:36
rule 17 | active | 1 attempts | The invoice's issuer_nif, normalised (uppercase, no spaces/h
rule 18 | active | 1 attempts | The invoice's iban, normalised (uppercase, no spaces), must 
rule 19 | active | 1 attempts | The invoice's purchase_order, normalised (uppercase, no spac
rule 20 | active | 1 attempts | The orders row for the invoice's purchase_order must have or
rule 21 | active | 1 attempts | The invoice's total must match the orders.total_amount of th
rule 22 | active | 1 attempts | The invoice's vat_amount must match base * vat_rate / 100 wi
rule 23 | active | 1 attempts | The invoice's total must match base + vat_amount within ±0.0
rule 24 | active | 1 attempts | The invoice's date must be a valid calendar date: it must pa
rule 25 | active | 1 attempts | The invoice's date must not be later than parameters.cut_off
rule 26 | active | 1 attempts | The erp entry for the invoice's purchase_order (erp.purchase
rule 27 | active | 1 attempts | No erp entry (in the erp source or in others) with the same 
=== 04:32:46
rule 17 | active | 1 attempts | The invoice's issuer_nif, normalised (uppercase, no spaces/h
rule 18 | active | 1 attempts | The invoice's iban, normalised (uppercase, no spaces), must 
rule 19 | active | 1 attempts | The invoice's purchase_order, normalised (uppercase, no spac
rule 20 | active | 1 attempts | The orders row for the invoice's purchase_order must have or
rule 21 | active | 1 attempts | The invoice's total must match the orders.total_amount of th
rule 22 | active | 1 attempts | The invoice's vat_amount must match base * vat_rate / 100 wi
rule 23 | active | 1 attempts | The invoice's total must match base + vat_amount within ±0.0
rule 24 | active | 1 attempts | The invoice's date must be a valid calendar date: it must pa
rule 25 | active | 1 attempts | The invoice's date must not be later than parameters.cut_off
rule 26 | active | 1 attempts | The erp entry for the invoice's purchase_order (erp.purchase
rule 27 | active | 1 attempts | No erp entry (in the erp source or in others) with the same 
=== 04:32:56
rule 17 | active | 1 attempts | The invoice's issuer_nif, normalised (uppercase, no spaces/h
rule 18 | active | 1 attempts | The invoice's iban, normalised (uppercase, no spaces), must 
rule 19 | active | 1 attempts | The invoice's purchase_order, normalised (uppercase, no spac
rule 20 | active | 1 attempts | The orders row for the invoice's purchase_order must have or
rule 21 | active | 1 attempts | The invoice's total must match the orders.total_amount of th
rule 22 | active | 1 attempts | The invoice's vat_amount must match base * vat_rate / 100 wi
rule 23 | active | 1 attempts | The invoice's total must match base + vat_amount within ±0.0
rule 24 | active | 1 attempts | The invoice's date must be a valid calendar date: it must pa
rule 25 | active | 1 attempts | The invoice's date must not be later than parameters.cut_off
rule 26 | active | 1 attempts | The erp entry for the invoice's purchase_order (erp.purchase
rule 27 | active | 1 attempts | No erp entry (in the erp source or in others) with the same 
=== 04:33:06
rule 17 | active | 1 attempts | The invoice's issuer_nif, normalised (uppercase, no spaces/h
rule 18 | active | 1 attempts | The invoice's iban, normalised (uppercase, no spaces), must 
rule 19 | active | 1 attempts | The invoice's purchase_order, normalised (uppercase, no spac
rule 20 | active | 1 attempts | The orders row for the invoice's purchase_order must have or
rule 21 | active | 1 attempts | The invoice's total must match the orders.total_amount of th
rule 22 | active | 1 attempts | The invoice's vat_amount must match base * vat_rate / 100 wi
rule 23 | active | 1 attempts | The invoice's total must match base + vat_amount within ±0.0
rule 24 | active | 1 attempts | The invoice's date must be a valid calendar date: it must pa
rule 25 | active | 1 attempts | The invoice's date must not be later than parameters.cut_off
rule 26 | active | 1 attempts | The erp entry for the invoice's purchase_order (erp.purchase
rule 27 | active | 1 attempts | No erp entry (in the erp source or in others) with the same 
=== 04:33:16
rule 17 | active | 1 attempts | The invoice's issuer_nif, normalised (uppercase, no spaces/h
rule 18 | active | 1 attempts | The invoice's iban, normalised (uppercase, no spaces), must 
rule 19 | active | 1 attempts | The invoice's purchase_order, normalised (uppercase, no spac
rule 20 | active | 1 attempts | The orders row for the invoice's purchase_order must have or
rule 21 | active | 1 attempts | The invoice's total must match the orders.total_amount of th
rule 22 | active | 1 attempts | The invoice's vat_amount must match base * vat_rate / 100 wi
rule 23 | active | 1 attempts | The invoice's total must match base + vat_amount within ±0.0
rule 24 | active | 1 attempts | The invoice's date must be a valid calendar date: it must pa
rule 25 | active | 1 attempts | The invoice's date must not be later than parameters.cut_off
rule 26 | active | 1 attempts | The erp entry for the invoice's purchase_order (erp.purchase
rule 27 | active | 1 attempts | No erp entry (in the erp source or in others) with the same 
=== 04:33:27
rule 17 | active | 1 attempts | The invoice's issuer_nif, normalised (uppercase, no spaces/h
rule 18 | active | 1 attempts | The invoice's iban, normalised (uppercase, no spaces), must 
rule 19 | active | 1 attempts | The invoice's purchase_order, normalised (uppercase, no spac
rule 20 | active | 1 attempts | The orders row for the invoice's purchase_order must have or
rule 21 | active | 1 attempts | The invoice's total must match the orders.total_amount of th
rule 22 | active | 1 attempts | The invoice's vat_amount must match base * vat_rate / 100 wi
rule 23 | active | 1 attempts | The invoice's total must match base + vat_amount within ±0.0
rule 24 | active | 1 attempts | The invoice's date must be a valid calendar date: it must pa
rule 25 | active | 1 attempts | The invoice's date must not be later than parameters.cut_off
rule 26 | active | 1 attempts | The erp entry for the invoice's purchase_order (erp.purchase
rule 27 | active | 1 attempts | No erp entry (in the erp source or in others) with the same 
=== 04:33:37
rule 17 | active | 1 attempts | The invoice's issuer_nif, normalised (uppercase, no spaces/h
rule 18 | active | 1 attempts | The invoice's iban, normalised (uppercase, no spaces), must 
rule 19 | active | 1 attempts | The invoice's purchase_order, normalised (uppercase, no spac
rule 20 | active | 1 attempts | The orders row for the invoice's purchase_order must have or
rule 21 | active | 1 attempts | The invoice's total must match the orders.total_amount of th
rule 22 | active | 1 attempts | The invoice's vat_amount must match base * vat_rate / 100 wi
rule 23 | active | 1 attempts | The invoice's total must match base + vat_amount within ±0.0
rule 24 | active | 1 attempts | The invoice's date must be a valid calendar date: it must pa
rule 25 | active | 1 attempts | The invoice's date must not be later than parameters.cut_off
rule 26 | active | 1 attempts | The erp entry for the invoice's purchase_order (erp.purchase
rule 27 | active | 1 attempts | No erp entry (in the erp source or in others) with the same 
=== 04:33:47
rule 17 | active | 1 attempts | The invoice's issuer_nif, normalised (uppercase, no spaces/h
rule 18 | active | 1 attempts | The invoice's iban, normalised (uppercase, no spaces), must 
rule 19 | active | 1 attempts | The invoice's purchase_order, normalised (uppercase, no spac
rule 20 | active | 1 attempts | The orders row for the invoice's purchase_order must have or
rule 21 | active | 1 attempts | The invoice's total must match the orders.total_amount of th
rule 22 | active | 1 attempts | The invoice's vat_amount must match base * vat_rate / 100 wi
rule 23 | active | 1 attempts | The invoice's total must match base + vat_amount within ±0.0
rule 24 | active | 1 attempts | The invoice's date must be a valid calendar date: it must pa
rule 25 | active | 1 attempts | The invoice's date must not be later than parameters.cut_off
rule 26 | active | 1 attempts | The erp entry for the invoice's purchase_order (erp.purchase
rule 27 | active | 1 attempts | No erp entry (in the erp source or in others) with the same 
=== 04:33:57
rule 17 | active | 1 attempts | The invoice's issuer_nif, normalised (uppercase, no spaces/h
rule 18 | active | 1 attempts | The invoice's iban, normalised (uppercase, no spaces), must 
rule 19 | active | 1 attempts | The invoice's purchase_order, normalised (uppercase, no spac
rule 20 | active | 1 attempts | The orders row for the invoice's purchase_order must have or
rule 21 | active | 1 attempts | The invoice's total must match the orders.total_amount of th
rule 22 | active | 1 attempts | The invoice's vat_amount must match base * vat_rate / 100 wi
rule 23 | active | 1 attempts | The invoice's total must match base + vat_amount within ±0.0
rule 24 | active | 1 attempts | The invoice's date must be a valid calendar date: it must pa
rule 25 | active | 1 attempts | The invoice's date must not be later than parameters.cut_off
rule 26 | active | 1 attempts | The erp entry for the invoice's purchase_order (erp.purchase
rule 27 | active | 1 attempts | No erp entry (in the erp source or in others) with the same 
=== 04:34:07
rule 17 | active | 1 attempts | The invoice's issuer_nif, normalised (uppercase, no spaces/h
rule 18 | active | 1 attempts | The invoice's iban, normalised (uppercase, no spaces), must 
rule 19 | active | 1 attempts | The invoice's purchase_order, normalised (uppercase, no spac
rule 20 | active | 1 attempts | The orders row for the invoice's purchase_order must have or
rule 21 | active | 1 attempts | The invoice's total must match the orders.total_amount of th
rule 22 | active | 1 attempts | The invoice's vat_amount must match base * vat_rate / 100 wi
rule 23 | active | 1 attempts | The invoice's total must match base + vat_amount within ±0.0
rule 24 | active | 1 attempts | The invoice's date must be a valid calendar date: it must pa
rule 25 | active | 1 attempts | The invoice's date must not be later than parameters.cut_off
rule 26 | active | 1 attempts | The erp entry for the invoice's purchase_order (erp.purchase
rule 27 | active | 1 attempts | No erp entry (in the erp source or in others) with the same 
=== 04:34:17
rule 17 | active | 1 attempts | The invoice's issuer_nif, normalised (uppercase, no spaces/h
rule 18 | active | 1 attempts | The invoice's iban, normalised (uppercase, no spaces), must 
rule 19 | active | 1 attempts | The invoice's purchase_order, normalised (uppercase, no spac
rule 20 | active | 1 attempts | The orders row for the invoice's purchase_order must have or
rule 21 | active | 1 attempts | The invoice's total must match the orders.total_amount of th
rule 22 | active | 1 attempts | The invoice's vat_amount must match base * vat_rate / 100 wi
rule 23 | active | 1 attempts | The invoice's total must match base + vat_amount within ±0.0
rule 24 | active | 1 attempts | The invoice's date must be a valid calendar date: it must pa
rule 25 | active | 1 attempts | The invoice's date must not be later than parameters.cut_off
rule 26 | active | 1 attempts | The erp entry for the invoice's purchase_order (erp.purchase
rule 27 | active | 1 attempts | No erp entry (in the erp source or in others) with the same 
=== 04:34:28
rule 17 | active | 1 attempts | The invoice's issuer_nif, normalised (uppercase, no spaces/h
rule 18 | active | 1 attempts | The invoice's iban, normalised (uppercase, no spaces), must 
rule 19 | active | 1 attempts | The invoice's purchase_order, normalised (uppercase, no spac
rule 20 | active | 1 attempts | The orders row for the invoice's purchase_order must have or
rule 21 | active | 1 attempts | The invoice's total must match the orders.total_amount of th
rule 22 | active | 1 attempts | The invoice's vat_amount must match base * vat_rate / 100 wi
rule 23 | active | 1 attempts | The invoice's total must match base + vat_amount within ±0.0
rule 24 | active | 1 attempts | The invoice's date must be a valid calendar date: it must pa
rule 25 | active | 1 attempts | The invoice's date must not be later than parameters.cut_off
rule 26 | active | 1 attempts | The erp entry for the invoice's purchase_order (erp.purchase
rule 27 | active | 1 attempts | No erp entry (in the erp source or in others) with the same 
=== 04:34:38
rule 17 | active | 1 attempts | The invoice's issuer_nif, normalised (uppercase, no spaces/h
rule 18 | active | 1 attempts | The invoice's iban, normalised (uppercase, no spaces), must 
rule 19 | active | 1 attempts | The invoice's purchase_order, normalised (uppercase, no spac
rule 20 | active | 1 attempts | The orders row for the invoice's purchase_order must have or
rule 21 | active | 1 attempts | The invoice's total must match the orders.total_amount of th
rule 22 | active | 1 attempts | The invoice's vat_amount must match base * vat_rate / 100 wi
rule 23 | active | 1 attempts | The invoice's total must match base + vat_amount within ±0.0
rule 24 | active | 1 attempts | The invoice's date must be a valid calendar date: it must pa
rule 25 | active | 1 attempts | The invoice's date must not be later than parameters.cut_off
rule 26 | active | 1 attempts | The erp entry for the invoice's purchase_order (erp.purchase
rule 27 | active | 1 attempts | No erp entry (in the erp source or in others) with the same 
=== 04:34:48
rule 17 | active | 1 attempts | The invoice's issuer_nif, normalised (uppercase, no spaces/h
rule 18 | active | 1 attempts | The invoice's iban, normalised (uppercase, no spaces), must 
rule 19 | active | 1 attempts | The invoice's purchase_order, normalised (uppercase, no spac
rule 20 | active | 1 attempts | The orders row for the invoice's purchase_order must have or
rule 21 | active | 1 attempts | The invoice's total must match the orders.total_amount of th
rule 22 | active | 1 attempts | The invoice's vat_amount must match base * vat_rate / 100 wi
rule 23 | active | 1 attempts | The invoice's total must match base + vat_amount within ±0.0
rule 24 | active | 1 attempts | The invoice's date must be a valid calendar date: it must pa
rule 25 | active | 1 attempts | The invoice's date must not be later than parameters.cut_off
rule 26 | active | 1 attempts | The erp entry for the invoice's purchase_order (erp.purchase
rule 27 | active | 1 attempts | No erp entry (in the erp source or in others) with the same 
=== 04:34:58
rule 17 | active | 1 attempts | The invoice's issuer_nif, normalised (uppercase, no spaces/h
rule 18 | active | 1 attempts | The invoice's iban, normalised (uppercase, no spaces), must 
rule 19 | active | 1 attempts | The invoice's purchase_order, normalised (uppercase, no spac
rule 20 | active | 1 attempts | The orders row for the invoice's purchase_order must have or
rule 21 | active | 1 attempts | The invoice's total must match the orders.total_amount of th
rule 22 | active | 1 attempts | The invoice's vat_amount must match base * vat_rate / 100 wi
rule 23 | active | 1 attempts | The invoice's total must match base + vat_amount within ±0.0
rule 24 | active | 1 attempts | The invoice's date must be a valid calendar date: it must pa
rule 25 | active | 1 attempts | The invoice's date must not be later than parameters.cut_off
rule 26 | active | 1 attempts | The erp entry for the invoice's purchase_order (erp.purchase
rule 27 | active | 1 attempts | No erp entry (in the erp source or in others) with the same 
=== 04:35:08
rule 17 | active | 1 attempts | The invoice's issuer_nif, normalised (uppercase, no spaces/h
rule 18 | active | 1 attempts | The invoice's iban, normalised (uppercase, no spaces), must 
rule 19 | active | 1 attempts | The invoice's purchase_order, normalised (uppercase, no spac
rule 20 | active | 1 attempts | The orders row for the invoice's purchase_order must have or
rule 21 | active | 1 attempts | The invoice's total must match the orders.total_amount of th
rule 22 | active | 1 attempts | The invoice's vat_amount must match base * vat_rate / 100 wi
rule 23 | active | 1 attempts | The invoice's total must match base + vat_amount within ±0.0
rule 24 | active | 1 attempts | The invoice's date must be a valid calendar date: it must pa
rule 25 | active | 1 attempts | The invoice's date must not be later than parameters.cut_off
rule 26 | active | 1 attempts | The erp entry for the invoice's purchase_order (erp.purchase
rule 27 | active | 1 attempts | No erp entry (in the erp source or in others) with the same 
=== 04:35:18
rule 17 | active | 1 attempts | The invoice's issuer_nif, normalised (uppercase, no spaces/h
rule 18 | active | 1 attempts | The invoice's iban, normalised (uppercase, no spaces), must 
rule 19 | active | 1 attempts | The invoice's purchase_order, normalised (uppercase, no spac
rule 20 | active | 1 attempts | The orders row for the invoice's purchase_order must have or
rule 21 | active | 1 attempts | The invoice's total must match the orders.total_amount of th
rule 22 | active | 1 attempts | The invoice's vat_amount must match base * vat_rate / 100 wi
rule 23 | active | 1 attempts | The invoice's total must match base + vat_amount within ±0.0
rule 24 | active | 1 attempts | The invoice's date must be a valid calendar date: it must pa
rule 25 | active | 1 attempts | The invoice's date must not be later than parameters.cut_off
rule 26 | active | 1 attempts | The erp entry for the invoice's purchase_order (erp.purchase
rule 27 | active | 1 attempts | No erp entry (in the erp source or in others) with the same 
=== 04:35:29
rule 17 | active | 1 attempts | The invoice's issuer_nif, normalised (uppercase, no spaces/h
rule 18 | active | 1 attempts | The invoice's iban, normalised (uppercase, no spaces), must 
rule 19 | active | 1 attempts | The invoice's purchase_order, normalised (uppercase, no spac
rule 20 | active | 1 attempts | The orders row for the invoice's purchase_order must have or
rule 21 | active | 1 attempts | The invoice's total must match the orders.total_amount of th
rule 22 | active | 1 attempts | The invoice's vat_amount must match base * vat_rate / 100 wi
rule 23 | active | 1 attempts | The invoice's total must match base + vat_amount within ±0.0
rule 24 | active | 1 attempts | The invoice's date must be a valid calendar date: it must pa
rule 25 | active | 1 attempts | The invoice's date must not be later than parameters.cut_off
rule 26 | active | 1 attempts | The erp entry for the invoice's purchase_order (erp.purchase
rule 27 | active | 1 attempts | No erp entry (in the erp source or in others) with the same 
=== 04:35:39
rule 17 | active | 1 attempts | The invoice's issuer_nif, normalised (uppercase, no spaces/h
rule 18 | active | 1 attempts | The invoice's iban, normalised (uppercase, no spaces), must 
rule 19 | active | 1 attempts | The invoice's purchase_order, normalised (uppercase, no spac
rule 20 | active | 1 attempts | The orders row for the invoice's purchase_order must have or
rule 21 | active | 1 attempts | The invoice's total must match the orders.total_amount of th
rule 22 | active | 1 attempts | The invoice's vat_amount must match base * vat_rate / 100 wi
rule 23 | active | 1 attempts | The invoice's total must match base + vat_amount within ±0.0
rule 24 | active | 1 attempts | The invoice's date must be a valid calendar date: it must pa
rule 25 | active | 1 attempts | The invoice's date must not be later than parameters.cut_off
rule 26 | active | 1 attempts | The erp entry for the invoice's purchase_order (erp.purchase
rule 27 | active | 1 attempts | No erp entry (in the erp source or in others) with the same 
=== 04:35:49
rule 17 | active | 1 attempts | The invoice's issuer_nif, normalised (uppercase, no spaces/h
rule 18 | active | 1 attempts | The invoice's iban, normalised (uppercase, no spaces), must 
rule 19 | active | 1 attempts | The invoice's purchase_order, normalised (uppercase, no spac
rule 20 | active | 1 attempts | The orders row for the invoice's purchase_order must have or
rule 21 | active | 1 attempts | The invoice's total must match the orders.total_amount of th
rule 22 | active | 1 attempts | The invoice's vat_amount must match base * vat_rate / 100 wi
rule 23 | active | 1 attempts | The invoice's total must match base + vat_amount within ±0.0
rule 24 | active | 1 attempts | The invoice's date must be a valid calendar date: it must pa
rule 25 | active | 1 attempts | The invoice's date must not be later than parameters.cut_off
rule 26 | active | 1 attempts | The erp entry for the invoice's purchase_order (erp.purchase
rule 27 | active | 1 attempts | No erp entry (in the erp source or in others) with the same 
=== 04:35:59
rule 17 | active | 1 attempts | The invoice's issuer_nif, normalised (uppercase, no spaces/h
rule 18 | active | 1 attempts | The invoice's iban, normalised (uppercase, no spaces), must 
rule 19 | active | 1 attempts | The invoice's purchase_order, normalised (uppercase, no spac
rule 20 | active | 1 attempts | The orders row for the invoice's purchase_order must have or
rule 21 | active | 1 attempts | The invoice's total must match the orders.total_amount of th
rule 22 | active | 1 attempts | The invoice's vat_amount must match base * vat_rate / 100 wi
rule 23 | active | 1 attempts | The invoice's total must match base + vat_amount within ±0.0
rule 24 | active | 1 attempts | The invoice's date must be a valid calendar date: it must pa
rule 25 | active | 1 attempts | The invoice's date must not be later than parameters.cut_off
rule 26 | active | 1 attempts | The erp entry for the invoice's purchase_order (erp.purchase
rule 27 | active | 1 attempts | No erp entry (in the erp source or in others) with the same 
=== 04:36:09
rule 17 | active | 1 attempts | The invoice's issuer_nif, normalised (uppercase, no spaces/h
rule 18 | active | 1 attempts | The invoice's iban, normalised (uppercase, no spaces), must 
rule 19 | active | 1 attempts | The invoice's purchase_order, normalised (uppercase, no spac
rule 20 | active | 1 attempts | The orders row for the invoice's purchase_order must have or
rule 21 | active | 1 attempts | The invoice's total must match the orders.total_amount of th
rule 22 | active | 1 attempts | The invoice's vat_amount must match base * vat_rate / 100 wi
rule 23 | active | 1 attempts | The invoice's total must match base + vat_amount within ±0.0
rule 24 | active | 1 attempts | The invoice's date must be a valid calendar date: it must pa
rule 25 | active | 1 attempts | The invoice's date must not be later than parameters.cut_off
rule 26 | active | 1 attempts | The erp entry for the invoice's purchase_order (erp.purchase
rule 27 | active | 1 attempts | No erp entry (in the erp source or in others) with the same 
=== 04:36:19
rule 17 | active | 1 attempts | The invoice's issuer_nif, normalised (uppercase, no spaces/h
rule 18 | active | 1 attempts | The invoice's iban, normalised (uppercase, no spaces), must 
rule 19 | active | 1 attempts | The invoice's purchase_order, normalised (uppercase, no spac
rule 20 | active | 1 attempts | The orders row for the invoice's purchase_order must have or
rule 21 | active | 1 attempts | The invoice's total must match the orders.total_amount of th
rule 22 | active | 1 attempts | The invoice's vat_amount must match base * vat_rate / 100 wi
rule 23 | active | 1 attempts | The invoice's total must match base + vat_amount within ±0.0
rule 24 | active | 1 attempts | The invoice's date must be a valid calendar date: it must pa
rule 25 | active | 1 attempts | The invoice's date must not be later than parameters.cut_off
rule 26 | active | 1 attempts | The erp entry for the invoice's purchase_order (erp.purchase
rule 27 | active | 1 attempts | No erp entry (in the erp source or in others) with the same 
=== 04:36:30
rule 17 | active | 1 attempts | The invoice's issuer_nif, normalised (uppercase, no spaces/h
rule 18 | active | 1 attempts | The invoice's iban, normalised (uppercase, no spaces), must 
rule 19 | active | 1 attempts | The invoice's purchase_order, normalised (uppercase, no spac
rule 20 | active | 1 attempts | The orders row for the invoice's purchase_order must have or
rule 21 | active | 1 attempts | The invoice's total must match the orders.total_amount of th
rule 22 | active | 1 attempts | The invoice's vat_amount must match base * vat_rate / 100 wi
rule 23 | active | 1 attempts | The invoice's total must match base + vat_amount within ±0.0
rule 24 | active | 1 attempts | The invoice's date must be a valid calendar date: it must pa
rule 25 | active | 1 attempts | The invoice's date must not be later than parameters.cut_off
rule 26 | active | 1 attempts | The erp entry for the invoice's purchase_order (erp.purchase
rule 27 | active | 1 attempts | No erp entry (in the erp source or in others) with the same 
=== 04:36:40
rule 17 | active | 1 attempts | The invoice's issuer_nif, normalised (uppercase, no spaces/h
rule 18 | active | 1 attempts | The invoice's iban, normalised (uppercase, no spaces), must 
rule 19 | active | 1 attempts | The invoice's purchase_order, normalised (uppercase, no spac
rule 20 | active | 1 attempts | The orders row for the invoice's purchase_order must have or
rule 21 | active | 1 attempts | The invoice's total must match the orders.total_amount of th
rule 22 | active | 1 attempts | The invoice's vat_amount must match base * vat_rate / 100 wi
rule 23 | active | 1 attempts | The invoice's total must match base + vat_amount within ±0.0
rule 24 | active | 1 attempts | The invoice's date must be a valid calendar date: it must pa
rule 25 | active | 1 attempts | The invoice's date must not be later than parameters.cut_off
rule 26 | active | 1 attempts | The erp entry for the invoice's purchase_order (erp.purchase
rule 27 | active | 1 attempts | No erp entry (in the erp source or in others) with the same 
=== 04:36:50
rule 17 | active | 1 attempts | The invoice's issuer_nif, normalised (uppercase, no spaces/h
rule 18 | active | 1 attempts | The invoice's iban, normalised (uppercase, no spaces), must 
rule 19 | active | 1 attempts | The invoice's purchase_order, normalised (uppercase, no spac
rule 20 | active | 1 attempts | The orders row for the invoice's purchase_order must have or
rule 21 | active | 1 attempts | The invoice's total must match the orders.total_amount of th
rule 22 | active | 1 attempts | The invoice's vat_amount must match base * vat_rate / 100 wi
rule 23 | active | 1 attempts | The invoice's total must match base + vat_amount within ±0.0
rule 24 | active | 1 attempts | The invoice's date must be a valid calendar date: it must pa
rule 25 | active | 1 attempts | The invoice's date must not be later than parameters.cut_off
rule 26 | active | 1 attempts | The erp entry for the invoice's purchase_order (erp.purchase
rule 27 | active | 1 attempts | No erp entry (in the erp source or in others) with the same 
=== 04:37:00
rule 17 | active | 1 attempts | The invoice's issuer_nif, normalised (uppercase, no spaces/h
rule 18 | active | 1 attempts | The invoice's iban, normalised (uppercase, no spaces), must 
rule 19 | active | 1 attempts | The invoice's purchase_order, normalised (uppercase, no spac
rule 20 | active | 1 attempts | The orders row for the invoice's purchase_order must have or
rule 21 | active | 1 attempts | The invoice's total must match the orders.total_amount of th
rule 22 | active | 1 attempts | The invoice's vat_amount must match base * vat_rate / 100 wi
rule 23 | active | 1 attempts | The invoice's total must match base + vat_amount within ±0.0
rule 24 | active | 1 attempts | The invoice's date must be a valid calendar date: it must pa
rule 25 | active | 1 attempts | The invoice's date must not be later than parameters.cut_off
rule 26 | active | 1 attempts | The erp entry for the invoice's purchase_order (erp.purchase
rule 27 | active | 1 attempts | No erp entry (in the erp source or in others) with the same 
=== 04:37:10
rule 17 | active | 1 attempts | The invoice's issuer_nif, normalised (uppercase, no spaces/h
rule 18 | active | 1 attempts | The invoice's iban, normalised (uppercase, no spaces), must 
rule 19 | active | 1 attempts | The invoice's purchase_order, normalised (uppercase, no spac
rule 20 | active | 1 attempts | The orders row for the invoice's purchase_order must have or
rule 21 | active | 1 attempts | The invoice's total must match the orders.total_amount of th
rule 22 | active | 1 attempts | The invoice's vat_amount must match base * vat_rate / 100 wi
rule 23 | active | 1 attempts | The invoice's total must match base + vat_amount within ±0.0
rule 24 | active | 1 attempts | The invoice's date must be a valid calendar date: it must pa
rule 25 | active | 1 attempts | The invoice's date must not be later than parameters.cut_off
rule 26 | active | 1 attempts | The erp entry for the invoice's purchase_order (erp.purchase
rule 27 | active | 1 attempts | No erp entry (in the erp source or in others) with the same 
=== 04:37:20
rule 17 | active | 1 attempts | The invoice's issuer_nif, normalised (uppercase, no spaces/h
rule 18 | active | 1 attempts | The invoice's iban, normalised (uppercase, no spaces), must 
rule 19 | active | 1 attempts | The invoice's purchase_order, normalised (uppercase, no spac
rule 20 | active | 1 attempts | The orders row for the invoice's purchase_order must have or
rule 21 | active | 1 attempts | The invoice's total must match the orders.total_amount of th
rule 22 | active | 1 attempts | The invoice's vat_amount must match base * vat_rate / 100 wi
rule 23 | active | 1 attempts | The invoice's total must match base + vat_amount within ±0.0
rule 24 | active | 1 attempts | The invoice's date must be a valid calendar date: it must pa
rule 25 | active | 1 attempts | The invoice's date must not be later than parameters.cut_off
rule 26 | active | 1 attempts | The erp entry for the invoice's purchase_order (erp.purchase
rule 27 | active | 1 attempts | No erp entry (in the erp source or in others) with the same 
=== 04:37:31
rule 17 | active | 1 attempts | The invoice's issuer_nif, normalised (uppercase, no spaces/h
rule 18 | active | 1 attempts | The invoice's iban, normalised (uppercase, no spaces), must 
rule 19 | active | 1 attempts | The invoice's purchase_order, normalised (uppercase, no spac
rule 20 | active | 1 attempts | The orders row for the invoice's purchase_order must have or
rule 21 | active | 1 attempts | The invoice's total must match the orders.total_amount of th
rule 22 | active | 1 attempts | The invoice's vat_amount must match base * vat_rate / 100 wi
rule 23 | active | 1 attempts | The invoice's total must match base + vat_amount within ±0.0
rule 24 | active | 1 attempts | The invoice's date must be a valid calendar date: it must pa
rule 25 | active | 1 attempts | The invoice's date must not be later than parameters.cut_off
rule 26 | active | 1 attempts | The erp entry for the invoice's purchase_order (erp.purchase
rule 27 | active | 1 attempts | No erp entry (in the erp source or in others) with the same 
=== 04:37:41
rule 17 | active | 1 attempts | The invoice's issuer_nif, normalised (uppercase, no spaces/h
rule 18 | active | 1 attempts | The invoice's iban, normalised (uppercase, no spaces), must 
rule 19 | active | 1 attempts | The invoice's purchase_order, normalised (uppercase, no spac
rule 20 | active | 1 attempts | The orders row for the invoice's purchase_order must have or
rule 21 | active | 1 attempts | The invoice's total must match the orders.total_amount of th
rule 22 | active | 1 attempts | The invoice's vat_amount must match base * vat_rate / 100 wi
rule 23 | active | 1 attempts | The invoice's total must match base + vat_amount within ±0.0
rule 24 | active | 1 attempts | The invoice's date must be a valid calendar date: it must pa
rule 25 | active | 1 attempts | The invoice's date must not be later than parameters.cut_off
rule 26 | active | 1 attempts | The erp entry for the invoice's purchase_order (erp.purchase
rule 27 | active | 1 attempts | No erp entry (in the erp source or in others) with the same 
=== 04:37:51
rule 17 | active | 1 attempts | The invoice's issuer_nif, normalised (uppercase, no spaces/h
rule 18 | active | 1 attempts | The invoice's iban, normalised (uppercase, no spaces), must 
rule 19 | active | 1 attempts | The invoice's purchase_order, normalised (uppercase, no spac
rule 20 | active | 1 attempts | The orders row for the invoice's purchase_order must have or
rule 21 | active | 1 attempts | The invoice's total must match the orders.total_amount of th
rule 22 | active | 1 attempts | The invoice's vat_amount must match base * vat_rate / 100 wi
rule 23 | active | 1 attempts | The invoice's total must match base + vat_amount within ±0.0
rule 24 | active | 1 attempts | The invoice's date must be a valid calendar date: it must pa
rule 25 | active | 1 attempts | The invoice's date must not be later than parameters.cut_off
rule 26 | active | 1 attempts | The erp entry for the invoice's purchase_order (erp.purchase
rule 27 | active | 1 attempts | No erp entry (in the erp source or in others) with the same 
=== 04:38:01
rule 17 | active | 1 attempts | The invoice's issuer_nif, normalised (uppercase, no spaces/h
rule 18 | active | 1 attempts | The invoice's iban, normalised (uppercase, no spaces), must 
rule 19 | active | 1 attempts | The invoice's purchase_order, normalised (uppercase, no spac
rule 20 | active | 1 attempts | The orders row for the invoice's purchase_order must have or
rule 21 | active | 1 attempts | The invoice's total must match the orders.total_amount of th
rule 22 | active | 1 attempts | The invoice's vat_amount must match base * vat_rate / 100 wi
rule 23 | active | 1 attempts | The invoice's total must match base + vat_amount within ±0.0
rule 24 | active | 1 attempts | The invoice's date must be a valid calendar date: it must pa
rule 25 | active | 1 attempts | The invoice's date must not be later than parameters.cut_off
rule 26 | active | 1 attempts | The erp entry for the invoice's purchase_order (erp.purchase
rule 27 | active | 1 attempts | No erp entry (in the erp source or in others) with the same 
=== 04:38:11
rule 17 | active | 1 attempts | The invoice's issuer_nif, normalised (uppercase, no spaces/h
rule 18 | active | 1 attempts | The invoice's iban, normalised (uppercase, no spaces), must 
rule 19 | active | 1 attempts | The invoice's purchase_order, normalised (uppercase, no spac
rule 20 | active | 1 attempts | The orders row for the invoice's purchase_order must have or
rule 21 | active | 1 attempts | The invoice's total must match the orders.total_amount of th
rule 22 | active | 1 attempts | The invoice's vat_amount must match base * vat_rate / 100 wi
rule 23 | active | 1 attempts | The invoice's total must match base + vat_amount within ±0.0
rule 24 | active | 1 attempts | The invoice's date must be a valid calendar date: it must pa
rule 25 | active | 1 attempts | The invoice's date must not be later than parameters.cut_off
rule 26 | active | 1 attempts | The erp entry for the invoice's purchase_order (erp.purchase
rule 27 | active | 1 attempts | No erp entry (in the erp source or in others) with the same 
=== 04:38:21
rule 17 | active | 1 attempts | The invoice's issuer_nif, normalised (uppercase, no spaces/h
rule 18 | active | 1 attempts | The invoice's iban, normalised (uppercase, no spaces), must 
rule 19 | active | 1 attempts | The invoice's purchase_order, normalised (uppercase, no spac
rule 20 | active | 1 attempts | The orders row for the invoice's purchase_order must have or
rule 21 | active | 1 attempts | The invoice's total must match the orders.total_amount of th
rule 22 | active | 1 attempts | The invoice's vat_amount must match base * vat_rate / 100 wi
rule 23 | active | 1 attempts | The invoice's total must match base + vat_amount within ±0.0
rule 24 | active | 1 attempts | The invoice's date must be a valid calendar date: it must pa
rule 25 | active | 1 attempts | The invoice's date must not be later than parameters.cut_off
rule 26 | active | 1 attempts | The erp entry for the invoice's purchase_order (erp.purchase
rule 27 | active | 1 attempts | No erp entry (in the erp source or in others) with the same 
=== 04:38:31
rule 17 | active | 1 attempts | The invoice's issuer_nif, normalised (uppercase, no spaces/h
rule 18 | active | 1 attempts | The invoice's iban, normalised (uppercase, no spaces), must 
rule 19 | active | 1 attempts | The invoice's purchase_order, normalised (uppercase, no spac
rule 20 | active | 1 attempts | The orders row for the invoice's purchase_order must have or
rule 21 | active | 1 attempts | The invoice's total must match the orders.total_amount of th
rule 22 | active | 1 attempts | The invoice's vat_amount must match base * vat_rate / 100 wi
rule 23 | active | 1 attempts | The invoice's total must match base + vat_amount within ±0.0
rule 24 | active | 1 attempts | The invoice's date must be a valid calendar date: it must pa
rule 25 | active | 1 attempts | The invoice's date must not be later than parameters.cut_off
rule 26 | active | 1 attempts | The erp entry for the invoice's purchase_order (erp.purchase
rule 27 | active | 1 attempts | No erp entry (in the erp source or in others) with the same 
=== 04:38:42
rule 17 | active | 1 attempts | The invoice's issuer_nif, normalised (uppercase, no spaces/h
rule 18 | active | 1 attempts | The invoice's iban, normalised (uppercase, no spaces), must 
rule 19 | active | 1 attempts | The invoice's purchase_order, normalised (uppercase, no spac
rule 20 | active | 1 attempts | The orders row for the invoice's purchase_order must have or
rule 21 | active | 1 attempts | The invoice's total must match the orders.total_amount of th
rule 22 | active | 1 attempts | The invoice's vat_amount must match base * vat_rate / 100 wi
rule 23 | active | 1 attempts | The invoice's total must match base + vat_amount within ±0.0
rule 24 | active | 1 attempts | The invoice's date must be a valid calendar date: it must pa
rule 25 | active | 1 attempts | The invoice's date must not be later than parameters.cut_off
rule 26 | active | 1 attempts | The erp entry for the invoice's purchase_order (erp.purchase
rule 27 | active | 1 attempts | No erp entry (in the erp source or in others) with the same 
=== 04:38:52
rule 17 | active | 1 attempts | The invoice's issuer_nif, normalised (uppercase, no spaces/h
rule 18 | active | 1 attempts | The invoice's iban, normalised (uppercase, no spaces), must 
rule 19 | active | 1 attempts | The invoice's purchase_order, normalised (uppercase, no spac
rule 20 | active | 1 attempts | The orders row for the invoice's purchase_order must have or
rule 21 | active | 1 attempts | The invoice's total must match the orders.total_amount of th
rule 22 | active | 1 attempts | The invoice's vat_amount must match base * vat_rate / 100 wi
rule 23 | active | 1 attempts | The invoice's total must match base + vat_amount within ±0.0
rule 24 | active | 1 attempts | The invoice's date must be a valid calendar date: it must pa
rule 25 | active | 1 attempts | The invoice's date must not be later than parameters.cut_off
rule 26 | active | 1 attempts | The erp entry for the invoice's purchase_order (erp.purchase
rule 27 | active | 1 attempts | No erp entry (in the erp source or in others) with the same 
=== 04:39:02
rule 17 | active | 1 attempts | The invoice's issuer_nif, normalised (uppercase, no spaces/h
rule 18 | active | 1 attempts | The invoice's iban, normalised (uppercase, no spaces), must 
rule 19 | active | 1 attempts | The invoice's purchase_order, normalised (uppercase, no spac
rule 20 | active | 1 attempts | The orders row for the invoice's purchase_order must have or
rule 21 | active | 1 attempts | The invoice's total must match the orders.total_amount of th
rule 22 | active | 1 attempts | The invoice's vat_amount must match base * vat_rate / 100 wi
rule 23 | active | 1 attempts | The invoice's total must match base + vat_amount within ±0.0
rule 24 | active | 1 attempts | The invoice's date must be a valid calendar date: it must pa
rule 25 | active | 1 attempts | The invoice's date must not be later than parameters.cut_off
rule 26 | active | 1 attempts | The erp entry for the invoice's purchase_order (erp.purchase
rule 27 | active | 1 attempts | No erp entry (in the erp source or in others) with the same 
=== 04:39:12
rule 17 | active | 1 attempts | The invoice's issuer_nif, normalised (uppercase, no spaces/h
rule 18 | active | 1 attempts | The invoice's iban, normalised (uppercase, no spaces), must 
rule 19 | active | 1 attempts | The invoice's purchase_order, normalised (uppercase, no spac
rule 20 | active | 1 attempts | The orders row for the invoice's purchase_order must have or
rule 21 | active | 1 attempts | The invoice's total must match the orders.total_amount of th
rule 22 | active | 1 attempts | The invoice's vat_amount must match base * vat_rate / 100 wi
rule 23 | active | 1 attempts | The invoice's total must match base + vat_amount within ±0.0
rule 24 | active | 1 attempts | The invoice's date must be a valid calendar date: it must pa
rule 25 | active | 1 attempts | The invoice's date must not be later than parameters.cut_off
rule 26 | active | 1 attempts | The erp entry for the invoice's purchase_order (erp.purchase
rule 27 | active | 1 attempts | No erp entry (in the erp source or in others) with the same 
=== 04:39:22
rule 17 | active | 1 attempts | The invoice's issuer_nif, normalised (uppercase, no spaces/h
rule 18 | active | 1 attempts | The invoice's iban, normalised (uppercase, no spaces), must 
rule 19 | active | 1 attempts | The invoice's purchase_order, normalised (uppercase, no spac
rule 20 | active | 1 attempts | The orders row for the invoice's purchase_order must have or
rule 21 | active | 1 attempts | The invoice's total must match the orders.total_amount of th
rule 22 | active | 1 attempts | The invoice's vat_amount must match base * vat_rate / 100 wi
rule 23 | active | 1 attempts | The invoice's total must match base + vat_amount within ±0.0
rule 24 | active | 1 attempts | The invoice's date must be a valid calendar date: it must pa
rule 25 | active | 1 attempts | The invoice's date must not be later than parameters.cut_off
rule 26 | active | 1 attempts | The erp entry for the invoice's purchase_order (erp.purchase
rule 27 | active | 1 attempts | No erp entry (in the erp source or in others) with the same 
=== 04:39:32
rule 17 | active | 1 attempts | The invoice's issuer_nif, normalised (uppercase, no spaces/h
rule 18 | active | 1 attempts | The invoice's iban, normalised (uppercase, no spaces), must 
rule 19 | active | 1 attempts | The invoice's purchase_order, normalised (uppercase, no spac
rule 20 | active | 1 attempts | The orders row for the invoice's purchase_order must have or
rule 21 | active | 1 attempts | The invoice's total must match the orders.total_amount of th
rule 22 | active | 1 attempts | The invoice's vat_amount must match base * vat_rate / 100 wi
rule 23 | active | 1 attempts | The invoice's total must match base + vat_amount within ±0.0
rule 24 | active | 1 attempts | The invoice's date must be a valid calendar date: it must pa
rule 25 | active | 1 attempts | The invoice's date must not be later than parameters.cut_off
rule 26 | active | 1 attempts | The erp entry for the invoice's purchase_order (erp.purchase
rule 27 | active | 1 attempts | No erp entry (in the erp source or in others) with the same 
=== 04:39:43
rule 17 | active | 1 attempts | The invoice's issuer_nif, normalised (uppercase, no spaces/h
rule 18 | active | 1 attempts | The invoice's iban, normalised (uppercase, no spaces), must 
rule 19 | active | 1 attempts | The invoice's purchase_order, normalised (uppercase, no spac
rule 20 | active | 1 attempts | The orders row for the invoice's purchase_order must have or
rule 21 | active | 1 attempts | The invoice's total must match the orders.total_amount of th
rule 22 | active | 1 attempts | The invoice's vat_amount must match base * vat_rate / 100 wi
rule 23 | active | 1 attempts | The invoice's total must match base + vat_amount within ±0.0
rule 24 | active | 1 attempts | The invoice's date must be a valid calendar date: it must pa
rule 25 | active | 1 attempts | The invoice's date must not be later than parameters.cut_off
rule 26 | active | 1 attempts | The erp entry for the invoice's purchase_order (erp.purchase
rule 27 | active | 1 attempts | No erp entry (in the erp source or in others) with the same 
=== 04:39:53
rule 17 | active | 1 attempts | The invoice's issuer_nif, normalised (uppercase, no spaces/h
rule 18 | active | 1 attempts | The invoice's iban, normalised (uppercase, no spaces), must 
rule 19 | active | 1 attempts | The invoice's purchase_order, normalised (uppercase, no spac
rule 20 | active | 1 attempts | The orders row for the invoice's purchase_order must have or
rule 21 | active | 1 attempts | The invoice's total must match the orders.total_amount of th
rule 22 | active | 1 attempts | The invoice's vat_amount must match base * vat_rate / 100 wi
rule 23 | active | 1 attempts | The invoice's total must match base + vat_amount within ±0.0
rule 24 | active | 1 attempts | The invoice's date must be a valid calendar date: it must pa
rule 25 | active | 1 attempts | The invoice's date must not be later than parameters.cut_off
rule 26 | active | 1 attempts | The erp entry for the invoice's purchase_order (erp.purchase
rule 27 | active | 1 attempts | No erp entry (in the erp source or in others) with the same 
=== 04:40:03
rule 17 | active | 1 attempts | The invoice's issuer_nif, normalised (uppercase, no spaces/h
rule 18 | active | 1 attempts | The invoice's iban, normalised (uppercase, no spaces), must 
rule 19 | active | 1 attempts | The invoice's purchase_order, normalised (uppercase, no spac
rule 20 | active | 1 attempts | The orders row for the invoice's purchase_order must have or
rule 21 | active | 1 attempts | The invoice's total must match the orders.total_amount of th
rule 22 | active | 1 attempts | The invoice's vat_amount must match base * vat_rate / 100 wi
rule 23 | active | 1 attempts | The invoice's total must match base + vat_amount within ±0.0
rule 24 | active | 1 attempts | The invoice's date must be a valid calendar date: it must pa
rule 25 | active | 1 attempts | The invoice's date must not be later than parameters.cut_off
rule 26 | active | 1 attempts | The erp entry for the invoice's purchase_order (erp.purchase
rule 27 | active | 1 attempts | No erp entry (in the erp source or in others) with the same 
=== 04:40:13
rule 17 | active | 1 attempts | The invoice's issuer_nif, normalised (uppercase, no spaces/h
rule 18 | active | 1 attempts | The invoice's iban, normalised (uppercase, no spaces), must 
rule 19 | active | 1 attempts | The invoice's purchase_order, normalised (uppercase, no spac
rule 20 | active | 1 attempts | The orders row for the invoice's purchase_order must have or
rule 21 | active | 1 attempts | The invoice's total must match the orders.total_amount of th
rule 22 | active | 1 attempts | The invoice's vat_amount must match base * vat_rate / 100 wi
rule 23 | active | 1 attempts | The invoice's total must match base + vat_amount within ±0.0
rule 24 | active | 1 attempts | The invoice's date must be a valid calendar date: it must pa
rule 25 | active | 1 attempts | The invoice's date must not be later than parameters.cut_off
rule 26 | active | 1 attempts | The erp entry for the invoice's purchase_order (erp.purchase
rule 27 | active | 1 attempts | No erp entry (in the erp source or in others) with the same 
=== 04:40:23
rule 17 | active | 1 attempts | The invoice's issuer_nif, normalised (uppercase, no spaces/h
rule 18 | active | 1 attempts | The invoice's iban, normalised (uppercase, no spaces), must 
rule 19 | active | 1 attempts | The invoice's purchase_order, normalised (uppercase, no spac
rule 20 | active | 1 attempts | The orders row for the invoice's purchase_order must have or
rule 21 | active | 1 attempts | The invoice's total must match the orders.total_amount of th
rule 22 | active | 1 attempts | The invoice's vat_amount must match base * vat_rate / 100 wi
rule 23 | active | 1 attempts | The invoice's total must match base + vat_amount within ±0.0
rule 24 | active | 1 attempts | The invoice's date must be a valid calendar date: it must pa
rule 25 | active | 1 attempts | The invoice's date must not be later than parameters.cut_off
rule 26 | active | 1 attempts | The erp entry for the invoice's purchase_order (erp.purchase
rule 27 | active | 1 attempts | No erp entry (in the erp source or in others) with the same 
=== 04:40:34
rule 17 | active | 1 attempts | The invoice's issuer_nif, normalised (uppercase, no spaces/h
rule 18 | active | 1 attempts | The invoice's iban, normalised (uppercase, no spaces), must 
rule 19 | active | 1 attempts | The invoice's purchase_order, normalised (uppercase, no spac
rule 20 | active | 1 attempts | The orders row for the invoice's purchase_order must have or
rule 21 | active | 1 attempts | The invoice's total must match the orders.total_amount of th
rule 22 | active | 1 attempts | The invoice's vat_amount must match base * vat_rate / 100 wi
rule 23 | active | 1 attempts | The invoice's total must match base + vat_amount within ±0.0
rule 24 | active | 1 attempts | The invoice's date must be a valid calendar date: it must pa
rule 25 | active | 1 attempts | The invoice's date must not be later than parameters.cut_off
rule 26 | active | 1 attempts | The erp entry for the invoice's purchase_order (erp.purchase
rule 27 | active | 1 attempts | No erp entry (in the erp source or in others) with the same 
=== 04:40:44
rule 17 | active | 1 attempts | The invoice's issuer_nif, normalised (uppercase, no spaces/h
rule 18 | active | 1 attempts | The invoice's iban, normalised (uppercase, no spaces), must 
rule 19 | active | 1 attempts | The invoice's purchase_order, normalised (uppercase, no spac
rule 20 | active | 1 attempts | The orders row for the invoice's purchase_order must have or
rule 21 | active | 1 attempts | The invoice's total must match the orders.total_amount of th
rule 22 | active | 1 attempts | The invoice's vat_amount must match base * vat_rate / 100 wi
rule 23 | active | 1 attempts | The invoice's total must match base + vat_amount within ±0.0
rule 24 | active | 1 attempts | The invoice's date must be a valid calendar date: it must pa
rule 25 | active | 1 attempts | The invoice's date must not be later than parameters.cut_off
rule 26 | active | 1 attempts | The erp entry for the invoice's purchase_order (erp.purchase
rule 27 | active | 1 attempts | No erp entry (in the erp source or in others) with the same 
=== 04:40:54
rule 17 | active | 1 attempts | The invoice's issuer_nif, normalised (uppercase, no spaces/h
rule 18 | active | 1 attempts | The invoice's iban, normalised (uppercase, no spaces), must 
rule 19 | active | 1 attempts | The invoice's purchase_order, normalised (uppercase, no spac
rule 20 | active | 1 attempts | The orders row for the invoice's purchase_order must have or
rule 21 | active | 1 attempts | The invoice's total must match the orders.total_amount of th
rule 22 | active | 1 attempts | The invoice's vat_amount must match base * vat_rate / 100 wi
rule 23 | active | 1 attempts | The invoice's total must match base + vat_amount within ±0.0
rule 24 | active | 1 attempts | The invoice's date must be a valid calendar date: it must pa
rule 25 | active | 1 attempts | The invoice's date must not be later than parameters.cut_off
rule 26 | active | 1 attempts | The erp entry for the invoice's purchase_order (erp.purchase
rule 27 | active | 1 attempts | No erp entry (in the erp source or in others) with the same 
=== 04:41:04
rule 17 | active | 1 attempts | The invoice's issuer_nif, normalised (uppercase, no spaces/h
rule 18 | active | 1 attempts | The invoice's iban, normalised (uppercase, no spaces), must 
rule 19 | active | 1 attempts | The invoice's purchase_order, normalised (uppercase, no spac
rule 20 | active | 1 attempts | The orders row for the invoice's purchase_order must have or
rule 21 | active | 1 attempts | The invoice's total must match the orders.total_amount of th
rule 22 | active | 1 attempts | The invoice's vat_amount must match base * vat_rate / 100 wi
rule 23 | active | 1 attempts | The invoice's total must match base + vat_amount within ±0.0
rule 24 | active | 1 attempts | The invoice's date must be a valid calendar date: it must pa
rule 25 | active | 1 attempts | The invoice's date must not be later than parameters.cut_off
rule 26 | active | 1 attempts | The erp entry for the invoice's purchase_order (erp.purchase
rule 27 | active | 1 attempts | No erp entry (in the erp source or in others) with the same 
=== 04:41:14
rule 17 | active | 1 attempts | The invoice's issuer_nif, normalised (uppercase, no spaces/h
rule 18 | active | 1 attempts | The invoice's iban, normalised (uppercase, no spaces), must 
rule 19 | active | 1 attempts | The invoice's purchase_order, normalised (uppercase, no spac
rule 20 | active | 1 attempts | The orders row for the invoice's purchase_order must have or
rule 21 | active | 1 attempts | The invoice's total must match the orders.total_amount of th
rule 22 | active | 1 attempts | The invoice's vat_amount must match base * vat_rate / 100 wi
rule 23 | active | 1 attempts | The invoice's total must match base + vat_amount within ±0.0
rule 24 | active | 1 attempts | The invoice's date must be a valid calendar date: it must pa
rule 25 | active | 1 attempts | The invoice's date must not be later than parameters.cut_off
rule 26 | active | 1 attempts | The erp entry for the invoice's purchase_order (erp.purchase
rule 27 | active | 1 attempts | No erp entry (in the erp source or in others) with the same 
=== 04:41:24
rule 17 | active | 1 attempts | The invoice's issuer_nif, normalised (uppercase, no spaces/h
rule 18 | active | 1 attempts | The invoice's iban, normalised (uppercase, no spaces), must 
rule 19 | active | 1 attempts | The invoice's purchase_order, normalised (uppercase, no spac
rule 20 | active | 1 attempts | The orders row for the invoice's purchase_order must have or
rule 21 | active | 1 attempts | The invoice's total must match the orders.total_amount of th
rule 22 | active | 1 attempts | The invoice's vat_amount must match base * vat_rate / 100 wi
rule 23 | active | 1 attempts | The invoice's total must match base + vat_amount within ±0.0
rule 24 | active | 1 attempts | The invoice's date must be a valid calendar date: it must pa
rule 25 | active | 1 attempts | The invoice's date must not be later than parameters.cut_off
rule 26 | active | 1 attempts | The erp entry for the invoice's purchase_order (erp.purchase
rule 27 | active | 1 attempts | No erp entry (in the erp source or in others) with the same 
=== 04:41:35
rule 17 | active | 1 attempts | The invoice's issuer_nif, normalised (uppercase, no spaces/h
rule 18 | active | 1 attempts | The invoice's iban, normalised (uppercase, no spaces), must 
rule 19 | active | 1 attempts | The invoice's purchase_order, normalised (uppercase, no spac
rule 20 | active | 1 attempts | The orders row for the invoice's purchase_order must have or
rule 21 | active | 1 attempts | The invoice's total must match the orders.total_amount of th
rule 22 | active | 1 attempts | The invoice's vat_amount must match base * vat_rate / 100 wi
rule 23 | active | 1 attempts | The invoice's total must match base + vat_amount within ±0.0
rule 24 | active | 1 attempts | The invoice's date must be a valid calendar date: it must pa
rule 25 | active | 1 attempts | The invoice's date must not be later than parameters.cut_off
rule 26 | active | 1 attempts | The erp entry for the invoice's purchase_order (erp.purchase
rule 27 | active | 1 attempts | No erp entry (in the erp source or in others) with the same 
=== 04:41:45
rule 17 | active | 1 attempts | The invoice's issuer_nif, normalised (uppercase, no spaces/h
rule 18 | active | 1 attempts | The invoice's iban, normalised (uppercase, no spaces), must 
rule 19 | active | 1 attempts | The invoice's purchase_order, normalised (uppercase, no spac
rule 20 | active | 1 attempts | The orders row for the invoice's purchase_order must have or
rule 21 | active | 1 attempts | The invoice's total must match the orders.total_amount of th
rule 22 | active | 1 attempts | The invoice's vat_amount must match base * vat_rate / 100 wi
rule 23 | active | 1 attempts | The invoice's total must match base + vat_amount within ±0.0
rule 24 | active | 1 attempts | The invoice's date must be a valid calendar date: it must pa
rule 25 | active | 1 attempts | The invoice's date must not be later than parameters.cut_off
rule 26 | active | 1 attempts | The erp entry for the invoice's purchase_order (erp.purchase
rule 27 | active | 1 attempts | No erp entry (in the erp source or in others) with the same 
=== 04:41:55
rule 17 | active | 1 attempts | The invoice's issuer_nif, normalised (uppercase, no spaces/h
rule 18 | active | 1 attempts | The invoice's iban, normalised (uppercase, no spaces), must 
rule 19 | active | 1 attempts | The invoice's purchase_order, normalised (uppercase, no spac
rule 20 | active | 1 attempts | The orders row for the invoice's purchase_order must have or
rule 21 | active | 1 attempts | The invoice's total must match the orders.total_amount of th
rule 22 | active | 1 attempts | The invoice's vat_amount must match base * vat_rate / 100 wi
rule 23 | active | 1 attempts | The invoice's total must match base + vat_amount within ±0.0
rule 24 | active | 1 attempts | The invoice's date must be a valid calendar date: it must pa
rule 25 | active | 1 attempts | The invoice's date must not be later than parameters.cut_off
rule 26 | active | 1 attempts | The erp entry for the invoice's purchase_order (erp.purchase
rule 27 | active | 1 attempts | No erp entry (in the erp source or in others) with the same 
=== 04:42:05
rule 17 | active | 1 attempts | The invoice's issuer_nif, normalised (uppercase, no spaces/h
rule 18 | active | 1 attempts | The invoice's iban, normalised (uppercase, no spaces), must 
rule 19 | active | 1 attempts | The invoice's purchase_order, normalised (uppercase, no spac
rule 20 | active | 1 attempts | The orders row for the invoice's purchase_order must have or
rule 21 | active | 1 attempts | The invoice's total must match the orders.total_amount of th
rule 22 | active | 1 attempts | The invoice's vat_amount must match base * vat_rate / 100 wi
rule 23 | active | 1 attempts | The invoice's total must match base + vat_amount within ±0.0
rule 24 | active | 1 attempts | The invoice's date must be a valid calendar date: it must pa
rule 25 | active | 1 attempts | The invoice's date must not be later than parameters.cut_off
rule 26 | active | 1 attempts | The erp entry for the invoice's purchase_order (erp.purchase
rule 27 | active | 1 attempts | No erp entry (in the erp source or in others) with the same 
=== 04:42:15
rule 17 | active | 1 attempts | The invoice's issuer_nif, normalised (uppercase, no spaces/h
rule 18 | active | 1 attempts | The invoice's iban, normalised (uppercase, no spaces), must 
rule 19 | active | 1 attempts | The invoice's purchase_order, normalised (uppercase, no spac
rule 20 | active | 1 attempts | The orders row for the invoice's purchase_order must have or
rule 21 | active | 1 attempts | The invoice's total must match the orders.total_amount of th
rule 22 | active | 1 attempts | The invoice's vat_amount must match base * vat_rate / 100 wi
rule 23 | active | 1 attempts | The invoice's total must match base + vat_amount within ±0.0
rule 24 | active | 1 attempts | The invoice's date must be a valid calendar date: it must pa
rule 25 | active | 1 attempts | The invoice's date must not be later than parameters.cut_off
rule 26 | active | 1 attempts | The erp entry for the invoice's purchase_order (erp.purchase
rule 27 | active | 1 attempts | No erp entry (in the erp source or in others) with the same 
=== 04:42:25
rule 17 | active | 1 attempts | The invoice's issuer_nif, normalised (uppercase, no spaces/h
rule 18 | active | 1 attempts | The invoice's iban, normalised (uppercase, no spaces), must 
rule 19 | active | 1 attempts | The invoice's purchase_order, normalised (uppercase, no spac
rule 20 | active | 1 attempts | The orders row for the invoice's purchase_order must have or
rule 21 | active | 1 attempts | The invoice's total must match the orders.total_amount of th
rule 22 | active | 1 attempts | The invoice's vat_amount must match base * vat_rate / 100 wi
rule 23 | active | 1 attempts | The invoice's total must match base + vat_amount within ±0.0
rule 24 | active | 1 attempts | The invoice's date must be a valid calendar date: it must pa
rule 25 | active | 1 attempts | The invoice's date must not be later than parameters.cut_off
rule 26 | active | 1 attempts | The erp entry for the invoice's purchase_order (erp.purchase
rule 27 | active | 1 attempts | No erp entry (in the erp source or in others) with the same 
=== 04:42:36
rule 17 | active | 1 attempts | The invoice's issuer_nif, normalised (uppercase, no spaces/h
rule 18 | active | 1 attempts | The invoice's iban, normalised (uppercase, no spaces), must 
rule 19 | active | 1 attempts | The invoice's purchase_order, normalised (uppercase, no spac
rule 20 | active | 1 attempts | The orders row for the invoice's purchase_order must have or
rule 21 | active | 1 attempts | The invoice's total must match the orders.total_amount of th
rule 22 | active | 1 attempts | The invoice's vat_amount must match base * vat_rate / 100 wi
rule 23 | active | 1 attempts | The invoice's total must match base + vat_amount within ±0.0
rule 24 | active | 1 attempts | The invoice's date must be a valid calendar date: it must pa
rule 25 | active | 1 attempts | The invoice's date must not be later than parameters.cut_off
rule 26 | active | 1 attempts | The erp entry for the invoice's purchase_order (erp.purchase
rule 27 | active | 1 attempts | No erp entry (in the erp source or in others) with the same 
=== 04:42:46
rule 17 | active | 1 attempts | The invoice's issuer_nif, normalised (uppercase, no spaces/h
rule 18 | active | 1 attempts | The invoice's iban, normalised (uppercase, no spaces), must 
rule 19 | active | 1 attempts | The invoice's purchase_order, normalised (uppercase, no spac
rule 20 | active | 1 attempts | The orders row for the invoice's purchase_order must have or
rule 21 | active | 1 attempts | The invoice's total must match the orders.total_amount of th
rule 22 | active | 1 attempts | The invoice's vat_amount must match base * vat_rate / 100 wi
rule 23 | active | 1 attempts | The invoice's total must match base + vat_amount within ±0.0
rule 24 | active | 1 attempts | The invoice's date must be a valid calendar date: it must pa
rule 25 | active | 1 attempts | The invoice's date must not be later than parameters.cut_off
rule 26 | active | 1 attempts | The erp entry for the invoice's purchase_order (erp.purchase
rule 27 | active | 1 attempts | No erp entry (in the erp source or in others) with the same 
=== 04:42:56
rule 17 | active | 1 attempts | The invoice's issuer_nif, normalised (uppercase, no spaces/h
rule 18 | active | 1 attempts | The invoice's iban, normalised (uppercase, no spaces), must 
rule 19 | active | 1 attempts | The invoice's purchase_order, normalised (uppercase, no spac
rule 20 | active | 1 attempts | The orders row for the invoice's purchase_order must have or
rule 21 | active | 1 attempts | The invoice's total must match the orders.total_amount of th
rule 22 | active | 1 attempts | The invoice's vat_amount must match base * vat_rate / 100 wi
rule 23 | active | 1 attempts | The invoice's total must match base + vat_amount within ±0.0
rule 24 | active | 1 attempts | The invoice's date must be a valid calendar date: it must pa
rule 25 | active | 1 attempts | The invoice's date must not be later than parameters.cut_off
rule 26 | active | 1 attempts | The erp entry for the invoice's purchase_order (erp.purchase
rule 27 | active | 1 attempts | No erp entry (in the erp source or in others) with the same 
=== 04:43:06
rule 17 | active | 1 attempts | The invoice's issuer_nif, normalised (uppercase, no spaces/h
rule 18 | active | 1 attempts | The invoice's iban, normalised (uppercase, no spaces), must 
rule 19 | active | 1 attempts | The invoice's purchase_order, normalised (uppercase, no spac
rule 20 | active | 1 attempts | The orders row for the invoice's purchase_order must have or
rule 21 | active | 1 attempts | The invoice's total must match the orders.total_amount of th
rule 22 | active | 1 attempts | The invoice's vat_amount must match base * vat_rate / 100 wi
rule 23 | active | 1 attempts | The invoice's total must match base + vat_amount within ±0.0
rule 24 | active | 1 attempts | The invoice's date must be a valid calendar date: it must pa
rule 25 | active | 1 attempts | The invoice's date must not be later than parameters.cut_off
rule 26 | active | 1 attempts | The erp entry for the invoice's purchase_order (erp.purchase
rule 27 | active | 1 attempts | No erp entry (in the erp source or in others) with the same 
=== 04:43:16
rule 17 | active | 1 attempts | The invoice's issuer_nif, normalised (uppercase, no spaces/h
rule 18 | active | 1 attempts | The invoice's iban, normalised (uppercase, no spaces), must 
rule 19 | active | 1 attempts | The invoice's purchase_order, normalised (uppercase, no spac
rule 20 | active | 1 attempts | The orders row for the invoice's purchase_order must have or
rule 21 | active | 1 attempts | The invoice's total must match the orders.total_amount of th
rule 22 | active | 1 attempts | The invoice's vat_amount must match base * vat_rate / 100 wi
rule 23 | active | 1 attempts | The invoice's total must match base + vat_amount within ±0.0
rule 24 | active | 1 attempts | The invoice's date must be a valid calendar date: it must pa
rule 25 | active | 1 attempts | The invoice's date must not be later than parameters.cut_off
rule 26 | active | 1 attempts | The erp entry for the invoice's purchase_order (erp.purchase
rule 27 | active | 1 attempts | No erp entry (in the erp source or in others) with the same 
=== 04:43:26
rule 17 | active | 1 attempts | The invoice's issuer_nif, normalised (uppercase, no spaces/h
rule 18 | active | 1 attempts | The invoice's iban, normalised (uppercase, no spaces), must 
rule 19 | active | 1 attempts | The invoice's purchase_order, normalised (uppercase, no spac
rule 20 | active | 1 attempts | The orders row for the invoice's purchase_order must have or
rule 21 | active | 1 attempts | The invoice's total must match the orders.total_amount of th
rule 22 | active | 1 attempts | The invoice's vat_amount must match base * vat_rate / 100 wi
rule 23 | active | 1 attempts | The invoice's total must match base + vat_amount within ±0.0
rule 24 | active | 1 attempts | The invoice's date must be a valid calendar date: it must pa
rule 25 | active | 1 attempts | The invoice's date must not be later than parameters.cut_off
rule 26 | active | 1 attempts | The erp entry for the invoice's purchase_order (erp.purchase
rule 27 | active | 1 attempts | No erp entry (in the erp source or in others) with the same 
=== 04:43:37
rule 17 | active | 1 attempts | The invoice's issuer_nif, normalised (uppercase, no spaces/h
rule 18 | active | 1 attempts | The invoice's iban, normalised (uppercase, no spaces), must 
rule 19 | active | 1 attempts | The invoice's purchase_order, normalised (uppercase, no spac
rule 20 | active | 1 attempts | The orders row for the invoice's purchase_order must have or
rule 21 | active | 1 attempts | The invoice's total must match the orders.total_amount of th
rule 22 | active | 1 attempts | The invoice's vat_amount must match base * vat_rate / 100 wi
rule 23 | active | 1 attempts | The invoice's total must match base + vat_amount within ±0.0
rule 24 | active | 1 attempts | The invoice's date must be a valid calendar date: it must pa
rule 25 | active | 1 attempts | The invoice's date must not be later than parameters.cut_off
rule 26 | active | 1 attempts | The erp entry for the invoice's purchase_order (erp.purchase
rule 27 | active | 1 attempts | No erp entry (in the erp source or in others) with the same 
=== 04:43:47
rule 17 | active | 1 attempts | The invoice's issuer_nif, normalised (uppercase, no spaces/h
rule 18 | active | 1 attempts | The invoice's iban, normalised (uppercase, no spaces), must 
rule 19 | active | 1 attempts | The invoice's purchase_order, normalised (uppercase, no spac
rule 20 | active | 1 attempts | The orders row for the invoice's purchase_order must have or
rule 21 | active | 1 attempts | The invoice's total must match the orders.total_amount of th
rule 22 | active | 1 attempts | The invoice's vat_amount must match base * vat_rate / 100 wi
rule 23 | active | 1 attempts | The invoice's total must match base + vat_amount within ±0.0
rule 24 | active | 1 attempts | The invoice's date must be a valid calendar date: it must pa
rule 25 | active | 1 attempts | The invoice's date must not be later than parameters.cut_off
rule 26 | active | 1 attempts | The erp entry for the invoice's purchase_order (erp.purchase
rule 27 | active | 1 attempts | No erp entry (in the erp source or in others) with the same 
=== 04:43:57
rule 17 | active | 1 attempts | The invoice's issuer_nif, normalised (uppercase, no spaces/h
rule 18 | active | 1 attempts | The invoice's iban, normalised (uppercase, no spaces), must 
rule 19 | active | 1 attempts | The invoice's purchase_order, normalised (uppercase, no spac
rule 20 | active | 1 attempts | The orders row for the invoice's purchase_order must have or
rule 21 | active | 1 attempts | The invoice's total must match the orders.total_amount of th
rule 22 | active | 1 attempts | The invoice's vat_amount must match base * vat_rate / 100 wi
rule 23 | active | 1 attempts | The invoice's total must match base + vat_amount within ±0.0
rule 24 | active | 1 attempts | The invoice's date must be a valid calendar date: it must pa
rule 25 | active | 1 attempts | The invoice's date must not be later than parameters.cut_off
rule 26 | active | 1 attempts | The erp entry for the invoice's purchase_order (erp.purchase
rule 27 | active | 1 attempts | No erp entry (in the erp source or in others) with the same 
=== 04:44:07
rule 17 | active | 1 attempts | The invoice's issuer_nif, normalised (uppercase, no spaces/h
rule 18 | active | 1 attempts | The invoice's iban, normalised (uppercase, no spaces), must 
rule 19 | active | 1 attempts | The invoice's purchase_order, normalised (uppercase, no spac
rule 20 | active | 1 attempts | The orders row for the invoice's purchase_order must have or
rule 21 | active | 1 attempts | The invoice's total must match the orders.total_amount of th
rule 22 | active | 1 attempts | The invoice's vat_amount must match base * vat_rate / 100 wi
rule 23 | active | 1 attempts | The invoice's total must match base + vat_amount within ±0.0
rule 24 | active | 1 attempts | The invoice's date must be a valid calendar date: it must pa
rule 25 | active | 1 attempts | The invoice's date must not be later than parameters.cut_off
rule 26 | active | 1 attempts | The erp entry for the invoice's purchase_order (erp.purchase
rule 27 | active | 1 attempts | No erp entry (in the erp source or in others) with the same 
=== 04:44:17
rule 17 | active | 1 attempts | The invoice's issuer_nif, normalised (uppercase, no spaces/h
rule 18 | active | 1 attempts | The invoice's iban, normalised (uppercase, no spaces), must 
rule 19 | active | 1 attempts | The invoice's purchase_order, normalised (uppercase, no spac
rule 20 | active | 1 attempts | The orders row for the invoice's purchase_order must have or
rule 21 | active | 1 attempts | The invoice's total must match the orders.total_amount of th
rule 22 | active | 1 attempts | The invoice's vat_amount must match base * vat_rate / 100 wi
rule 23 | active | 1 attempts | The invoice's total must match base + vat_amount within ±0.0
rule 24 | active | 1 attempts | The invoice's date must be a valid calendar date: it must pa
rule 25 | active | 1 attempts | The invoice's date must not be later than parameters.cut_off
rule 26 | active | 1 attempts | The erp entry for the invoice's purchase_order (erp.purchase
rule 27 | active | 1 attempts | No erp entry (in the erp source or in others) with the same 
=== 04:44:27
rule 17 | active | 1 attempts | The invoice's issuer_nif, normalised (uppercase, no spaces/h
rule 18 | active | 1 attempts | The invoice's iban, normalised (uppercase, no spaces), must 
rule 19 | active | 1 attempts | The invoice's purchase_order, normalised (uppercase, no spac
rule 20 | active | 1 attempts | The orders row for the invoice's purchase_order must have or
rule 21 | active | 1 attempts | The invoice's total must match the orders.total_amount of th
rule 22 | active | 1 attempts | The invoice's vat_amount must match base * vat_rate / 100 wi
rule 23 | active | 1 attempts | The invoice's total must match base + vat_amount within ±0.0
rule 24 | active | 1 attempts | The invoice's date must be a valid calendar date: it must pa
rule 25 | active | 1 attempts | The invoice's date must not be later than parameters.cut_off
rule 26 | active | 1 attempts | The erp entry for the invoice's purchase_order (erp.purchase
rule 27 | active | 1 attempts | No erp entry (in the erp source or in others) with the same 
=== 04:44:38
rule 17 | active | 1 attempts | The invoice's issuer_nif, normalised (uppercase, no spaces/h
rule 18 | active | 1 attempts | The invoice's iban, normalised (uppercase, no spaces), must 
rule 19 | active | 1 attempts | The invoice's purchase_order, normalised (uppercase, no spac
rule 20 | active | 1 attempts | The orders row for the invoice's purchase_order must have or
rule 21 | active | 1 attempts | The invoice's total must match the orders.total_amount of th
rule 22 | active | 1 attempts | The invoice's vat_amount must match base * vat_rate / 100 wi
rule 23 | active | 1 attempts | The invoice's total must match base + vat_amount within ±0.0
rule 24 | active | 1 attempts | The invoice's date must be a valid calendar date: it must pa
rule 25 | active | 1 attempts | The invoice's date must not be later than parameters.cut_off
rule 26 | active | 1 attempts | The erp entry for the invoice's purchase_order (erp.purchase
rule 27 | active | 1 attempts | No erp entry (in the erp source or in others) with the same 
=== 04:44:48
rule 17 | active | 1 attempts | The invoice's issuer_nif, normalised (uppercase, no spaces/h
rule 18 | active | 1 attempts | The invoice's iban, normalised (uppercase, no spaces), must 
rule 19 | active | 1 attempts | The invoice's purchase_order, normalised (uppercase, no spac
rule 20 | active | 1 attempts | The orders row for the invoice's purchase_order must have or
rule 21 | active | 1 attempts | The invoice's total must match the orders.total_amount of th
rule 22 | active | 1 attempts | The invoice's vat_amount must match base * vat_rate / 100 wi
rule 23 | active | 1 attempts | The invoice's total must match base + vat_amount within ±0.0
rule 24 | active | 1 attempts | The invoice's date must be a valid calendar date: it must pa
rule 25 | active | 1 attempts | The invoice's date must not be later than parameters.cut_off
rule 26 | active | 1 attempts | The erp entry for the invoice's purchase_order (erp.purchase
rule 27 | active | 1 attempts | No erp entry (in the erp source or in others) with the same 
=== 04:44:58
rule 17 | active | 1 attempts | The invoice's issuer_nif, normalised (uppercase, no spaces/h
rule 18 | active | 1 attempts | The invoice's iban, normalised (uppercase, no spaces), must 
rule 19 | active | 1 attempts | The invoice's purchase_order, normalised (uppercase, no spac
rule 20 | active | 1 attempts | The orders row for the invoice's purchase_order must have or
rule 21 | active | 1 attempts | The invoice's total must match the orders.total_amount of th
rule 22 | active | 1 attempts | The invoice's vat_amount must match base * vat_rate / 100 wi
rule 23 | active | 1 attempts | The invoice's total must match base + vat_amount within ±0.0
rule 24 | active | 1 attempts | The invoice's date must be a valid calendar date: it must pa
rule 25 | active | 1 attempts | The invoice's date must not be later than parameters.cut_off
rule 26 | active | 1 attempts | The erp entry for the invoice's purchase_order (erp.purchase
rule 27 | active | 1 attempts | No erp entry (in the erp source or in others) with the same 
=== 04:45:08
rule 17 | active | 1 attempts | The invoice's issuer_nif, normalised (uppercase, no spaces/h
rule 18 | active | 1 attempts | The invoice's iban, normalised (uppercase, no spaces), must 
rule 19 | active | 1 attempts | The invoice's purchase_order, normalised (uppercase, no spac
rule 20 | active | 1 attempts | The orders row for the invoice's purchase_order must have or
rule 21 | active | 1 attempts | The invoice's total must match the orders.total_amount of th
rule 22 | active | 1 attempts | The invoice's vat_amount must match base * vat_rate / 100 wi
rule 23 | active | 1 attempts | The invoice's total must match base + vat_amount within ±0.0
rule 24 | active | 1 attempts | The invoice's date must be a valid calendar date: it must pa
rule 25 | active | 1 attempts | The invoice's date must not be later than parameters.cut_off
rule 26 | active | 1 attempts | The erp entry for the invoice's purchase_order (erp.purchase
rule 27 | active | 1 attempts | No erp entry (in the erp source or in others) with the same 
=== 04:45:18
rule 17 | active | 1 attempts | The invoice's issuer_nif, normalised (uppercase, no spaces/h
rule 18 | active | 1 attempts | The invoice's iban, normalised (uppercase, no spaces), must 
rule 19 | active | 1 attempts | The invoice's purchase_order, normalised (uppercase, no spac
rule 20 | active | 1 attempts | The orders row for the invoice's purchase_order must have or
rule 21 | active | 1 attempts | The invoice's total must match the orders.total_amount of th
rule 22 | active | 1 attempts | The invoice's vat_amount must match base * vat_rate / 100 wi
rule 23 | active | 1 attempts | The invoice's total must match base + vat_amount within ±0.0
rule 24 | active | 1 attempts | The invoice's date must be a valid calendar date: it must pa
rule 25 | active | 1 attempts | The invoice's date must not be later than parameters.cut_off
rule 26 | active | 1 attempts | The erp entry for the invoice's purchase_order (erp.purchase
rule 27 | active | 1 attempts | No erp entry (in the erp source or in others) with the same 
=== 04:45:28
rule 17 | active | 1 attempts | The invoice's issuer_nif, normalised (uppercase, no spaces/h
rule 18 | active | 1 attempts | The invoice's iban, normalised (uppercase, no spaces), must 
rule 19 | active | 1 attempts | The invoice's purchase_order, normalised (uppercase, no spac
rule 20 | active | 1 attempts | The orders row for the invoice's purchase_order must have or
rule 21 | active | 1 attempts | The invoice's total must match the orders.total_amount of th
rule 22 | active | 1 attempts | The invoice's vat_amount must match base * vat_rate / 100 wi
rule 23 | active | 1 attempts | The invoice's total must match base + vat_amount within ±0.0
rule 24 | active | 1 attempts | The invoice's date must be a valid calendar date: it must pa
rule 25 | active | 1 attempts | The invoice's date must not be later than parameters.cut_off
rule 26 | active | 1 attempts | The erp entry for the invoice's purchase_order (erp.purchase
rule 27 | active | 1 attempts | No erp entry (in the erp source or in others) with the same 
ERROR:  column "latency_ms" does not exist
LINE 3:            latency_ms||'ms', (data->>'input_tokens')||' in',...
                   ^
